Plot Title: EC_01,,,,,,,,,
#,"Date Time, GMT-05:00","Low Range, μS/cm (LGR S/N: 20636125, SEN S/N: 20636125)",fullrange,"Temp, °C (LGR S/N: 20636125, SEN S/N: 20636125)",Coupler Detached (LGR S/N: 20636125),Coupler Attached (LGR S/N: 20636125),Host Connected (LGR S/N: 20636125),Stopped (LGR S/N: 20636125),End Of File (LGR S/N: 20636125)
1,7/12/2022 10:00,8.9,,9.34,Logged,,,,
2,7/12/2022 10:15,8.4,,9.67,,,,,
3,7/12/2022 10:30,8.4,,10,,,,,
4,7/12/2022 10:45,8.4,,10.16,,,,,
5,7/12/2022 11:00,8.4,,10.16,,,,,
6,7/12/2022 11:15,8.4,,10.3,,,,,
7,7/12/2022 11:30,8.3,,10.47,,,,,
8,7/12/2022 11:45,8.3,,10.69,,,,,
9,7/12/2022 12:00,8.4,,11.24,,,,,
10,7/12/2022 12:15,8.4,,11.62,,,,,
11,7/12/2022 12:30,8.5,,12.11,,,,,
12,7/12/2022 12:45,8.5,,12.84,,,,,
13,7/12/2022 13:00,8.7,,13.46,,,,,
14,7/12/2022 13:15,8.5,,13.24,,,,,
15,7/12/2022 13:30,8.5,,13.24,,,,,
16,7/12/2022 13:45,8.5,,13.32,,,,,
17,7/12/2022 14:00,8.5,,13.58,,,,,
18,7/12/2022 14:15,8.5,,13.49,,,,,
19,7/12/2022 14:30,8.5,,13.44,,,,,
20,7/12/2022 14:45,8.4,,13.38,,,,,
21,7/12/2022 15:00,8.4,,13.32,,,,,
22,7/12/2022 15:15,8.4,,13.71,,,,,
23,7/12/2022 15:30,8.5,,13.91,,,,,
24,7/12/2022 15:45,8.4,,13.79,,,,,
25,7/12/2022 16:00,8.4,,13.73,,,,,
26,7/12/2022 16:15,8.4,,13.69,,,,,
27,7/12/2022 16:30,8.5,,13.77,,,,,
28,7/12/2022 16:45,8.4,,13.83,,,,,
29,7/12/2022 17:00,8.4,,13.77,,,,,
30,7/12/2022 17:15,8.4,,13.55,,,,,
31,7/12/2022 17:30,8.4,,13.25,,,,,
32,7/12/2022 17:45,8.4,,12.92,,,,,
33,7/12/2022 18:00,8.4,,12.56,,,,,
34,7/12/2022 18:15,8.3,,12.3,,,,,
35,7/12/2022 18:30,8.4,,12.06,,,,,
36,7/12/2022 18:45,8.5,,11.93,,,,,
37,7/12/2022 19:00,8.4,,11.78,,,,,
38,7/12/2022 19:15,8.5,,11.66,,,,,
39,7/12/2022 19:30,8.6,,11.55,,,,,
40,7/12/2022 19:45,8.5,,11.38,,,,,
41,7/12/2022 20:00,8.6,,11.28,,,,,
42,7/12/2022 20:15,8.6,,11.21,,,,,
43,7/12/2022 20:30,8.6,,11.13,,,,,
44,7/12/2022 20:45,8.8,,11.06,,,,,
45,7/12/2022 21:00,8.8,,10.99,,,,,
46,7/12/2022 21:15,8.8,,10.89,,,,,
47,7/12/2022 21:30,8.8,,10.81,,,,,
48,7/12/2022 21:45,8.8,,10.73,,,,,
49,7/12/2022 22:00,8.8,,10.63,,,,,
50,7/12/2022 22:15,8.8,,10.56,,,,,
51,7/12/2022 22:30,8.8,,10.47,,,,,
52,7/12/2022 22:45,8.8,,10.39,,,,,
53,7/12/2022 23:00,8.8,,10.32,,,,,
54,7/12/2022 23:15,8.8,,10.24,,,,,
55,7/12/2022 23:30,8.9,,10.18,,,,,
56,7/12/2022 23:45,8.9,,10.11,,,,,
57,7/13/2022 0:00,8.9,,10.03,,,,,
58,7/13/2022 0:15,8.9,,9.98,,,,,
59,7/13/2022 0:30,8.9,,9.94,,,,,
60,7/13/2022 0:45,8.9,,9.87,,,,,
61,7/13/2022 1:00,8.9,,9.82,,,,,
62,7/13/2022 1:15,8.9,,9.77,,,,,
63,7/13/2022 1:30,8.9,,9.71,,,,,
64,7/13/2022 1:45,8.9,,9.63,,,,,
65,7/13/2022 2:00,8.9,,9.57,,,,,
66,7/13/2022 2:15,8.9,,9.51,,,,,
67,7/13/2022 2:30,8.9,,9.45,,,,,
68,7/13/2022 2:45,8.9,,9.41,,,,,
69,7/13/2022 3:00,8.9,,9.34,,,,,
70,7/13/2022 3:15,8.9,,9.29,,,,,
71,7/13/2022 3:30,8.9,,9.24,,,,,
72,7/13/2022 3:45,8.9,,9.14,,,,,
73,7/13/2022 4:00,8.8,,9.06,,,,,
74,7/13/2022 4:15,8.9,,9.01,,,,,
75,7/13/2022 4:30,8.9,,8.97,,,,,
76,7/13/2022 4:45,8.9,,8.92,,,,,
77,7/13/2022 5:00,8.9,,8.87,,,,,
78,7/13/2022 5:15,8.9,,8.79,,,,,
79,7/13/2022 5:30,8.8,,8.69,,,,,
80,7/13/2022 5:45,8.8,,8.6,,,,,
81,7/13/2022 6:00,8.9,,8.52,,,,,
82,7/13/2022 6:15,8.9,,8.48,,,,,
83,7/13/2022 6:30,8.8,,8.43,,,,,
84,7/13/2022 6:45,8.8,,8.43,,,,,
85,7/13/2022 7:00,8.8,,8.42,,,,,
86,7/13/2022 7:15,8.8,,8.43,,,,,
87,7/13/2022 7:30,8.8,,8.46,,,,,
88,7/13/2022 7:45,8.9,,8.46,,,,,
89,7/13/2022 8:00,8.8,,8.51,,,,,
90,7/13/2022 8:15,8.8,,8.53,,,,,
91,7/13/2022 8:30,8.8,,8.53,,,,,
92,7/13/2022 8:45,8.7,,8.64,,,,,
93,7/13/2022 9:00,8.6,,8.64,,,,,
94,7/13/2022 9:15,8.5,,8.65,,,,,
95,7/13/2022 9:30,8.5,,8.75,,,,,
96,7/13/2022 9:45,8.4,,8.67,,,,,
97,7/13/2022 10:00,8.3,,8.75,,,,,
98,7/13/2022 10:15,8.4,,8.88,,,,,
99,7/13/2022 10:30,8.3,,8.93,,,,,
100,7/13/2022 10:45,8.3,,9.1,,,,,
101,7/13/2022 11:00,8.3,,9.24,,,,,
102,7/13/2022 11:15,8.3,,9.36,,,,,
103,7/13/2022 11:30,8.3,,9.38,,,,,
104,7/13/2022 11:45,8.2,,9.45,,,,,
105,7/13/2022 12:00,8.2,,9.54,,,,,
106,7/13/2022 12:15,8.2,,9.71,,,,,
107,7/13/2022 12:30,8.2,,9.89,,,,,
108,7/13/2022 12:45,8.2,,9.91,,,,,
109,7/13/2022 13:00,8.1,,9.97,,,,,
110,7/13/2022 13:15,8.1,,10.08,,,,,
111,7/13/2022 13:30,8.1,,10.28,,,,,
112,7/13/2022 13:45,8.1,,10.35,,,,,
113,7/13/2022 14:00,8.1,,10.59,,,,,
114,7/13/2022 14:15,8.1,,10.65,,,,,
115,7/13/2022 14:30,8,,10.83,,,,,
116,7/13/2022 14:45,8,,10.91,,,,,
117,7/13/2022 15:00,8,,10.88,,,,,
118,7/13/2022 15:15,7.8,,10.91,,,,,
119,7/13/2022 15:30,7.8,,10.96,,,,,
120,7/13/2022 15:45,7.8,,11.01,,,,,
121,7/13/2022 16:00,7.8,,11.08,,,,,
122,7/13/2022 16:15,7.9,,11.18,,,,,
123,7/13/2022 16:30,7.8,,11.17,,,,,
124,7/13/2022 16:45,7.8,,11.08,,,,,
125,7/13/2022 17:00,7.8,,10.91,,,,,
126,7/13/2022 17:15,7.8,,10.84,,,,,
127,7/13/2022 17:30,7.8,,10.69,,,,,
128,7/13/2022 17:45,7.8,,10.57,,,,,
129,7/13/2022 18:00,7.9,,10.43,,,,,
130,7/13/2022 18:15,7.7,,10.28,,,,,
131,7/13/2022 18:30,7.8,,10.16,,,,,
132,7/13/2022 18:45,7.9,,10.02,,,,,
133,7/13/2022 19:00,7.9,,9.9,,,,,
134,7/13/2022 19:15,7.9,,9.79,,,,,
135,7/13/2022 19:30,7.9,,9.7,,,,,
136,7/13/2022 19:45,7.9,,9.61,,,,,
137,7/13/2022 20:00,7.9,,9.54,,,,,
138,7/13/2022 20:15,8,,9.46,,,,,
139,7/13/2022 20:30,8,,9.4,,,,,
140,7/13/2022 20:45,8,,9.32,,,,,
141,7/13/2022 21:00,8.1,,9.25,,,,,
142,7/13/2022 21:15,8.1,,9.16,,,,,
143,7/13/2022 21:30,8.1,,9.08,,,,,
144,7/13/2022 21:45,8.1,,9.01,,,,,
145,7/13/2022 22:00,8.1,,8.96,,,,,
146,7/13/2022 22:15,8.1,,8.89,,,,,
147,7/13/2022 22:30,8.1,,8.83,,,,,
148,7/13/2022 22:45,8.1,,8.77,,,,,
149,7/13/2022 23:00,8.2,,8.72,,,,,
150,7/13/2022 23:15,8.1,,8.64,,,,,
151,7/13/2022 23:30,8.2,,8.6,,,,,
152,7/13/2022 23:45,8.2,,8.52,,,,,
153,7/14/2022 0:00,8.1,,8.46,,,,,
154,7/14/2022 0:15,8.2,,8.42,,,,,
155,7/14/2022 0:30,8.2,,8.36,,,,,
156,7/14/2022 0:45,8.2,,8.35,,,,,
157,7/14/2022 1:00,8.2,,8.32,,,,,
158,7/14/2022 1:15,8.2,,8.3,,,,,
159,7/14/2022 1:30,8.2,,8.26,,,,,
160,7/14/2022 1:45,8.2,,8.23,,,,,
161,7/14/2022 2:00,8.2,,8.19,,,,,
162,7/14/2022 2:15,8.2,,8.16,,,,,
163,7/14/2022 2:30,8.2,,8.14,,,,,
164,7/14/2022 2:45,8.2,,8.11,,,,,
165,7/14/2022 3:00,8.3,,8.07,,,,,
166,7/14/2022 3:15,8.2,,8.02,,,,,
167,7/14/2022 3:30,8.3,,7.99,,,,,
168,7/14/2022 3:45,8.3,,7.97,,,,,
169,7/14/2022 4:00,8.3,,7.93,,,,,
170,7/14/2022 4:15,8.3,,7.89,,,,,
171,7/14/2022 4:30,8.2,,7.86,,,,,
172,7/14/2022 4:45,8.2,,7.79,,,,,
173,7/14/2022 5:00,8.3,,7.75,,,,,
174,7/14/2022 5:15,8.3,,7.73,,,,,
175,7/14/2022 5:30,8.3,,7.69,,,,,
176,7/14/2022 5:45,8.3,,7.66,,,,,
177,7/14/2022 6:00,8.3,,7.62,,,,,
178,7/14/2022 6:15,8.3,,7.59,,,,,
179,7/14/2022 6:30,8.3,,7.55,,,,,
180,7/14/2022 6:45,8.3,,7.55,,,,,
181,7/14/2022 7:00,8.3,,7.55,,,,,
182,7/14/2022 7:15,8.3,,7.58,,,,,
183,7/14/2022 7:30,8.2,,7.62,,,,,
184,7/14/2022 7:45,8.3,,7.66,,,,,
185,7/14/2022 8:00,8.3,,7.73,,,,,
186,7/14/2022 8:15,8.2,,7.78,,,,,
187,7/14/2022 8:30,8.3,,7.89,,,,,
188,7/14/2022 8:45,8.3,,8.18,,,,,
189,7/14/2022 9:00,8.3,,8.36,,,,,
190,7/14/2022 9:15,8.3,,8.55,,,,,
191,7/14/2022 9:30,8.3,,8.77,,,,,
192,7/14/2022 9:45,8.4,,9,,,,,
193,7/14/2022 10:00,8.3,,9.13,,,,,
194,7/14/2022 10:15,8.4,,9.34,,,,,
195,7/14/2022 10:30,8.4,,9.7,,,,,
196,7/14/2022 10:45,8.4,,9.91,,,,,
197,7/14/2022 11:00,8.4,,10.15,,,,,
198,7/14/2022 11:15,8.4,,10.2,,,,,
199,7/14/2022 11:30,8.4,,10.11,,,,,
200,7/14/2022 11:45,8.3,,10.04,,,,,
201,7/14/2022 12:00,8.3,,10.38,,,,,
202,7/14/2022 12:15,8.4,,10.79,,,,,
203,7/14/2022 12:30,8.5,,10.93,,,,,
204,7/14/2022 12:45,8.3,,11.16,,,,,
205,7/14/2022 13:00,8.5,,11.41,,,,,
206,7/14/2022 13:15,8.4,,11.48,,,,,
207,7/14/2022 13:30,8.4,,11.45,,,,,
208,7/14/2022 13:45,8.3,,11.49,,,,,
209,7/14/2022 14:00,8.4,,11.53,,,,,
210,7/14/2022 14:15,8.3,,11.42,,,,,
211,7/14/2022 14:30,8.3,,11.59,,,,,
212,7/14/2022 14:45,8.4,,11.86,,,,,
213,7/14/2022 15:00,8.3,,11.82,,,,,
214,7/14/2022 15:15,8.3,,11.94,,,,,
215,7/14/2022 15:30,8.4,,12.24,,,,,
216,7/14/2022 15:45,8.4,,12.44,,,,,
217,7/14/2022 16:00,8.4,,12.48,,,,,
218,7/14/2022 16:15,8.4,,12.3,,,,,
219,7/14/2022 16:30,8.4,,12.34,,,,,
220,7/14/2022 16:45,8.4,,12.44,,,,,
221,7/14/2022 17:00,8.4,,12.28,,,,,
222,7/14/2022 17:15,8.4,,12.16,,,,,
223,7/14/2022 17:30,8.4,,11.98,,,,,
224,7/14/2022 17:45,8.4,,11.73,,,,,
225,7/14/2022 18:00,8.4,,11.48,,,,,
226,7/14/2022 18:15,8.3,,11.24,,,,,
227,7/14/2022 18:30,8.4,,11.01,,,,,
228,7/14/2022 18:45,8.4,,10.83,,,,,
229,7/14/2022 19:00,8.4,,10.72,,,,,
230,7/14/2022 19:15,8.4,,10.6,,,,,
231,7/14/2022 19:30,8.5,,10.47,,,,,
232,7/14/2022 19:45,8.5,,10.34,,,,,
233,7/14/2022 20:00,8.5,,10.22,,,,,
234,7/14/2022 20:15,8.5,,10.16,,,,,
235,7/14/2022 20:30,8.6,,10.15,,,,,
236,7/14/2022 20:45,8.6,,10.15,,,,,
237,7/14/2022 21:00,8.6,,10.06,,,,,
238,7/14/2022 21:15,8.6,,9.91,,,,,
239,7/14/2022 21:30,8.6,,9.82,,,,,
240,7/14/2022 21:45,8.6,,9.82,,,,,
241,7/14/2022 22:00,8.6,,9.71,,,,,
242,7/14/2022 22:15,8.6,,9.58,,,,,
243,7/14/2022 22:30,8.6,,9.46,,,,,
244,7/14/2022 22:45,8.6,,9.34,,,,,
245,7/14/2022 23:00,8.6,,9.24,,,,,
246,7/14/2022 23:15,8.6,,9.14,,,,,
247,7/14/2022 23:30,8.6,,9.06,,,,,
248,7/14/2022 23:45,8.6,,8.98,,,,,
249,7/15/2022 0:00,8.6,,8.91,,,,,
250,7/15/2022 0:15,8.6,,8.81,,,,,
251,7/15/2022 0:30,8.6,,8.75,,,,,
252,7/15/2022 0:45,8.7,,8.68,,,,,
253,7/15/2022 1:00,8.6,,8.61,,,,,
254,7/15/2022 1:15,8.6,,8.56,,,,,
255,7/15/2022 1:30,8.6,,8.56,,,,,
256,7/15/2022 1:45,8.6,,8.51,,,,,
257,7/15/2022 2:00,8.6,,8.43,,,,,
258,7/15/2022 2:15,8.6,,8.34,,,,,
259,7/15/2022 2:30,8.6,,8.23,,,,,
260,7/15/2022 2:45,8.6,,8.15,,,,,
261,7/15/2022 3:00,8.5,,8.04,,,,,
262,7/15/2022 3:15,8.5,,7.97,,,,,
263,7/15/2022 3:30,8.5,,7.87,,,,,
264,7/15/2022 3:45,8.5,,7.78,,,,,
265,7/15/2022 4:00,8.5,,7.7,,,,,
266,7/15/2022 4:15,8.5,,7.62,,,,,
267,7/15/2022 4:30,8.5,,7.54,,,,,
268,7/15/2022 4:45,8.4,,7.48,,,,,
269,7/15/2022 5:00,8.4,,7.4,,,,,
270,7/15/2022 5:15,8.4,,7.32,,,,,
271,7/15/2022 5:30,8.4,,7.25,,,,,
272,7/15/2022 5:45,8.5,,7.24,,,,,
273,7/15/2022 6:00,8.4,,7.25,,,,,
274,7/15/2022 6:15,8.5,,7.22,,,,,
275,7/15/2022 6:30,8.4,,7.16,,,,,
276,7/15/2022 6:45,8.5,,7.09,,,,,
277,7/15/2022 7:00,8.4,,7.04,,,,,
278,7/15/2022 7:15,8.4,,7.01,,,,,
279,7/15/2022 7:30,8.4,,7.05,,,,,
280,7/15/2022 7:45,8.4,,7.22,,,,,
281,7/15/2022 8:00,8.4,,7.5,,,,,
282,7/15/2022 8:15,8.4,,7.71,,,,,
283,7/15/2022 8:30,8.4,,7.91,,,,,
284,7/15/2022 8:45,8.4,,8.12,,,,,
285,7/15/2022 9:00,8.4,,8.39,,,,,
286,7/15/2022 9:15,8.4,,8.65,,,,,
287,7/15/2022 9:30,8.4,,8.89,,,,,
288,7/15/2022 9:45,8.5,,9.24,,,,,
289,7/15/2022 10:00,8.6,,9.51,,,,,
290,7/15/2022 10:15,8.5,,9.66,,,,,
291,7/15/2022 10:30,8.6,,9.78,,,,,
292,7/15/2022 10:45,8.5,,9.87,,,,,
293,7/15/2022 11:00,8.5,,9.93,,,,,
294,7/15/2022 11:15,8.5,,9.98,,,,,
295,7/15/2022 11:30,8.5,,10.14,,,,,
296,7/15/2022 11:45,8.5,,10.34,,,,,
297,7/15/2022 12:00,8.5,,10.48,,,,,
298,7/15/2022 12:15,8.6,,10.79,,,,,
299,7/15/2022 12:30,8.6,,11.04,,,,,
300,7/15/2022 12:45,8.6,,11.16,,,,,
301,7/15/2022 13:00,8.6,,11.44,,,,,
302,7/15/2022 13:15,8.8,,12,,,,,
303,7/15/2022 13:30,8.8,,12.44,,,,,
304,7/15/2022 13:45,8.8,,12.77,,,,,
305,7/15/2022 14:00,9,,13.42,,,,,
306,7/15/2022 14:15,9,,13.85,,,,,
307,7/15/2022 14:30,8.9,,13.69,,,,,
308,7/15/2022 14:45,9,,13.99,,,,,
309,7/15/2022 15:00,9,,14.35,,,,,
310,7/15/2022 15:15,9,,14.63,,,,,
311,7/15/2022 15:30,9,,14.42,,,,,
312,7/15/2022 15:45,9,,14.06,,,,,
313,7/15/2022 16:00,8.9,,13.66,,,,,
314,7/15/2022 16:15,8.9,,13.36,,,,,
315,7/15/2022 16:30,8.9,,13.24,,,,,
316,7/15/2022 16:45,8.9,,13.18,,,,,
317,7/15/2022 17:00,8.8,,13.12,,,,,
318,7/15/2022 17:15,8.8,,12.89,,,,,
319,7/15/2022 17:30,8.8,,12.67,,,,,
320,7/15/2022 17:45,8.8,,12.47,,,,,
321,7/15/2022 18:00,8.8,,12.31,,,,,
322,7/15/2022 18:15,8.8,,12.15,,,,,
323,7/15/2022 18:30,8.8,,12.02,,,,,
324,7/15/2022 18:45,8.8,,11.91,,,,,
325,7/15/2022 19:00,8.9,,11.82,,,,,
326,7/15/2022 19:15,9,,11.71,,,,,
327,7/15/2022 19:30,8.9,,11.66,,,,,
328,7/15/2022 19:45,9,,11.61,,,,,
329,7/15/2022 20:00,8.9,,11.55,,,,,
330,7/15/2022 20:15,9,,11.5,,,,,
331,7/15/2022 20:30,9,,11.38,,,,,
332,7/15/2022 20:45,8.9,,11.25,,,,,
333,7/15/2022 21:00,9.1,,11.24,,,,,
334,7/15/2022 21:15,9,,11.24,,,,,
335,7/15/2022 21:30,9,,11.21,,,,,
336,7/15/2022 21:45,9,,11.14,,,,,
337,7/15/2022 22:00,9,,11.08,,,,,
338,7/15/2022 22:15,9,,11.04,,,,,
339,7/15/2022 22:30,9.1,,10.91,,,,,
340,7/15/2022 22:45,9,,10.77,,,,,
341,7/15/2022 23:00,9,,10.64,,,,,
342,7/15/2022 23:15,9,,10.53,,,,,
343,7/15/2022 23:30,8.9,,10.44,,,,,
344,7/15/2022 23:45,8.9,,10.35,,,,,
345,7/16/2022 0:00,8.9,,10.26,,,,,
346,7/16/2022 0:15,8.9,,10.18,,,,,
347,7/16/2022 0:30,8.9,,10.08,,,,,
348,7/16/2022 0:45,8.9,,10.02,,,,,
349,7/16/2022 1:00,8.9,,9.97,,,,,
350,7/16/2022 1:15,8.9,,9.91,,,,,
351,7/16/2022 1:30,8.9,,9.86,,,,,
352,7/16/2022 1:45,8.9,,9.79,,,,,
353,7/16/2022 2:00,9,,9.71,,,,,
354,7/16/2022 2:15,9,,9.63,,,,,
355,7/16/2022 2:30,9,,9.54,,,,,
356,7/16/2022 2:45,9,,9.48,,,,,
357,7/16/2022 3:00,9,,9.37,,,,,
358,7/16/2022 3:15,8.9,,9.32,,,,,
359,7/16/2022 3:30,8.9,,9.25,,,,,
360,7/16/2022 3:45,8.9,,9.18,,,,,
361,7/16/2022 4:00,8.9,,9.12,,,,,
362,7/16/2022 4:15,8.9,,9.05,,,,,
363,7/16/2022 4:30,8.9,,9,,,,,
364,7/16/2022 4:45,8.9,,8.93,,,,,
365,7/16/2022 5:00,8.9,,8.88,,,,,
366,7/16/2022 5:15,8.9,,8.81,,,,,
367,7/16/2022 5:30,8.9,,8.77,,,,,
368,7/16/2022 5:45,8.9,,8.79,,,,,
369,7/16/2022 6:00,8.9,,8.77,,,,,
370,7/16/2022 6:15,8.9,,8.75,,,,,
371,7/16/2022 6:30,8.9,,8.67,,,,,
372,7/16/2022 6:45,8.9,,8.6,,,,,
373,7/16/2022 7:00,8.9,,8.55,,,,,
374,7/16/2022 7:15,8.8,,8.53,,,,,
375,7/16/2022 7:30,8.9,,8.55,,,,,
376,7/16/2022 7:45,8.8,,8.59,,,,,
377,7/16/2022 8:00,8.8,,8.61,,,,,
378,7/16/2022 8:15,8.7,,8.63,,,,,
379,7/16/2022 8:30,8.7,,8.61,,,,,
380,7/16/2022 8:45,8.7,,8.63,,,,,
381,7/16/2022 9:00,8.7,,8.69,,,,,
382,7/16/2022 9:15,8.7,,8.73,,,,,
383,7/16/2022 9:30,8.6,,8.79,,,,,
384,7/16/2022 9:45,8.6,,8.87,,,,,
385,7/16/2022 10:00,8.6,,8.98,,,,,
386,7/16/2022 10:15,8.6,,9.16,,,,,
387,7/16/2022 10:30,8.6,,9.45,,,,,
388,7/16/2022 10:45,8.9,,10.18,,,,,
389,7/16/2022 11:00,8.9,,10.71,,,,,
390,7/16/2022 11:15,8.9,,11.01,,,,,
391,7/16/2022 11:30,8.8,,10.93,,,,,
392,7/16/2022 11:45,8.9,,11.28,,,,,
393,7/16/2022 12:00,9,,11.82,,,,,
394,7/16/2022 12:15,9.1,,12.48,,,,,
395,7/16/2022 12:30,9.2,,12.93,,,,,
396,7/16/2022 12:45,9.1,,12.96,,,,,
397,7/16/2022 13:00,9.1,,13,,,,,
398,7/16/2022 13:15,9.1,,13.3,,,,,
399,7/16/2022 13:30,9.1,,13.26,,,,,
400,7/16/2022 13:45,9,,13.17,,,,,
401,7/16/2022 14:00,9.1,,13.28,,,,,
402,7/16/2022 14:15,9.1,,13.25,,,,,
403,7/16/2022 14:30,9.1,,13.32,,,,,
404,7/16/2022 14:45,9.1,,13.58,,,,,
405,7/16/2022 15:00,9.1,,13.71,,,,,
406,7/16/2022 15:15,9.2,,13.9,,,,,
407,7/16/2022 15:30,9.2,,13.94,,,,,
408,7/16/2022 15:45,9.1,,13.81,,,,,
409,7/16/2022 16:00,9,,13.77,,,,,
410,7/16/2022 16:15,9,,13.63,,,,,
411,7/16/2022 16:30,9,,13.42,,,,,
412,7/16/2022 16:45,9,,13.2,,,,,
413,7/16/2022 17:00,9,,12.97,,,,,
414,7/16/2022 17:15,9,,12.76,,,,,
415,7/16/2022 17:30,8.9,,12.57,,,,,
416,7/16/2022 17:45,8.8,,12.38,,,,,
417,7/16/2022 18:00,8.8,,12.2,,,,,
418,7/16/2022 18:15,8.8,,12.02,,,,,
419,7/16/2022 18:30,8.8,,11.83,,,,,
420,7/16/2022 18:45,8.8,,11.66,,,,,
421,7/16/2022 19:00,8.8,,11.49,,,,,
422,7/16/2022 19:15,8.8,,11.34,,,,,
423,7/16/2022 19:30,8.8,,11.25,,,,,
424,7/16/2022 19:45,8.8,,11.21,,,,,
425,7/16/2022 20:00,8.8,,11.17,,,,,
426,7/16/2022 20:15,8.9,,11.13,,,,,
427,7/16/2022 20:30,8.9,,11.09,,,,,
428,7/16/2022 20:45,8.9,,11.05,,,,,
429,7/16/2022 21:00,9,,10.97,,,,,
430,7/16/2022 21:15,8.9,,10.87,,,,,
431,7/16/2022 21:30,8.9,,10.76,,,,,
432,7/16/2022 21:45,8.9,,10.67,,,,,
433,7/16/2022 22:00,8.9,,10.6,,,,,
434,7/16/2022 22:15,9,,10.52,,,,,
435,7/16/2022 22:30,8.9,,10.46,,,,,
436,7/16/2022 22:45,9,,10.39,,,,,
437,7/16/2022 23:00,8.9,,10.35,,,,,
438,7/16/2022 23:15,8.9,,10.34,,,,,
439,7/16/2022 23:30,9,,10.34,,,,,
440,7/16/2022 23:45,9,,10.32,,,,,
441,7/17/2022 0:00,9.1,,10.3,,,,,
442,7/17/2022 0:15,9,,10.24,,,,,
443,7/17/2022 0:30,9,,10.16,,,,,
444,7/17/2022 0:45,9,,10.11,,,,,
445,7/17/2022 1:00,9,,10.1,,,,,
446,7/17/2022 1:15,9,,10.07,,,,,
447,7/17/2022 1:30,9.1,,10.03,,,,,
448,7/17/2022 1:45,9,,9.91,,,,,
449,7/17/2022 2:00,8.9,,9.83,,,,,
450,7/17/2022 2:15,9,,9.78,,,,,
451,7/17/2022 2:30,8.9,,9.77,,,,,
452,7/17/2022 2:45,8.9,,9.77,,,,,
453,7/17/2022 3:00,9,,9.75,,,,,
454,7/17/2022 3:15,8.9,,9.73,,,,,
455,7/17/2022 3:30,9,,9.7,,,,,
456,7/17/2022 3:45,9,,9.65,,,,,
457,7/17/2022 4:00,8.9,,9.53,,,,,
458,7/17/2022 4:15,8.9,,9.46,,,,,
459,7/17/2022 4:30,8.9,,9.44,,,,,
460,7/17/2022 4:45,8.9,,9.4,,,,,
461,7/17/2022 5:00,8.9,,9.36,,,,,
462,7/17/2022 5:15,8.9,,9.3,,,,,
463,7/17/2022 5:30,8.9,,9.24,,,,,
464,7/17/2022 5:45,8.9,,9.14,,,,,
465,7/17/2022 6:00,8.9,,9.1,,,,,
466,7/17/2022 6:15,8.9,,9.08,,,,,
467,7/17/2022 6:30,8.9,,9.05,,,,,
468,7/17/2022 6:45,8.9,,9.02,,,,,
469,7/17/2022 7:00,8.9,,9,,,,,
470,7/17/2022 7:15,8.9,,8.98,,,,,
471,7/17/2022 7:30,8.9,,8.97,,,,,
472,7/17/2022 7:45,8.9,,9.01,,,,,
473,7/17/2022 8:00,8.9,,9.08,,,,,
474,7/17/2022 8:15,8.9,,9.13,,,,,
475,7/17/2022 8:30,8.9,,9.14,,,,,
476,7/17/2022 8:45,8.9,,9.2,,,,,
477,7/17/2022 9:00,8.9,,9.26,,,,,
478,7/17/2022 9:15,8.9,,9.36,,,,,
479,7/17/2022 9:30,8.9,,9.53,,,,,
480,7/17/2022 9:45,8.9,,9.59,,,,,
481,7/17/2022 10:00,8.9,,9.57,,,,,
482,7/17/2022 10:15,8.9,,9.63,,,,,
483,7/17/2022 10:30,8.9,,9.67,,,,,
484,7/17/2022 10:45,8.8,,9.66,,,,,
485,7/17/2022 11:00,8.8,,9.71,,,,,
486,7/17/2022 11:15,8.9,,9.77,,,,,
487,7/17/2022 11:30,8.8,,9.78,,,,,
488,7/17/2022 11:45,8.8,,9.74,,,,,
489,7/17/2022 12:00,8.8,,9.71,,,,,
490,7/17/2022 12:15,8.8,,9.71,,,,,
491,7/17/2022 12:30,8.8,,9.74,,,,,
492,7/17/2022 12:45,8.8,,9.73,,,,,
493,7/17/2022 13:00,8.8,,9.71,,,,,
494,7/17/2022 13:15,8.8,,9.69,,,,,
495,7/17/2022 13:30,8.8,,9.75,,,,,
496,7/17/2022 13:45,8.9,,9.78,,,,,
497,7/17/2022 14:00,8.7,,9.78,,,,,
498,7/17/2022 14:15,8.8,,9.71,,,,,
499,7/17/2022 14:30,8.8,,9.62,,,,,
500,7/17/2022 14:45,8.8,,9.49,,,,,
501,7/17/2022 15:00,8.8,,9.5,,,,,
502,7/17/2022 15:15,8.8,,9.55,,,,,
503,7/17/2022 15:30,8.8,,9.57,,,,,
504,7/17/2022 15:45,8.9,,9.58,,,,,
505,7/17/2022 16:00,8.8,,9.53,,,,,
506,7/17/2022 16:15,8.8,,9.5,,,,,
507,7/17/2022 16:30,8.8,,9.45,,,,,
508,7/17/2022 16:45,8.6,,9.32,,,,,
509,7/17/2022 17:00,8.6,,9.24,,,,,
510,7/17/2022 17:15,8.6,,9.17,,,,,
511,7/17/2022 17:30,8.6,,9.12,,,,,
512,7/17/2022 17:45,8.6,,9.05,,,,,
513,7/17/2022 18:00,8.6,,8.96,,,,,
514,7/17/2022 18:15,8.6,,8.89,,,,,
515,7/17/2022 18:30,8.5,,8.81,,,,,
516,7/17/2022 18:45,8.6,,8.75,,,,,
517,7/17/2022 19:00,8.5,,8.68,,,,,
518,7/17/2022 19:15,8.5,,8.63,,,,,
519,7/17/2022 19:30,8.5,,8.57,,,,,
520,7/17/2022 19:45,8.5,,8.52,,,,,
521,7/17/2022 20:00,8.6,,8.51,,,,,
522,7/17/2022 20:15,8.6,,8.48,,,,,
523,7/17/2022 20:30,8.6,,8.44,,,,,
524,7/17/2022 20:45,8.5,,8.43,,,,,
525,7/17/2022 21:00,8.6,,8.4,,,,,
526,7/17/2022 21:15,8.6,,8.35,,,,,
527,7/17/2022 21:30,8.6,,8.34,,,,,
528,7/17/2022 21:45,8.6,,8.28,,,,,
529,7/17/2022 22:00,8.6,,8.23,,,,,
530,7/17/2022 22:15,8.7,,8.18,,,,,
531,7/17/2022 22:30,8.6,,8.14,,,,,
532,7/17/2022 22:45,8.6,,8.1,,,,,
533,7/17/2022 23:00,8.6,,8.08,,,,,
534,7/17/2022 23:15,8.6,,8.02,,,,,
535,7/17/2022 23:30,8.6,,7.99,,,,,
536,7/17/2022 23:45,8.6,,7.97,,,,,
537,7/18/2022 0:00,8.6,,7.94,,,,,
538,7/18/2022 0:15,8.6,,7.91,,,,,
539,7/18/2022 0:30,8.6,,7.87,,,,,
540,7/18/2022 0:45,8.6,,7.86,,,,,
541,7/18/2022 1:00,8.5,,7.82,,,,,
542,7/18/2022 1:15,8.5,,7.79,,,,,
543,7/18/2022 1:30,8.5,,7.75,,,,,
544,7/18/2022 1:45,8.5,,7.71,,,,,
545,7/18/2022 2:00,8.6,,7.67,,,,,
546,7/18/2022 2:15,8.5,,7.65,,,,,
547,7/18/2022 2:30,8.5,,7.62,,,,,
548,7/18/2022 2:45,8.5,,7.58,,,,,
549,7/18/2022 3:00,8.5,,7.53,,,,,
550,7/18/2022 3:15,8.6,,7.49,,,,,
551,7/18/2022 3:30,8.5,,7.45,,,,,
552,7/18/2022 3:45,8.5,,7.41,,,,,
553,7/18/2022 4:00,8.6,,7.38,,,,,
554,7/18/2022 4:15,8.5,,7.34,,,,,
555,7/18/2022 4:30,8.5,,7.32,,,,,
556,7/18/2022 4:45,8.5,,7.3,,,,,
557,7/18/2022 5:00,8.4,,7.26,,,,,
558,7/18/2022 5:15,8.5,,7.25,,,,,
559,7/18/2022 5:30,8.5,,7.21,,,,,
560,7/18/2022 5:45,8.5,,7.18,,,,,
561,7/18/2022 6:00,8.5,,7.14,,,,,
562,7/18/2022 6:15,8.5,,7.12,,,,,
563,7/18/2022 6:30,8.5,,7.08,,,,,
564,7/18/2022 6:45,8.5,,7.05,,,,,
565,7/18/2022 7:00,8.5,,7.02,,,,,
566,7/18/2022 7:15,8.5,,7,,,,,
567,7/18/2022 7:30,8.5,,6.97,,,,,
568,7/18/2022 7:45,8.5,,6.96,,,,,
569,7/18/2022 8:00,8.5,,6.97,,,,,
570,7/18/2022 8:15,8.4,,7.01,,,,,
571,7/18/2022 8:30,8.5,,7.05,,,,,
572,7/18/2022 8:45,8.5,,7.09,,,,,
573,7/18/2022 9:00,8.5,,7.14,,,,,
574,7/18/2022 9:15,8.4,,7.17,,,,,
575,7/18/2022 9:30,8.4,,7.25,,,,,
576,7/18/2022 9:45,8.4,,7.37,,,,,
577,7/18/2022 10:00,8.4,,7.4,,,,,
578,7/18/2022 10:15,8.3,,7.4,,,,,
579,7/18/2022 10:30,8.3,,7.42,,,,,
580,7/18/2022 10:45,8.3,,7.45,,,,,
581,7/18/2022 11:00,8.2,,7.5,,,,,
582,7/18/2022 11:15,8.3,,7.65,,,,,
583,7/18/2022 11:30,8.3,,7.73,,,,,
584,7/18/2022 11:45,8.2,,7.79,,,,,
585,7/18/2022 12:00,8.2,,7.86,,,,,
586,7/18/2022 12:15,8.2,,7.9,,,,,
587,7/18/2022 12:30,8.2,,7.98,,,,,
588,7/18/2022 12:45,8.2,,8.07,,,,,
589,7/18/2022 13:00,8.2,,8.12,,,,,
590,7/18/2022 13:15,8.2,,8.06,,,,,
591,7/18/2022 13:30,8.2,,8.12,,,,,
592,7/18/2022 13:45,8.2,,8.34,,,,,
593,7/18/2022 14:00,8.2,,8.43,,,,,
594,7/18/2022 14:15,8.2,,8.51,,,,,
595,7/18/2022 14:30,8.2,,8.56,,,,,
596,7/18/2022 14:45,8.2,,8.48,,,,,
597,7/18/2022 15:00,8,,8.42,,,,,
598,7/18/2022 15:15,8.1,,8.38,,,,,
599,7/18/2022 15:30,8,,8.42,,,,,
600,7/18/2022 15:45,8.1,,8.38,,,,,
601,7/18/2022 16:00,8,,8.24,,,,,
602,7/18/2022 16:15,8,,8.08,,,,,
603,7/18/2022 16:30,8.1,,7.98,,,,,
604,7/18/2022 16:45,8.1,,7.9,,,,,
605,7/18/2022 17:00,8.1,,7.79,,,,,
606,7/18/2022 17:15,8.2,,7.7,,,,,
607,7/18/2022 17:30,8.1,,7.62,,,,,
608,7/18/2022 17:45,8.1,,7.55,,,,,
609,7/18/2022 18:00,8.2,,7.46,,,,,
610,7/18/2022 18:15,8.2,,7.4,,,,,
611,7/18/2022 18:30,8.2,,7.32,,,,,
612,7/18/2022 18:45,8.2,,7.26,,,,,
613,7/18/2022 19:00,8.2,,7.2,,,,,
614,7/18/2022 19:15,8.2,,7.13,,,,,
615,7/18/2022 19:30,8.2,,7.08,,,,,
616,7/18/2022 19:45,8.2,,7.05,,,,,
617,7/18/2022 20:00,8.3,,7.02,,,,,
618,7/18/2022 20:15,8.3,,7,,,,,
619,7/18/2022 20:30,8.2,,6.96,,,,,
620,7/18/2022 20:45,8.3,,6.92,,,,,
621,7/18/2022 21:00,8.3,,6.89,,,,,
622,7/18/2022 21:15,8.2,,6.85,,,,,
623,7/18/2022 21:30,8.3,,6.83,,,,,
624,7/18/2022 21:45,8.3,,6.8,,,,,
625,7/18/2022 22:00,8.3,,6.77,,,,,
626,7/18/2022 22:15,8.3,,6.79,,,,,
627,7/18/2022 22:30,8.3,,6.77,,,,,
628,7/18/2022 22:45,8.2,,6.73,,,,,
629,7/18/2022 23:00,8.2,,6.71,,,,,
630,7/18/2022 23:15,8.2,,6.68,,,,,
631,7/18/2022 23:30,8.3,,6.65,,,,,
632,7/18/2022 23:45,8.2,,6.61,,,,,
633,7/19/2022 0:00,8.2,,6.6,,,,,
634,7/19/2022 0:15,8.2,,6.57,,,,,
635,7/19/2022 0:30,8.2,,6.59,,,,,
636,7/19/2022 0:45,8.2,,6.55,,,,,
637,7/19/2022 1:00,8.2,,6.53,,,,,
638,7/19/2022 1:15,8.2,,6.4,,,,,
639,7/19/2022 1:30,8.2,,6.3,,,,,
640,7/19/2022 1:45,8.2,,6.23,,,,,
641,7/19/2022 2:00,8.1,,6.15,,,,,
642,7/19/2022 2:15,8.1,,6.06,,,,,
643,7/19/2022 2:30,8.2,,5.97,,,,,
644,7/19/2022 2:45,8.1,,5.86,,,,,
645,7/19/2022 3:00,8,,5.77,,,,,
646,7/19/2022 3:15,8.1,,5.74,,,,,
647,7/19/2022 3:30,8,,5.77,,,,,
648,7/19/2022 3:45,8,,5.79,,,,,
649,7/19/2022 4:00,8.1,,5.82,,,,,
650,7/19/2022 4:15,8.1,,5.83,,,,,
651,7/19/2022 4:30,8,,5.82,,,,,
652,7/19/2022 4:45,8.1,,5.81,,,,,
653,7/19/2022 5:00,8.1,,5.79,,,,,
654,7/19/2022 5:15,8.1,,5.78,,,,,
655,7/19/2022 5:30,8.1,,5.73,,,,,
656,7/19/2022 5:45,8,,5.62,,,,,
657,7/19/2022 6:00,8,,5.51,,,,,
658,7/19/2022 6:15,8.1,,5.42,,,,,
659,7/19/2022 6:30,8,,5.41,,,,,
660,7/19/2022 6:45,8,,5.44,,,,,
661,7/19/2022 7:00,8,,5.47,,,,,
662,7/19/2022 7:15,8,,5.53,,,,,
663,7/19/2022 7:30,8,,5.59,,,,,
664,7/19/2022 7:45,8,,5.69,,,,,
665,7/19/2022 8:00,8,,5.73,,,,,
666,7/19/2022 8:15,8,,5.77,,,,,
667,7/19/2022 8:30,8,,5.85,,,,,
668,7/19/2022 8:45,8,,5.95,,,,,
669,7/19/2022 9:00,8,,6.03,,,,,
670,7/19/2022 9:15,8,,6.11,,,,,
671,7/19/2022 9:30,8,,6.24,,,,,
672,7/19/2022 9:45,8,,6.49,,,,,
673,7/19/2022 10:00,8,,6.8,,,,,
674,7/19/2022 10:15,8,,7,,,,,
675,7/19/2022 10:30,8,,7.22,,,,,
676,7/19/2022 10:45,8,,7.26,,,,,
677,7/19/2022 11:00,8.1,,7.46,,,,,
678,7/19/2022 11:15,8,,7.66,,,,,
679,7/19/2022 11:30,8,,8,,,,,
680,7/19/2022 11:45,8,,8.3,,,,,
681,7/19/2022 12:00,8.1,,8.28,,,,,
682,7/19/2022 12:15,8.1,,8.19,,,,,
683,7/19/2022 12:30,8,,8.08,,,,,
684,7/19/2022 12:45,7.9,,8.04,,,,,
685,7/19/2022 13:00,7.9,,8.03,,,,,
686,7/19/2022 13:15,7.9,,8.1,,,,,
687,7/19/2022 13:30,7.9,,8.2,,,,,
688,7/19/2022 13:45,7.9,,8.36,,,,,
689,7/19/2022 14:00,7.9,,8.57,,,,,
690,7/19/2022 14:15,8,,8.83,,,,,
691,7/19/2022 14:30,7.9,,9,,,,,
692,7/19/2022 14:45,7.9,,9.13,,,,,
693,7/19/2022 15:00,7.9,,9.2,,,,,
694,7/19/2022 15:15,7.9,,9.28,,,,,
695,7/19/2022 15:30,7.9,,9.32,,,,,
696,7/19/2022 15:45,7.9,,9.33,,,,,
697,7/19/2022 16:00,7.9,,9.44,,,,,
698,7/19/2022 16:15,7.9,,9.49,,,,,
699,7/19/2022 16:30,7.9,,9.44,,,,,
700,7/19/2022 16:45,7.9,,9.28,,,,,
701,7/19/2022 17:00,7.9,,9.09,,,,,
702,7/19/2022 17:15,7.9,,8.92,,,,,
703,7/19/2022 17:30,7.8,,8.76,,,,,
704,7/19/2022 17:45,7.9,,8.64,,,,,
705,7/19/2022 18:00,7.9,,8.56,,,,,
706,7/19/2022 18:15,7.9,,8.47,,,,,
707,7/19/2022 18:30,7.8,,8.36,,,,,
708,7/19/2022 18:45,7.9,,8.26,,,,,
709,7/19/2022 19:00,7.9,,8.15,,,,,
710,7/19/2022 19:15,7.9,,8.06,,,,,
711,7/19/2022 19:30,7.9,,7.99,,,,,
712,7/19/2022 19:45,7.9,,7.95,,,,,
713,7/19/2022 20:00,7.9,,7.9,,,,,
714,7/19/2022 20:15,7.9,,7.85,,,,,
715,7/19/2022 20:30,7.9,,7.82,,,,,
716,7/19/2022 20:45,7.9,,7.75,,,,,
717,7/19/2022 21:00,7.9,,7.73,,,,,
718,7/19/2022 21:15,7.9,,7.67,,,,,
719,7/19/2022 21:30,7.9,,7.62,,,,,
720,7/19/2022 21:45,7.9,,7.59,,,,,
721,7/19/2022 22:00,7.9,,7.55,,,,,
722,7/19/2022 22:15,7.9,,7.51,,,,,
723,7/19/2022 22:30,8.2,,7.5,,,,,
724,7/19/2022 22:45,8.1,,7.49,,,,,
725,7/19/2022 23:00,8,,7.48,,,,,
726,7/19/2022 23:15,8.1,,7.41,,,,,
727,7/19/2022 23:30,8,,7.36,,,,,
728,7/19/2022 23:45,8.1,,7.29,,,,,
729,7/20/2022 0:00,8,,7.22,,,,,
730,7/20/2022 0:15,8,,7.17,,,,,
731,7/20/2022 0:30,8,,7.13,,,,,
732,7/20/2022 0:45,8,,7.09,,,,,
733,7/20/2022 1:00,7.9,,7.06,,,,,
734,7/20/2022 1:15,8,,7.04,,,,,
735,7/20/2022 1:30,8,,7,,,,,
736,7/20/2022 1:45,8,,6.96,,,,,
737,7/20/2022 2:00,8.1,,6.95,,,,,
738,7/20/2022 2:15,8.1,,6.89,,,,,
739,7/20/2022 2:30,8.1,,6.85,,,,,
740,7/20/2022 2:45,8.2,,6.81,,,,,
741,7/20/2022 3:00,8.1,,6.79,,,,,
742,7/20/2022 3:15,8.1,,6.73,,,,,
743,7/20/2022 3:30,8.2,,6.69,,,,,
744,7/20/2022 3:45,8.2,,6.67,,,,,
745,7/20/2022 4:00,8.2,,6.65,,,,,
746,7/20/2022 4:15,8.2,,6.63,,,,,
747,7/20/2022 4:30,8.2,,6.59,,,,,
748,7/20/2022 4:45,8.2,,6.56,,,,,
749,7/20/2022 5:00,8.2,,6.52,,,,,
750,7/20/2022 5:15,8.2,,6.48,,,,,
751,7/20/2022 5:30,8.2,,6.44,,,,,
752,7/20/2022 5:45,8.2,,6.4,,,,,
753,7/20/2022 6:00,8.1,,6.38,,,,,
754,7/20/2022 6:15,8.2,,6.34,,,,,
755,7/20/2022 6:30,8.1,,6.32,,,,,
756,7/20/2022 6:45,8.1,,6.3,,,,,
757,7/20/2022 7:00,8.1,,6.27,,,,,
758,7/20/2022 7:15,8.1,,6.26,,,,,
759,7/20/2022 7:30,8,,6.26,,,,,
760,7/20/2022 7:45,8,,6.26,,,,,
761,7/20/2022 8:00,8.1,,6.27,,,,,
762,7/20/2022 8:15,8,,6.32,,,,,
763,7/20/2022 8:30,8,,6.39,,,,,
764,7/20/2022 8:45,8,,6.46,,,,,
765,7/20/2022 9:00,8,,6.51,,,,,
766,7/20/2022 9:15,8,,6.6,,,,,
767,7/20/2022 9:30,8,,6.72,,,,,
768,7/20/2022 9:45,8,,6.8,,,,,
769,7/20/2022 10:00,8,,6.92,,,,,
770,7/20/2022 10:15,8,,7.01,,,,,
771,7/20/2022 10:30,8,,7.1,,,,,
772,7/20/2022 10:45,8,,7.21,,,,,
773,7/20/2022 11:00,8,,7.26,,,,,
774,7/20/2022 11:15,8,,7.34,,,,,
775,7/20/2022 11:30,7.9,,7.4,,,,,
776,7/20/2022 11:45,8,,7.48,,,,,
777,7/20/2022 12:00,8,,7.49,,,,,
778,7/20/2022 12:15,7.9,,7.51,,,,,
779,7/20/2022 12:30,7.9,,7.69,,,,,
780,7/20/2022 12:45,7.9,,7.86,,,,,
781,7/20/2022 13:00,7.9,,8.02,,,,,
782,7/20/2022 13:15,7.9,,8.18,,,,,
783,7/20/2022 13:30,7.9,,8.26,,,,,
784,7/20/2022 13:45,7.9,,8.36,,,,,
785,7/20/2022 14:00,7.9,,8.46,,,,,
786,7/20/2022 14:15,7.9,,8.69,,,,,
787,7/20/2022 14:30,7.9,,8.96,,,,,
788,7/20/2022 14:45,8.1,,9.28,,,,,
789,7/20/2022 15:00,8,,9.55,,,,,
790,7/20/2022 15:15,8.1,,9.71,,,,,
791,7/20/2022 15:30,8,,9.81,,,,,
792,7/20/2022 15:45,8.1,,9.83,,,,,
793,7/20/2022 16:00,8,,9.94,,,,,
794,7/20/2022 16:15,8,,9.93,,,,,
795,7/20/2022 16:30,8,,9.81,,,,,
796,7/20/2022 16:45,8,,9.71,,,,,
797,7/20/2022 17:00,8,,9.63,,,,,
798,7/20/2022 17:15,8,,9.5,,,,,
799,7/20/2022 17:30,7.9,,9.33,,,,,
800,7/20/2022 17:45,7.9,,9.14,,,,,
801,7/20/2022 18:00,7.9,,8.96,,,,,
802,7/20/2022 18:15,7.9,,8.79,,,,,
803,7/20/2022 18:30,7.9,,8.61,,,,,
804,7/20/2022 18:45,7.9,,8.43,,,,,
805,7/20/2022 19:00,7.9,,8.28,,,,,
806,7/20/2022 19:15,7.9,,8.16,,,,,
807,7/20/2022 19:30,7.9,,8.07,,,,,
808,7/20/2022 19:45,7.9,,7.97,,,,,
809,7/20/2022 20:00,7.9,,7.9,,,,,
810,7/20/2022 20:15,7.9,,7.82,,,,,
811,7/20/2022 20:30,7.9,,7.78,,,,,
812,7/20/2022 20:45,7.9,,7.74,,,,,
813,7/20/2022 21:00,7.9,,7.71,,,,,
814,7/20/2022 21:15,8,,7.7,,,,,
815,7/20/2022 21:30,8,,7.7,,,,,
816,7/20/2022 21:45,8,,7.67,,,,,
817,7/20/2022 22:00,8,,7.65,,,,,
818,7/20/2022 22:15,8.1,,7.63,,,,,
819,7/20/2022 22:30,8.1,,7.61,,,,,
820,7/20/2022 22:45,8,,7.58,,,,,
821,7/20/2022 23:00,8.1,,7.55,,,,,
822,7/20/2022 23:15,8.1,,7.55,,,,,
823,7/20/2022 23:30,8.1,,7.53,,,,,
824,7/20/2022 23:45,8.1,,7.5,,,,,
825,7/21/2022 0:00,8.1,,7.48,,,,,
826,7/21/2022 0:15,8.1,,7.46,,,,,
827,7/21/2022 0:30,8.2,,7.41,,,,,
828,7/21/2022 0:45,8.2,,7.38,,,,,
829,7/21/2022 1:00,8.2,,7.36,,,,,
830,7/21/2022 1:15,8.1,,7.33,,,,,
831,7/21/2022 1:30,8.1,,7.29,,,,,
832,7/21/2022 1:45,8.2,,7.26,,,,,
833,7/21/2022 2:00,8.2,,7.24,,,,,
834,7/21/2022 2:15,8.1,,7.18,,,,,
835,7/21/2022 2:30,8.2,,7.14,,,,,
836,7/21/2022 2:45,8.2,,7.1,,,,,
837,7/21/2022 3:00,8.2,,7.06,,,,,
838,7/21/2022 3:15,8.2,,7.04,,,,,
839,7/21/2022 3:30,8.2,,6.98,,,,,
840,7/21/2022 3:45,8.2,,6.95,,,,,
841,7/21/2022 4:00,8.2,,6.92,,,,,
842,7/21/2022 4:15,8.2,,6.88,,,,,
843,7/21/2022 4:30,8.2,,6.84,,,,,
844,7/21/2022 4:45,8.2,,6.81,,,,,
845,7/21/2022 5:00,8.2,,6.77,,,,,
846,7/21/2022 5:15,8.2,,6.75,,,,,
847,7/21/2022 5:30,8.2,,6.69,,,,,
848,7/21/2022 5:45,8.2,,6.67,,,,,
849,7/21/2022 6:00,8.2,,6.63,,,,,
850,7/21/2022 6:15,8.2,,6.6,,,,,
851,7/21/2022 6:30,8.2,,6.55,,,,,
852,7/21/2022 6:45,8.2,,6.51,,,,,
853,7/21/2022 7:00,8.2,,6.48,,,,,
854,7/21/2022 7:15,8.2,,6.47,,,,,
855,7/21/2022 7:30,8.2,,6.48,,,,,
856,7/21/2022 7:45,8.2,,6.48,,,,,
857,7/21/2022 8:00,8.1,,6.52,,,,,
858,7/21/2022 8:15,8.1,,6.56,,,,,
859,7/21/2022 8:30,8.1,,6.59,,,,,
860,7/21/2022 8:45,8.1,,6.6,,,,,
861,7/21/2022 9:00,8.1,,6.68,,,,,
862,7/21/2022 9:15,8,,6.72,,,,,
863,7/21/2022 9:30,8.1,,6.83,,,,,
864,7/21/2022 9:45,8,,6.91,,,,,
865,7/21/2022 10:00,8.1,,7.04,,,,,
866,7/21/2022 10:15,8.1,,7.14,,,,,
867,7/21/2022 10:30,8.1,,7.24,,,,,
868,7/21/2022 10:45,8,,7.3,,,,,
869,7/21/2022 11:00,8,,7.41,,,,,
870,7/21/2022 11:15,8,,7.51,,,,,
871,7/21/2022 11:30,8,,7.65,,,,,
872,7/21/2022 11:45,8,,7.81,,,,,
873,7/21/2022 12:00,8,,7.9,,,,,
874,7/21/2022 12:15,7.9,,7.99,,,,,
875,7/21/2022 12:30,7.9,,8.1,,,,,
876,7/21/2022 12:45,7.9,,8.15,,,,,
877,7/21/2022 13:00,8,,8.31,,,,,
878,7/21/2022 13:15,8,,8.44,,,,,
879,7/21/2022 13:30,8,,8.56,,,,,
880,7/21/2022 13:45,8,,8.76,,,,,
881,7/21/2022 14:00,7.9,,8.87,,,,,
882,7/21/2022 14:15,8,,8.96,,,,,
883,7/21/2022 14:30,7.9,,8.98,,,,,
884,7/21/2022 14:45,8,,9.08,,,,,
885,7/21/2022 15:00,7.9,,9.05,,,,,
886,7/21/2022 15:15,7.9,,9.05,,,,,
887,7/21/2022 15:30,7.9,,9.08,,,,,
888,7/21/2022 15:45,7.9,,9.1,,,,,
889,7/21/2022 16:00,7.9,,9.06,,,,,
890,7/21/2022 16:15,7.9,,9.05,,,,,
891,7/21/2022 16:30,7.9,,8.98,,,,,
892,7/21/2022 16:45,7.9,,8.87,,,,,
893,7/21/2022 17:00,7.9,,8.76,,,,,
894,7/21/2022 17:15,7.9,,8.65,,,,,
895,7/21/2022 17:30,7.8,,8.57,,,,,
896,7/21/2022 17:45,7.9,,8.48,,,,,
897,7/21/2022 18:00,7.9,,8.4,,,,,
898,7/21/2022 18:15,7.9,,8.34,,,,,
899,7/21/2022 18:30,7.9,,8.24,,,,,
900,7/21/2022 18:45,7.9,,8.16,,,,,
901,7/21/2022 19:00,7.9,,8.12,,,,,
902,7/21/2022 19:15,8,,8.07,,,,,
903,7/21/2022 19:30,7.9,,8.02,,,,,
904,7/21/2022 19:45,8,,7.97,,,,,
905,7/21/2022 20:00,8,,7.93,,,,,
906,7/21/2022 20:15,8,,7.9,,,,,
907,7/21/2022 20:30,8,,7.86,,,,,
908,7/21/2022 20:45,8.1,,7.85,,,,,
909,7/21/2022 21:00,8.1,,7.81,,,,,
910,7/21/2022 21:15,8.1,,7.77,,,,,
911,7/21/2022 21:30,8.1,,7.73,,,,,
912,7/21/2022 21:45,8.2,,7.69,,,,,
913,7/21/2022 22:00,8.2,,7.65,,,,,
914,7/21/2022 22:15,8.2,,7.62,,,,,
915,7/21/2022 22:30,8.2,,7.59,,,,,
916,7/21/2022 22:45,8.2,,7.57,,,,,
917,7/21/2022 23:00,8.2,,7.53,,,,,
918,7/21/2022 23:15,8.2,,7.49,,,,,
919,7/21/2022 23:30,8.2,,7.46,,,,,
920,7/21/2022 23:45,8.2,,7.44,,,,,
921,7/22/2022 0:00,8.2,,7.41,,,,,
922,7/22/2022 0:15,8.2,,7.38,,,,,
923,7/22/2022 0:30,8.2,,7.36,,,,,
924,7/22/2022 0:45,8.2,,7.33,,,,,
925,7/22/2022 1:00,8.2,,7.3,,,,,
926,7/22/2022 1:15,8.3,,7.26,,,,,
927,7/22/2022 1:30,8.3,,7.22,,,,,
928,7/22/2022 1:45,8.3,,7.21,,,,,
929,7/22/2022 2:00,8.3,,7.17,,,,,
930,7/22/2022 2:15,8.4,,7.14,,,,,
931,7/22/2022 2:30,8.3,,7.1,,,,,
932,7/22/2022 2:45,8.3,,7.06,,,,,
933,7/22/2022 3:00,8.5,,7.04,,,,,
934,7/22/2022 3:15,8.3,,7.02,,,,,
935,7/22/2022 3:30,8.3,,7,,,,,
936,7/22/2022 3:45,8.4,,6.97,,,,,
937,7/22/2022 4:00,8.4,,6.96,,,,,
938,7/22/2022 4:15,8.4,,6.95,,,,,
939,7/22/2022 4:30,8.3,,6.92,,,,,
940,7/22/2022 4:45,8.3,,6.88,,,,,
941,7/22/2022 5:00,8.4,,6.85,,,,,
942,7/22/2022 5:15,8.3,,6.84,,,,,
943,7/22/2022 5:30,8.4,,6.81,,,,,
944,7/22/2022 5:45,8.3,,6.79,,,,,
945,7/22/2022 6:00,8.3,,6.77,,,,,
946,7/22/2022 6:15,8.3,,6.75,,,,,
947,7/22/2022 6:30,8.3,,6.72,,,,,
948,7/22/2022 6:45,8.4,,6.71,,,,,
949,7/22/2022 7:00,8.3,,6.69,,,,,
950,7/22/2022 7:15,8.3,,6.72,,,,,
951,7/22/2022 7:30,8.4,,6.75,,,,,
952,7/22/2022 7:45,8.4,,6.81,,,,,
953,7/22/2022 8:00,8.4,,6.87,,,,,
954,7/22/2022 8:15,8.4,,6.88,,,,,
955,7/22/2022 8:30,8.3,,6.89,,,,,
956,7/22/2022 8:45,8.3,,6.97,,,,,
957,7/22/2022 9:00,8.3,,7.09,,,,,
958,7/22/2022 9:15,8.4,,7.22,,,,,
959,7/22/2022 9:30,8.3,,7.37,,,,,
960,7/22/2022 9:45,8.3,,7.4,,,,,
961,7/22/2022 10:00,8.3,,7.54,,,,,
962,7/22/2022 10:15,8.3,,7.67,,,,,
963,7/22/2022 10:30,8.3,,7.7,,,,,
964,7/22/2022 10:45,8.2,,7.78,,,,,
965,7/22/2022 11:00,8.2,,7.83,,,,,
966,7/22/2022 11:15,8.2,,8.1,,,,,
967,7/22/2022 11:30,8.3,,8.31,,,,,
968,7/22/2022 11:45,8.3,,8.47,,,,,
969,7/22/2022 12:00,8.2,,8.6,,,,,
970,7/22/2022 12:15,8.2,,8.61,,,,,
971,7/22/2022 12:30,8.3,,8.89,,,,,
972,7/22/2022 12:45,8.4,,8.96,,,,,
973,7/22/2022 13:00,8.2,,9.06,,,,,
974,7/22/2022 13:15,8.2,,9.05,,,,,
975,7/22/2022 13:30,8.2,,9.1,,,,,
976,7/22/2022 13:45,8.2,,9.22,,,,,
977,7/22/2022 14:00,8.1,,9.21,,,,,
978,7/22/2022 14:15,8.2,,9.53,,,,,
979,7/22/2022 14:30,8.2,,9.75,,,,,
980,7/22/2022 14:45,8.2,,9.83,,,,,
981,7/22/2022 15:00,8.2,,9.99,,,,,
982,7/22/2022 15:15,8.1,,9.86,,,,,
983,7/22/2022 15:30,8.1,,9.69,,,,,
984,7/22/2022 15:45,8.1,,9.55,,,,,
985,7/22/2022 16:00,8.1,,9.49,,,,,
986,7/22/2022 16:15,8.1,,9.48,,,,,
987,7/22/2022 16:30,8,,9.42,,,,,
988,7/22/2022 16:45,8.1,,9.53,,,,,
989,7/22/2022 17:00,8,,9.53,,,,,
990,7/22/2022 17:15,8,,9.51,,,,,
991,7/22/2022 17:30,8,,9.48,,,,,
992,7/22/2022 17:45,8,,9.42,,,,,
993,7/22/2022 18:00,7.9,,9.36,,,,,
994,7/22/2022 18:15,8,,9.26,,,,,
995,7/22/2022 18:30,8,,9.14,,,,,
996,7/22/2022 18:45,8,,9.05,,,,,
997,7/22/2022 19:00,8,,8.97,,,,,
998,7/22/2022 19:15,8.1,,8.92,,,,,
999,7/22/2022 19:30,8.1,,8.83,,,,,
1000,7/22/2022 19:45,8.2,,8.68,,,,,
1001,7/22/2022 20:00,8.1,,8.51,,,,,
1002,7/22/2022 20:15,8.1,,8.38,,,,,
1003,7/22/2022 20:30,8.2,,8.22,,,,,
1004,7/22/2022 20:45,8.1,,8.1,,,,,
1005,7/22/2022 21:00,8.1,,7.98,,,,,
1006,7/22/2022 21:15,8.1,,7.87,,,,,
1007,7/22/2022 21:30,8.1,,7.78,,,,,
1008,7/22/2022 21:45,8.1,,7.69,,,,,
1009,7/22/2022 22:00,8.1,,7.67,,,,,
1010,7/22/2022 22:15,8.1,,7.66,,,,,
1011,7/22/2022 22:30,8.2,,7.65,,,,,
1012,7/22/2022 22:45,8.1,,7.63,,,,,
1013,7/22/2022 23:00,8.2,,7.63,,,,,
1014,7/22/2022 23:15,8.2,,7.66,,,,,
1015,7/22/2022 23:30,8.2,,7.67,,,,,
1016,7/22/2022 23:45,8.2,,7.66,,,,,
1017,7/23/2022 0:00,8.2,,7.65,,,,,
1018,7/23/2022 0:15,8.2,,7.66,,,,,
1019,7/23/2022 0:30,8.2,,7.65,,,,,
1020,7/23/2022 0:45,8.2,,7.63,,,,,
1021,7/23/2022 1:00,8.2,,7.62,,,,,
1022,7/23/2022 1:15,8.3,,7.61,,,,,
1023,7/23/2022 1:30,8.4,,7.58,,,,,
1024,7/23/2022 1:45,8.4,,7.55,,,,,
1025,7/23/2022 2:00,8.4,,7.51,,,,,
1026,7/23/2022 2:15,8.4,,7.49,,,,,
1027,7/23/2022 2:30,8.3,,7.44,,,,,
1028,7/23/2022 2:45,8.4,,7.4,,,,,
1029,7/23/2022 3:00,8.3,,7.37,,,,,
1030,7/23/2022 3:15,8.4,,7.33,,,,,
1031,7/23/2022 3:30,8.4,,7.29,,,,,
1032,7/23/2022 3:45,8.4,,7.24,,,,,
1033,7/23/2022 4:00,8.4,,7.21,,,,,
1034,7/23/2022 4:15,8.3,,7.2,,,,,
1035,7/23/2022 4:30,8.4,,7.16,,,,,
1036,7/23/2022 4:45,8.5,,7.14,,,,,
1037,7/23/2022 5:00,8.4,,7.12,,,,,
1038,7/23/2022 5:15,8.4,,7.09,,,,,
1039,7/23/2022 5:30,8.5,,7.06,,,,,
1040,7/23/2022 5:45,8.7,,7.02,,,,,
1041,7/23/2022 6:00,8.7,,6.98,,,,,
1042,7/23/2022 6:15,9.2,,6.97,,,,,
1043,7/23/2022 6:30,8.7,,6.95,,,,,
1044,7/23/2022 6:45,8.5,,6.93,,,,,
1045,7/23/2022 7:00,8.5,,6.95,,,,,
1046,7/23/2022 7:15,8.4,,6.98,,,,,
1047,7/23/2022 7:30,8.5,,7.02,,,,,
1048,7/23/2022 7:45,8.4,,7.06,,,,,
1049,7/23/2022 8:00,8.5,,7.14,,,,,
1050,7/23/2022 8:15,8.4,,7.24,,,,,
1051,7/23/2022 8:30,8.4,,7.28,,,,,
1052,7/23/2022 8:45,8.3,,7.3,,,,,
1053,7/23/2022 9:00,8.4,,7.36,,,,,
1054,7/23/2022 9:15,8.4,,7.42,,,,,
1055,7/23/2022 9:30,8.4,,7.58,,,,,
1056,7/23/2022 9:45,8.4,,7.87,,,,,
1057,7/23/2022 10:00,8.4,,8.16,,,,,
1058,7/23/2022 10:15,8.4,,8.42,,,,,
1059,7/23/2022 10:30,8.5,,8.64,,,,,
1060,7/23/2022 10:45,8.4,,8.77,,,,,
1061,7/23/2022 11:00,8.4,,8.92,,,,,
1062,7/23/2022 11:15,8.5,,9.04,,,,,
1063,7/23/2022 11:30,8.5,,9.34,,,,,
1064,7/23/2022 11:45,8.5,,9.62,,,,,
1065,7/23/2022 12:00,8.6,,9.91,,,,,
1066,7/23/2022 12:15,8.6,,10.08,,,,,
1067,7/23/2022 12:30,8.5,,10.03,,,,,
1068,7/23/2022 12:45,8.5,,10,,,,,
1069,7/23/2022 13:00,8.5,,9.97,,,,,
1070,7/23/2022 13:15,8.4,,9.93,,,,,
1071,7/23/2022 13:30,8.5,,9.99,,,,,
1072,7/23/2022 13:45,8.5,,10.06,,,,,
1073,7/23/2022 14:00,8.5,,10.12,,,,,
1074,7/23/2022 14:15,8.5,,10.38,,,,,
1075,7/23/2022 14:30,8.4,,10.47,,,,,
1076,7/23/2022 14:45,8.5,,10.57,,,,,
1077,7/23/2022 15:00,8.4,,10.71,,,,,
1078,7/23/2022 15:15,8.4,,10.75,,,,,
1079,7/23/2022 15:30,8.6,,10.99,,,,,
1080,7/23/2022 15:45,8.6,,11.25,,,,,
1081,7/23/2022 16:00,8.6,,11.41,,,,,
1082,7/23/2022 16:15,8.5,,11.42,,,,,
1083,7/23/2022 16:30,8.6,,11.41,,,,,
1084,7/23/2022 16:45,8.5,,11.29,,,,,
1085,7/23/2022 17:00,8.4,,11.13,,,,,
1086,7/23/2022 17:15,8.4,,10.99,,,,,
1087,7/23/2022 17:30,8.4,,10.8,,,,,
1088,7/23/2022 17:45,8.4,,10.67,,,,,
1089,7/23/2022 18:00,8.3,,10.53,,,,,
1090,7/23/2022 18:15,8.4,,10.42,,,,,
1091,7/23/2022 18:30,8.4,,10.31,,,,,
1092,7/23/2022 18:45,8.4,,10.2,,,,,
1093,7/23/2022 19:00,8.4,,10.11,,,,,
1094,7/23/2022 19:15,8.4,,10.04,,,,,
1095,7/23/2022 19:30,8.4,,9.97,,,,,
1096,7/23/2022 19:45,8.5,,9.89,,,,,
1097,7/23/2022 20:00,8.6,,9.82,,,,,
1098,7/23/2022 20:15,8.6,,9.77,,,,,
1099,7/23/2022 20:30,8.6,,9.71,,,,,
1100,7/23/2022 20:45,8.6,,9.69,,,,,
1101,7/23/2022 21:00,8.6,,9.62,,,,,
1102,7/23/2022 21:15,8.6,,9.59,,,,,
1103,7/23/2022 21:30,8.6,,9.55,,,,,
1104,7/23/2022 21:45,8.6,,9.53,,,,,
1105,7/23/2022 22:00,8.6,,9.5,,,,,
1106,7/23/2022 22:15,8.6,,9.46,,,,,
1107,7/23/2022 22:30,8.6,,9.42,,,,,
1108,7/23/2022 22:45,8.6,,9.37,,,,,
1109,7/23/2022 23:00,8.6,,9.3,,,,,
1110,7/23/2022 23:15,8.6,,9.25,,,,,
1111,7/23/2022 23:30,8.6,,9.22,,,,,
1112,7/23/2022 23:45,8.8,,9.2,,,,,
1113,7/24/2022 0:00,8.6,,9.16,,,,,
1114,7/24/2022 0:15,8.8,,9.12,,,,,
1115,7/24/2022 0:30,8.6,,9.08,,,,,
1116,7/24/2022 0:45,8.8,,9.05,,,,,
1117,7/24/2022 1:00,8.6,,9.05,,,,,
1118,7/24/2022 1:15,8.8,,9.05,,,,,
1119,7/24/2022 1:30,8.8,,9.04,,,,,
1120,7/24/2022 1:45,8.9,,9.02,,,,,
1121,7/24/2022 2:00,8.9,,9.01,,,,,
1122,7/24/2022 2:15,8.8,,9,,,,,
1123,7/24/2022 2:30,8.8,,8.97,,,,,
1124,7/24/2022 2:45,8.9,,8.95,,,,,
1125,7/24/2022 3:00,8.9,,8.92,,,,,
1126,7/24/2022 3:15,8.8,,8.92,,,,,
1127,7/24/2022 3:30,8.9,,8.89,,,,,
1128,7/24/2022 3:45,8.9,,8.87,,,,,
1129,7/24/2022 4:00,8.9,,8.85,,,,,
1130,7/24/2022 4:15,8.9,,8.81,,,,,
1131,7/24/2022 4:30,8.9,,8.79,,,,,
1132,7/24/2022 4:45,8.9,,8.76,,,,,
1133,7/24/2022 5:00,8.9,,8.71,,,,,
1134,7/24/2022 5:15,8.9,,8.67,,,,,
1135,7/24/2022 5:30,8.9,,8.64,,,,,
1136,7/24/2022 5:45,8.9,,8.59,,,,,
1137,7/24/2022 6:00,8.9,,8.56,,,,,
1138,7/24/2022 6:15,8.9,,8.53,,,,,
1139,7/24/2022 6:30,8.9,,8.49,,,,,
1140,7/24/2022 6:45,8.9,,8.51,,,,,
1141,7/24/2022 7:00,8.9,,8.55,,,,,
1142,7/24/2022 7:15,8.9,,8.6,,,,,
1143,7/24/2022 7:30,8.9,,8.61,,,,,
1144,7/24/2022 7:45,8.9,,8.63,,,,,
1145,7/24/2022 8:00,8.9,,8.65,,,,,
1146,7/24/2022 8:15,8.9,,8.69,,,,,
1147,7/24/2022 8:30,8.9,,8.72,,,,,
1148,7/24/2022 8:45,8.9,,8.76,,,,,
1149,7/24/2022 9:00,8.9,,8.81,,,,,
1150,7/24/2022 9:15,8.9,,8.84,,,,,
1151,7/24/2022 9:30,8.9,,8.95,,,,,
1152,7/24/2022 9:45,8.9,,9.08,,,,,
1153,7/24/2022 10:00,8.9,,9.13,,,,,
1154,7/24/2022 10:15,8.9,,9.22,,,,,
1155,7/24/2022 10:30,8.9,,9.32,,,,,
1156,7/24/2022 10:45,8.9,,9.44,,,,,
1157,7/24/2022 11:00,8.9,,9.53,,,,,
1158,7/24/2022 11:15,8.9,,9.73,,,,,
1159,7/24/2022 11:30,8.9,,9.94,,,,,
1160,7/24/2022 11:45,8.9,,10.12,,,,,
1161,7/24/2022 12:00,9,,10.34,,,,,
1162,7/24/2022 12:15,9,,10.51,,,,,
1163,7/24/2022 12:30,9,,10.65,,,,,
1164,7/24/2022 12:45,9,,10.87,,,,,
1165,7/24/2022 13:00,9.1,,11.1,,,,,
1166,7/24/2022 13:15,9.1,,11.48,,,,,
1167,7/24/2022 13:30,9.1,,11.55,,,,,
1168,7/24/2022 13:45,9,,11.62,,,,,
1169,7/24/2022 14:00,9.1,,11.65,,,,,
1170,7/24/2022 14:15,9,,11.61,,,,,
1171,7/24/2022 14:30,9,,11.53,,,,,
1172,7/24/2022 14:45,8.9,,11.38,,,,,
1173,7/24/2022 15:00,8.9,,11.32,,,,,
1174,7/24/2022 15:15,8.9,,11.3,,,,,
1175,7/24/2022 15:30,8.9,,11.5,,,,,
1176,7/24/2022 15:45,9,,11.58,,,,,
1177,7/24/2022 16:00,8.9,,11.57,,,,,
1178,7/24/2022 16:15,8.9,,11.53,,,,,
1179,7/24/2022 16:30,8.9,,11.49,,,,,
1180,7/24/2022 16:45,8.8,,11.44,,,,,
1181,7/24/2022 17:00,8.8,,11.44,,,,,
1182,7/24/2022 17:15,8.8,,11.33,,,,,
1183,7/24/2022 17:30,8.8,,11.2,,,,,
1184,7/24/2022 17:45,8.8,,11.08,,,,,
1185,7/24/2022 18:00,8.8,,10.97,,,,,
1186,7/24/2022 18:15,8.9,,10.85,,,,,
1187,7/24/2022 18:30,8.9,,10.76,,,,,
1188,7/24/2022 18:45,8.9,,10.69,,,,,
1189,7/24/2022 19:00,8.9,,10.61,,,,,
1190,7/24/2022 19:15,9,,10.55,,,,,
1191,7/24/2022 19:30,9,,10.49,,,,,
1192,7/24/2022 19:45,9,,10.44,,,,,
1193,7/24/2022 20:00,9.1,,10.4,,,,,
1194,7/24/2022 20:15,9.1,,10.36,,,,,
1195,7/24/2022 20:30,9.1,,10.32,,,,,
1196,7/24/2022 20:45,9.1,,10.28,,,,,
1197,7/24/2022 21:00,9.1,,10.24,,,,,
1198,7/24/2022 21:15,9.1,,10.22,,,,,
1199,7/24/2022 21:30,9.1,,10.19,,,,,
1200,7/24/2022 21:45,9.2,,10.16,,,,,
1201,7/24/2022 22:00,9.1,,10.14,,,,,
1202,7/24/2022 22:15,9.2,,10.12,,,,,
1203,7/24/2022 22:30,9.2,,10.08,,,,,
1204,7/24/2022 22:45,9.2,,10.07,,,,,
1205,7/24/2022 23:00,9.3,,10.06,,,,,
1206,7/24/2022 23:15,9.3,,9.99,,,,,
1207,7/24/2022 23:30,9.2,,9.95,,,,,
1208,7/24/2022 23:45,9.3,,9.91,,,,,
1209,7/25/2022 0:00,9.2,,9.9,,,,,
1210,7/25/2022 0:15,9.3,,9.86,,,,,
1211,7/25/2022 0:30,9.3,,9.79,,,,,
1212,7/25/2022 0:45,9.3,,9.74,,,,,
1213,7/25/2022 1:00,9.3,,9.7,,,,,
1214,7/25/2022 1:15,9.2,,9.63,,,,,
1215,7/25/2022 1:30,9.3,,9.57,,,,,
1216,7/25/2022 1:45,9.3,,9.54,,,,,
1217,7/25/2022 2:00,9.3,,9.51,,,,,
1218,7/25/2022 2:15,9.3,,9.5,,,,,
1219,7/25/2022 2:30,9.3,,9.48,,,,,
1220,7/25/2022 2:45,9.4,,9.42,,,,,
1221,7/25/2022 3:00,9.3,,9.4,,,,,
1222,7/25/2022 3:15,9.4,,9.34,,,,,
1223,7/25/2022 3:30,9.4,,9.28,,,,,
1224,7/25/2022 3:45,9.3,,9.22,,,,,
1225,7/25/2022 4:00,9.3,,9.17,,,,,
1226,7/25/2022 4:15,9.2,,9.14,,,,,
1227,7/25/2022 4:30,9.3,,9.12,,,,,
1228,7/25/2022 4:45,9.3,,9.1,,,,,
1229,7/25/2022 5:00,9.3,,9.09,,,,,
1230,7/25/2022 5:15,9.3,,9.08,,,,,
1231,7/25/2022 5:30,9.3,,9.05,,,,,
1232,7/25/2022 5:45,9.3,,9.04,,,,,
1233,7/25/2022 6:00,9.3,,9,,,,,
1234,7/25/2022 6:15,9.3,,8.95,,,,,
1235,7/25/2022 6:30,9.4,,8.92,,,,,
1236,7/25/2022 6:45,9.4,,8.91,,,,,
1237,7/25/2022 7:00,9.3,,8.88,,,,,
1238,7/25/2022 7:15,9.3,,8.83,,,,,
1239,7/25/2022 7:30,9.3,,8.88,,,,,
1240,7/25/2022 7:45,9.3,,8.95,,,,,
1241,7/25/2022 8:00,9.3,,9.05,,,,,
1242,7/25/2022 8:15,9.3,,9.13,,,,,
1243,7/25/2022 8:30,9.4,,9.33,,,,,
1244,7/25/2022 8:45,9.4,,9.53,,,,,
1245,7/25/2022 9:00,9.4,,9.63,,,,,
1246,7/25/2022 9:15,9.4,,9.74,,,,,
1247,7/25/2022 9:30,9.4,,9.97,,,,,
1248,7/25/2022 9:45,9.4,,10.39,,,,,
1249,7/25/2022 10:00,9.5,,10.85,,,,,
1250,7/25/2022 10:15,9.6,,11.2,,,,,
1251,7/25/2022 10:30,9.5,,11.53,,,,,
1252,7/25/2022 10:45,9.8,,12.12,,,,,
1253,7/25/2022 11:00,9.8,,12.64,,,,,
1254,7/25/2022 11:15,9.7,,12.87,,,,,
1255,7/25/2022 11:30,9.6,,12.61,,,,,
1256,7/25/2022 11:45,9.5,,12.28,,,,,
1257,7/25/2022 12:00,9.5,,12.02,,,,,
1258,7/25/2022 12:15,9.3,,12.06,,,,,
1259,7/25/2022 12:30,9.4,,12.03,,,,,
1260,7/25/2022 12:45,9.4,,11.99,,,,,
1261,7/25/2022 13:00,9.5,,12.36,,,,,
1262,7/25/2022 13:15,9.6,,13,,,,,
1263,7/25/2022 13:30,9.7,,13.42,,,,,
1264,7/25/2022 13:45,9.7,,13.54,,,,,
1265,7/25/2022 14:00,9.7,,13.79,,,,,
1266,7/25/2022 14:15,9.9,,14.15,,,,,
1267,7/25/2022 14:30,9.9,,14.53,,,,,
1268,7/25/2022 14:45,9.9,,14.73,,,,,
1269,7/25/2022 15:00,9.9,,14.81,,,,,
1270,7/25/2022 15:15,9.9,,14.69,,,,,
1271,7/25/2022 15:30,9.8,,14.69,,,,,
1272,7/25/2022 15:45,9.8,,14.73,,,,,
1273,7/25/2022 16:00,9.8,,14.64,,,,,
1274,7/25/2022 16:15,9.7,,14.53,,,,,
1275,7/25/2022 16:30,9.7,,14.35,,,,,
1276,7/25/2022 16:45,9.6,,14.11,,,,,
1277,7/25/2022 17:00,9.6,,13.94,,,,,
1278,7/25/2022 17:15,9.6,,13.75,,,,,
1279,7/25/2022 17:30,9.5,,13.54,,,,,
1280,7/25/2022 17:45,9.5,,13.36,,,,,
1281,7/25/2022 18:00,9.5,,13.13,,,,,
1282,7/25/2022 18:15,9.4,,12.93,,,,,
1283,7/25/2022 18:30,9.5,,12.72,,,,,
1284,7/25/2022 18:45,9.5,,12.6,,,,,
1285,7/25/2022 19:00,9.4,,12.51,,,,,
1286,7/25/2022 19:15,9.5,,12.42,,,,,
1287,7/25/2022 19:30,9.4,,12.32,,,,,
1288,7/25/2022 19:45,9.5,,12.23,,,,,
1289,7/25/2022 20:00,9.5,,12.15,,,,,
1290,7/25/2022 20:15,9.5,,12.07,,,,,
1291,7/25/2022 20:30,9.5,,11.99,,,,,
1292,7/25/2022 20:45,9.5,,11.91,,,,,
1293,7/25/2022 21:00,9.5,,11.85,,,,,
1294,7/25/2022 21:15,9.5,,11.78,,,,,
1295,7/25/2022 21:30,9.5,,11.73,,,,,
1296,7/25/2022 21:45,9.6,,11.67,,,,,
1297,7/25/2022 22:00,9.5,,11.65,,,,,
1298,7/25/2022 22:15,9.6,,11.61,,,,,
1299,7/25/2022 22:30,9.6,,11.55,,,,,
1300,7/25/2022 22:45,9.6,,11.53,,,,,
1301,7/25/2022 23:00,9.6,,11.5,,,,,
1302,7/25/2022 23:15,9.6,,11.46,,,,,
1303,7/25/2022 23:30,9.7,,11.44,,,,,
1304,7/25/2022 23:45,9.7,,11.4,,,,,
1305,7/26/2022 0:00,9.6,,11.37,,,,,
1306,7/26/2022 0:15,9.7,,11.33,,,,,
1307,7/26/2022 0:30,9.7,,11.26,,,,,
1308,7/26/2022 0:45,9.9,,11.21,,,,,
1309,7/26/2022 1:00,9.8,,11.17,,,,,
1310,7/26/2022 1:15,9.8,,11.13,,,,,
1311,7/26/2022 1:30,9.8,,11.09,,,,,
1312,7/26/2022 1:45,9.8,,11.04,,,,,
1313,7/26/2022 2:00,9.8,,10.99,,,,,
1314,7/26/2022 2:15,9.8,,10.91,,,,,
1315,7/26/2022 2:30,9.8,,10.84,,,,,
1316,7/26/2022 2:45,9.9,,10.81,,,,,
1317,7/26/2022 3:00,9.8,,10.77,,,,,
1318,7/26/2022 3:15,9.8,,10.73,,,,,
1319,7/26/2022 3:30,9.8,,10.67,,,,,
1320,7/26/2022 3:45,9.8,,10.63,,,,,
1321,7/26/2022 4:00,9.8,,10.57,,,,,
1322,7/26/2022 4:15,9.9,,10.48,,,,,
1323,7/26/2022 4:30,9.9,,10.36,,,,,
1324,7/26/2022 4:45,9.9,,10.11,,,,,
1325,7/26/2022 5:00,9.9,,9.86,,,,,
1326,7/26/2022 5:15,9.8,,9.7,,,,,
1327,7/26/2022 5:30,9.8,,9.66,,,,,
1328,7/26/2022 5:45,9.9,,9.62,,,,,
1329,7/26/2022 6:00,9.9,,9.57,,,,,
1330,7/26/2022 6:15,9.9,,9.49,,,,,
1331,7/26/2022 6:30,9.9,,9.42,,,,,
1332,7/26/2022 6:45,9.9,,9.37,,,,,
1333,7/26/2022 7:00,9.9,,9.34,,,,,
1334,7/26/2022 7:15,9.9,,9.29,,,,,
1335,7/26/2022 7:30,9.9,,9.25,,,,,
1336,7/26/2022 7:45,9.9,,9.22,,,,,
1337,7/26/2022 8:00,9.9,,9.24,,,,,
1338,7/26/2022 8:15,9.9,,9.25,,,,,
1339,7/26/2022 8:30,9.9,,9.26,,,,,
1340,7/26/2022 8:45,9.9,,9.28,,,,,
1341,7/26/2022 9:00,10,,9.33,,,,,
1342,7/26/2022 9:15,9.9,,9.37,,,,,
1343,7/26/2022 9:30,9.9,,9.42,,,,,
1344,7/26/2022 9:45,9.9,,9.48,,,,,
1345,7/26/2022 10:00,9.9,,9.5,,,,,
1346,7/26/2022 10:15,9.9,,9.54,,,,,
1347,7/26/2022 10:30,9.9,,9.58,,,,,
1348,7/26/2022 10:45,9.8,,9.65,,,,,
1349,7/26/2022 11:00,9.8,,9.79,,,,,
1350,7/26/2022 11:15,9.9,,9.99,,,,,
1351,7/26/2022 11:30,9.8,,10.07,,,,,
1352,7/26/2022 11:45,9.8,,10.2,,,,,
1353,7/26/2022 12:00,9.8,,10.34,,,,,
1354,7/26/2022 12:15,9.8,,10.52,,,,,
1355,7/26/2022 12:30,9.8,,10.73,,,,,
1356,7/26/2022 12:45,9.8,,10.97,,,,,
1357,7/26/2022 13:00,9.8,,11.21,,,,,
1358,7/26/2022 13:15,9.8,,11.32,,,,,
1359,7/26/2022 13:30,9.7,,11.33,,,,,
1360,7/26/2022 13:45,9.7,,11.48,,,,,
1361,7/26/2022 14:00,9.7,,11.65,,,,,
1362,7/26/2022 14:15,9.7,,11.75,,,,,
1363,7/26/2022 14:30,9.7,,11.87,,,,,
1364,7/26/2022 14:45,9.8,,12.1,,,,,
1365,7/26/2022 15:00,9.7,,12.22,,,,,
1366,7/26/2022 15:15,9.8,,12.44,,,,,
1367,7/26/2022 15:30,9.7,,12.39,,,,,
1368,7/26/2022 15:45,9.7,,12.31,,,,,
1369,7/26/2022 16:00,9.6,,12.22,,,,,
1370,7/26/2022 16:15,9.6,,12.11,,,,,
1371,7/26/2022 16:30,9.6,,12.07,,,,,
1372,7/26/2022 16:45,9.5,,11.91,,,,,
1373,7/26/2022 17:00,9.5,,11.73,,,,,
1374,7/26/2022 17:15,9.4,,11.62,,,,,
1375,7/26/2022 17:30,9.4,,11.54,,,,,
1376,7/26/2022 17:45,9.4,,11.49,,,,,
1377,7/26/2022 18:00,9.4,,11.45,,,,,
1378,7/26/2022 18:15,9.4,,11.32,,,,,
1379,7/26/2022 18:30,9.4,,11.16,,,,,
1380,7/26/2022 18:45,9.4,,10.99,,,,,
1381,7/26/2022 19:00,9.3,,10.84,,,,,
1382,7/26/2022 19:15,9.5,,10.69,,,,,
1383,7/26/2022 19:30,9.4,,10.6,,,,,
1384,7/26/2022 19:45,9.5,,10.52,,,,,
1385,7/26/2022 20:00,9.5,,10.39,,,,,
1386,7/26/2022 20:15,9.5,,10.22,,,,,
1387,7/26/2022 20:30,9.4,,9.98,,,,,
1388,7/26/2022 20:45,9.4,,9.78,,,,,
1389,7/26/2022 21:00,9.4,,9.66,,,,,
1390,7/26/2022 21:15,9.4,,9.61,,,,,
1391,7/26/2022 21:30,9.4,,9.49,,,,,
1392,7/26/2022 21:45,9.4,,9.4,,,,,
1393,7/26/2022 22:00,9.4,,9.26,,,,,
1394,7/26/2022 22:15,9.4,,9.24,,,,,
1395,7/26/2022 22:30,9.4,,9.2,,,,,
1396,7/26/2022 22:45,9.4,,9.14,,,,,
1397,7/26/2022 23:00,9.5,,9.08,,,,,
1398,7/26/2022 23:15,9.6,,9.05,,,,,
1399,7/26/2022 23:30,9.5,,9,,,,,
1400,7/26/2022 23:45,9.5,,8.93,,,,,
1401,7/27/2022 0:00,9.4,,8.88,,,,,
1402,7/27/2022 0:15,9.5,,8.81,,,,,
1403,7/27/2022 0:30,9.5,,8.79,,,,,
1404,7/27/2022 0:45,9.5,,8.75,,,,,
1405,7/27/2022 1:00,9.4,,8.71,,,,,
1406,7/27/2022 1:15,9.5,,8.68,,,,,
1407,7/27/2022 1:30,9.4,,8.67,,,,,
1408,7/27/2022 1:45,9.4,,8.61,,,,,
1409,7/27/2022 2:00,11.3,,8.59,,,,,
1410,7/27/2022 2:15,9.4,,8.57,,,,,
1411,7/27/2022 2:30,9.4,,8.55,,,,,
1412,7/27/2022 2:45,9.4,,8.52,,,,,
1413,7/27/2022 3:00,9.4,,8.47,,,,,
1414,7/27/2022 3:15,9.4,,8.44,,,,,
1415,7/27/2022 3:30,9.4,,8.42,,,,,
1416,7/27/2022 3:45,9.3,,8.39,,,,,
1417,7/27/2022 4:00,9.3,,8.28,,,,,
1418,7/27/2022 4:15,9.2,,8.26,,,,,
1419,7/27/2022 4:30,9.2,,8.2,,,,,
1420,7/27/2022 4:45,9.2,,8.16,,,,,
1421,7/27/2022 5:00,9.2,,8.15,,,,,
1422,7/27/2022 5:15,9.2,,8.11,,,,,
1423,7/27/2022 5:30,9.2,,8.08,,,,,
1424,7/27/2022 5:45,9.2,,8.03,,,,,
1425,7/27/2022 6:00,9.2,,8,,,,,
1426,7/27/2022 6:15,9.2,,7.99,,,,,
1427,7/27/2022 6:30,9.2,,7.95,,,,,
1428,7/27/2022 6:45,9.2,,7.94,,,,,
1429,7/27/2022 7:00,9.2,,7.93,,,,,
1430,7/27/2022 7:15,9.2,,7.91,,,,,
1431,7/27/2022 7:30,9.2,,7.93,,,,,
1432,7/27/2022 7:45,9.2,,7.94,,,,,
1433,7/27/2022 8:00,9.2,,7.98,,,,,
1434,7/27/2022 8:15,9.2,,8.07,,,,,
1435,7/27/2022 8:30,9.2,,8.15,,,,,
1436,7/27/2022 8:45,9.2,,8.22,,,,,
1437,7/27/2022 9:00,9.1,,8.26,,,,,
1438,7/27/2022 9:15,9,,8.34,,,,,
1439,7/27/2022 9:30,0.7,,6.98,,,,,
1440,7/27/2022 9:35,,,,,Logged,,,
1441,7/27/2022 9:35,,,,Logged,,,,
1442,7/27/2022 9:35,,,,,Logged,,,
1443,7/27/2022 9:35,,,,Logged,,,,
1444,7/27/2022 9:35,,,,,Logged,,,
1445,7/27/2022 9:36,,,,,,Logged,,
1446,7/27/2022 9:36,,,,,,,Logged,Logged
