Serial_number:,,,,,,,
2020421,,,,,,,3.7733
Project ID:,,,,,,,3.7733
,,,,,,,3.7733
Location:,,,,,,,
,,,,,,,
LEVEL,,,,,,,
UNIT: kPa,,,,,,,
Offset: 0.000000 kPa,,,,,,,
TEMPERATURE,,,,,,,
UNIT: °C,,,,,,,
Date,Time,ms,LEVEL,TEMPERATURE,Level mH2O,,
7/12/2019,12:30:00 PM,0,1.8022,11.169,,,
7/12/2019,12:45:00 PM,0,1.8629,11.537,,,
7/12/2019,1:00:00 PM,0,1.9152,11.942,,,
7/12/2019,1:15:00 PM,0,1.8805,12.033,,,
7/12/2019,1:30:00 PM,0,1.9161,12.125,,,
7/12/2019,1:45:00 PM,0,1.9337,12.197,,,
7/12/2019,2:00:00 PM,0,1.9691,12.486,,,
7/12/2019,2:15:00 PM,0,2.0009,12.7,,,
7/12/2019,2:30:00 PM,0,1.9949,12.713,,,
7/12/2019,2:45:00 PM,0,2.0158,12.776,,,
7/12/2019,3:00:00 PM,0,2.012,12.966,,,
7/12/2019,3:15:00 PM,0,1.9358,13.307,,,
7/12/2019,3:30:00 PM,0,1.9164,13.2,,,
7/12/2019,3:45:00 PM,0,1.9036,13.254,,,
7/12/2019,4:00:00 PM,0,1.9143,13.09,,,
7/12/2019,4:15:00 PM,0,1.8735,12.927,,,
7/12/2019,4:30:00 PM,0,1.8493,12.821,,,
7/12/2019,4:45:00 PM,0,1.8402,12.672,,,
7/12/2019,5:00:00 PM,0,1.823,12.491,,,
7/12/2019,5:15:00 PM,0,1.8113,12.253,,,
7/12/2019,5:30:00 PM,0,1.7959,12.119,,,
7/12/2019,5:45:00 PM,0,1.782,11.906,,,
7/12/2019,6:00:00 PM,0,1.7312,11.642,,,
7/12/2019,6:15:00 PM,0,1.6931,11.398,,,
7/12/2019,6:30:00 PM,0,1.703,11.176,,,
7/12/2019,6:45:00 PM,0,1.6892,10.927,,,
7/12/2019,7:00:00 PM,0,1.679,10.725,,,
7/12/2019,7:15:00 PM,0,1.6758,10.541,,,
7/12/2019,7:30:00 PM,0,1.6785,10.354,,,
7/12/2019,7:45:00 PM,0,1.6819,10.201,,,
7/12/2019,8:00:00 PM,0,1.6614,10.051,,,
7/12/2019,8:15:00 PM,0,1.6685,9.916,,,
7/12/2019,8:30:00 PM,0,1.655,9.797,,,
7/12/2019,8:45:00 PM,0,1.6545,9.672,,,
7/12/2019,9:00:00 PM,0,1.6418,9.569,,,
7/12/2019,9:15:00 PM,0,1.6405,9.455,,,
7/12/2019,9:30:00 PM,0,1.6302,9.338,,,
7/12/2019,9:45:00 PM,0,1.6041,9.218,,,
7/12/2019,10:00:00 PM,0,1.6259,9.126,,,
7/12/2019,10:15:00 PM,0,1.6189,9.053,,,
7/12/2019,10:30:00 PM,0,1.6009,8.962,,,
7/12/2019,10:45:00 PM,0,1.6155,8.872,,,
7/12/2019,11:00:00 PM,0,1.6035,8.815,,,
7/12/2019,11:15:00 PM,0,1.5913,8.752,,,
7/12/2019,11:30:00 PM,0,1.6155,8.688,,,
7/12/2019,11:45:00 PM,0,1.6064,8.625,,,
7/13/2019,12:00:00 AM,0,1.6189,8.564,,,
7/13/2019,12:15:00 AM,0,1.6194,8.524,,,
7/13/2019,12:30:00 AM,0,1.6396,8.463,,,
7/13/2019,12:45:00 AM,0,1.6278,8.41,,,
7/13/2019,1:00:00 AM,0,1.6479,8.357,,,
7/13/2019,1:15:00 AM,0,1.6372,8.307,,,
7/13/2019,1:30:00 AM,0,1.6409,8.255,,,
7/13/2019,1:45:00 AM,0,1.6456,8.196,,,
7/13/2019,2:00:00 AM,0,1.638,8.148,,,
7/13/2019,2:15:00 AM,0,1.6262,8.096,,,
7/13/2019,2:30:00 AM,0,1.6084,8.057,,,
7/13/2019,2:45:00 AM,0,1.6183,8.004,,,
7/13/2019,3:00:00 AM,0,1.6291,7.951,,,
7/13/2019,3:15:00 AM,0,1.6669,7.87,,,
7/13/2019,3:30:00 AM,0,1.6518,7.752,,,
7/13/2019,3:45:00 AM,0,1.6532,7.704,,,
7/13/2019,4:00:00 AM,0,1.6446,7.649,,,
7/13/2019,4:15:00 AM,0,1.6571,7.591,,,
7/13/2019,4:30:00 AM,0,1.6435,7.54,,,
7/13/2019,4:45:00 AM,0,1.6457,7.493,,,
7/13/2019,5:00:00 AM,0,1.6968,7.438,,,
7/13/2019,5:15:00 AM,0,1.7083,7.376,,,
7/13/2019,5:30:00 AM,0,1.6938,7.28,,,
7/13/2019,5:45:00 AM,0,1.7068,7.183,,,
7/13/2019,6:00:00 AM,0,1.7189,7.079,,,
7/13/2019,6:15:00 AM,0,1.7227,7.048,,,
7/13/2019,6:30:00 AM,0,1.746,7.038,,,
7/13/2019,6:45:00 AM,0,1.7128,7.018,,,
7/13/2019,7:00:00 AM,0,1.7531,6.987,,,
7/13/2019,7:15:00 AM,0,1.783,6.953,,,
7/13/2019,7:30:00 AM,0,1.7745,6.94,,,
7/13/2019,7:45:00 AM,0,1.7666,6.933,,,
7/13/2019,8:00:00 AM,0,1.7568,6.969,,,
7/13/2019,8:15:00 AM,0,1.7884,6.993,,,
7/13/2019,8:30:00 AM,0,1.8197,7.045,,,
7/13/2019,8:45:00 AM,0,1.814,7.096,,,
7/13/2019,9:00:00 AM,0,1.7972,7.193,,,
7/13/2019,9:15:00 AM,0,1.8239,7.307,,,
7/13/2019,9:30:00 AM,0,1.783,7.396,,,
7/13/2019,9:45:00 AM,0,1.8459,7.524,,,
7/13/2019,10:00:00 AM,0,1.809,7.685,,,
7/13/2019,10:15:00 AM,0,1.8678,7.811,,,
7/13/2019,10:30:00 AM,0,1.8631,7.88,,,
7/13/2019,10:45:00 AM,0,1.8759,7.981,,,
7/13/2019,11:00:00 AM,0,1.8576,8.159,,,
7/13/2019,11:15:00 AM,0,1.8191,8.536,,,
7/13/2019,11:30:00 AM,0,1.9342,8.723,,,
7/13/2019,11:45:00 AM,0,1.8775,8.797,,,
7/13/2019,12:00:00 PM,0,1.831,8.928,,,
7/13/2019,12:15:00 PM,0,1.8457,9.237,,,
7/13/2019,12:30:00 PM,0,1.8442,9.394,,,
7/13/2019,12:45:00 PM,0,1.9025,9.647,,,
7/13/2019,1:00:00 PM,0,1.8711,9.805,,,
7/13/2019,1:15:00 PM,0,1.913,9.915,,,
7/13/2019,1:30:00 PM,0,1.8888,10.076,,,
7/13/2019,1:45:00 PM,0,1.8517,10.178,,,
7/13/2019,2:00:00 PM,0,1.9484,10.515,,,
7/13/2019,2:15:00 PM,0,1.919,10.698,,,
7/13/2019,2:30:00 PM,0,1.7656,10.793,,,
7/13/2019,2:45:00 PM,0,1.8965,10.7,,,
7/13/2019,3:00:00 PM,0,1.7925,10.781,,,
7/13/2019,3:15:00 PM,0,1.8816,11.11,,,
7/13/2019,3:30:00 PM,0,1.9015,11.288,,,
7/13/2019,3:45:00 PM,0,1.8405,11.512,,,
7/13/2019,4:00:00 PM,0,1.812,11.611,,,
7/13/2019,4:15:00 PM,0,1.8243,11.605,,,
7/13/2019,4:30:00 PM,0,1.894,11.555,,,
7/13/2019,4:45:00 PM,0,1.8129,11.347,,,
7/13/2019,5:00:00 PM,0,1.8233,11.148,,,
7/13/2019,5:15:00 PM,0,1.9167,10.945,,,
7/13/2019,5:30:00 PM,0,1.8298,10.761,,,
7/13/2019,5:45:00 PM,0,1.8257,10.559,,,
7/13/2019,6:00:00 PM,0,1.8804,10.315,,,
7/13/2019,6:15:00 PM,0,1.8335,10.078,,,
7/13/2019,6:30:00 PM,0,1.8306,9.858,,,
7/13/2019,6:45:00 PM,0,1.7598,9.669,,,
7/13/2019,7:00:00 PM,0,1.8409,9.517,,,
7/13/2019,7:15:00 PM,0,1.9234,9.398,,,
7/13/2019,7:30:00 PM,0,1.8739,9.247,,,
7/13/2019,7:45:00 PM,0,1.847,9.134,,,
7/13/2019,8:00:00 PM,0,1.8479,9.002,,,
7/13/2019,8:15:00 PM,0,1.9095,8.887,,,
7/13/2019,8:30:00 PM,0,1.7998,8.793,,,
7/13/2019,8:45:00 PM,0,1.835,8.7,,,
7/13/2019,9:00:00 PM,0,1.8757,8.598,,,
7/13/2019,9:15:00 PM,0,1.8638,8.516,,,
7/13/2019,9:30:00 PM,0,1.8293,8.433,,,
7/13/2019,9:45:00 PM,0,1.8059,8.353,,,
7/13/2019,10:00:00 PM,0,1.8767,8.283,,,
7/13/2019,10:15:00 PM,0,1.8083,8.218,,,
7/13/2019,10:30:00 PM,0,1.8415,8.151,,,
7/13/2019,10:45:00 PM,0,1.7746,8.085,,,
7/13/2019,11:00:00 PM,0,1.8297,8.019,,,
7/13/2019,11:15:00 PM,0,1.8095,7.959,,,
7/13/2019,11:30:00 PM,0,1.8633,7.91,,,
7/13/2019,11:45:00 PM,0,1.774,7.835,,,
7/14/2019,12:00:00 AM,0,1.8542,7.746,,,
7/14/2019,12:15:00 AM,0,1.8327,7.673,,,
7/14/2019,12:30:00 AM,0,1.8816,7.585,,,
7/14/2019,12:45:00 AM,0,1.821,7.497,,,
7/14/2019,1:00:00 AM,0,1.8756,7.397,,,
7/14/2019,1:15:00 AM,0,1.8576,7.313,,,
7/14/2019,1:30:00 AM,0,1.8572,7.244,,,
7/14/2019,1:45:00 AM,0,1.8205,7.182,,,
7/14/2019,2:00:00 AM,0,1.8531,7.138,,,
7/14/2019,2:15:00 AM,0,1.8653,7.103,,,
7/14/2019,2:30:00 AM,0,1.8206,7.073,,,
7/14/2019,2:45:00 AM,0,1.8197,7.042,,,
7/14/2019,3:00:00 AM,0,1.8312,7.012,,,
7/14/2019,3:15:00 AM,0,1.8515,6.979,,,
7/14/2019,3:30:00 AM,0,1.8745,6.95,,,
7/14/2019,3:45:00 AM,0,1.9045,6.892,,,
7/14/2019,4:00:00 AM,0,1.8307,6.852,,,
7/14/2019,4:15:00 AM,0,1.8598,6.8,,,
7/14/2019,4:30:00 AM,0,1.8884,6.746,,,
7/14/2019,4:45:00 AM,0,1.8511,6.694,,,
7/14/2019,5:00:00 AM,0,1.8735,6.629,,,
7/14/2019,5:15:00 AM,0,1.8445,6.558,,,
7/14/2019,5:30:00 AM,0,1.8651,6.503,,,
7/14/2019,5:45:00 AM,0,1.8597,6.453,,,
7/14/2019,6:00:00 AM,0,1.8608,6.405,,,
7/14/2019,6:15:00 AM,0,1.8886,6.343,,,
7/14/2019,6:30:00 AM,0,1.9006,6.284,,,
7/14/2019,6:45:00 AM,0,1.9169,6.238,,,
7/14/2019,7:00:00 AM,0,1.9274,6.214,,,
7/14/2019,7:15:00 AM,0,1.9298,6.197,,,
7/14/2019,7:30:00 AM,0,1.9334,6.229,,,
7/14/2019,7:45:00 AM,0,1.9746,6.236,,,
7/14/2019,8:00:00 AM,0,2.0104,6.161,,,
7/14/2019,8:15:00 AM,0,2.0477,6.078,,,
7/14/2019,8:30:00 AM,0,2.0845,6.07,,,
7/14/2019,8:45:00 AM,0,2.0887,6.04,,,
7/14/2019,9:00:00 AM,0,2.1232,5.956,,,
7/14/2019,9:15:00 AM,0,2.1225,5.769,,,
7/14/2019,9:30:00 AM,0,2.1597,5.678,,,
7/14/2019,9:45:00 AM,0,2.1871,5.786,,,
7/14/2019,10:00:00 AM,0,2.2674,5.918,,,
7/14/2019,10:15:00 AM,0,2.332,5.88,,,
7/14/2019,10:30:00 AM,0,2.4127,5.933,,,
7/14/2019,10:45:00 AM,0,2.5704,6.126,,,
7/14/2019,11:00:00 AM,0,2.5809,6.251,,,
7/14/2019,11:15:00 AM,0,2.6421,6.339,,,
7/14/2019,11:30:00 AM,0,2.9854,6.389,,,
7/14/2019,11:45:00 AM,0,2.9932,6.311,,,
7/14/2019,12:00:00 PM,0,3.1554,6.531,,,
7/14/2019,12:15:00 PM,0,3.1807,6.7,,,
7/14/2019,12:30:00 PM,0,3.2781,6.76,,,
7/14/2019,12:45:00 PM,0,3.4262,6.858,,,
7/14/2019,1:00:00 PM,0,3.3515,6.885,,,
7/14/2019,1:15:00 PM,0,3.4138,6.812,,,
7/14/2019,1:30:00 PM,0,3.5982,6.811,,,
7/14/2019,1:45:00 PM,0,3.7733,6.811,,,
7/14/2019,2:00:00 PM,0,3.6543,6.777,,,
7/14/2019,2:15:00 PM,0,3.715,6.73,,,
7/14/2019,2:30:00 PM,0,3.6588,6.715,,,
7/14/2019,2:45:00 PM,0,3.5661,6.697,,,
7/14/2019,3:00:00 PM,0,3.4461,6.748,,,
7/14/2019,3:15:00 PM,0,3.3789,6.783,,,
7/14/2019,3:30:00 PM,0,3.363,6.738,,,
7/14/2019,3:45:00 PM,0,3.1898,6.683,,,
7/14/2019,4:00:00 PM,0,3.2051,6.647,,,
7/14/2019,4:15:00 PM,0,3.1287,6.586,,,
7/14/2019,4:30:00 PM,0,3.0261,6.533,,,
7/14/2019,4:45:00 PM,0,3.0298,6.489,,,
7/14/2019,5:00:00 PM,0,2.9742,6.442,,,
7/14/2019,5:15:00 PM,0,3.0396,6.371,,,
7/14/2019,5:30:00 PM,0,2.9223,6.3,,,
7/14/2019,5:45:00 PM,0,2.9586,6.226,,,
7/14/2019,6:00:00 PM,0,2.9059,6.079,,,
7/14/2019,6:15:00 PM,0,2.8512,5.979,,,
7/14/2019,6:30:00 PM,0,2.8333,5.921,,,
7/14/2019,6:45:00 PM,0,2.8556,5.832,,,
7/14/2019,7:00:00 PM,0,2.8035,5.764,,,
7/14/2019,7:15:00 PM,0,2.7185,5.699,,,
7/14/2019,7:30:00 PM,0,2.7785,5.616,,,
7/14/2019,7:45:00 PM,0,2.7874,5.556,,,
7/14/2019,8:00:00 PM,0,2.7516,5.514,,,
7/14/2019,8:15:00 PM,0,2.6918,5.459,,,
7/14/2019,8:30:00 PM,0,2.6599,5.427,,,
7/14/2019,8:45:00 PM,0,2.6427,5.391,,,
7/14/2019,9:00:00 PM,0,2.6867,5.342,,,
7/14/2019,9:15:00 PM,0,2.6166,5.288,,,
7/14/2019,9:30:00 PM,0,2.622,5.243,,,
7/14/2019,9:45:00 PM,0,2.6467,5.209,,,
7/14/2019,10:00:00 PM,0,2.5661,5.153,,,
7/14/2019,10:15:00 PM,0,2.5944,5.119,,,
7/14/2019,10:30:00 PM,0,2.5675,5.087,,,
7/14/2019,10:45:00 PM,0,2.5485,5.033,,,
7/14/2019,11:00:00 PM,0,2.646,4.975,,,
7/14/2019,11:15:00 PM,0,2.614,4.953,,,
7/14/2019,11:30:00 PM,0,2.5868,4.927,,,
7/14/2019,11:45:00 PM,0,2.5415,4.897,,,
7/15/2019,12:00:00 AM,0,2.5459,4.859,,,
7/15/2019,12:15:00 AM,0,2.5336,4.822,,,
7/15/2019,12:30:00 AM,0,2.5739,4.803,,,
7/15/2019,12:45:00 AM,0,2.5795,4.756,,,
7/15/2019,1:00:00 AM,0,2.5676,4.678,,,
7/15/2019,1:15:00 AM,0,2.5816,4.577,,,
7/15/2019,1:30:00 AM,0,2.5394,4.567,,,
7/15/2019,1:45:00 AM,0,2.5675,4.558,,,
7/15/2019,2:00:00 AM,0,2.5572,4.547,,,
7/15/2019,2:15:00 AM,0,2.6093,4.484,,,
7/15/2019,2:30:00 AM,0,2.5723,4.467,,,
7/15/2019,2:45:00 AM,0,2.5523,4.453,,,
7/15/2019,3:00:00 AM,0,2.6084,4.434,,,
7/15/2019,3:15:00 AM,0,2.6423,4.351,,,
7/15/2019,3:30:00 AM,0,2.5945,4.198,,,
7/15/2019,3:45:00 AM,0,2.6752,4.217,,,
7/15/2019,4:00:00 AM,0,2.564,4.211,,,
7/15/2019,4:15:00 AM,0,2.614,4.195,,,
7/15/2019,4:30:00 AM,0,2.6695,4.19,,,
7/15/2019,4:45:00 AM,0,2.6524,4.19,,,
7/15/2019,5:00:00 AM,0,2.6841,4.151,,,
7/15/2019,5:15:00 AM,0,2.6536,4.119,,,
7/15/2019,5:30:00 AM,0,2.7289,4.067,,,
7/15/2019,5:45:00 AM,0,2.7515,4.004,,,
7/15/2019,6:00:00 AM,0,2.6793,3.959,,,
7/15/2019,6:15:00 AM,0,2.7592,3.93,,,
7/15/2019,6:30:00 AM,0,2.7762,3.923,,,
7/15/2019,6:45:00 AM,0,2.7871,3.901,,,
7/15/2019,7:00:00 AM,0,2.7333,3.942,,,
7/15/2019,7:15:00 AM,0,2.7598,3.937,,,
7/15/2019,7:30:00 AM,0,2.7895,3.96,,,
7/15/2019,7:45:00 AM,0,2.777,4.023,,,
7/15/2019,8:00:00 AM,0,2.7936,4.04,,,
7/15/2019,8:15:00 AM,0,2.8446,4.064,,,
7/15/2019,8:30:00 AM,0,2.8437,4.141,,,
7/15/2019,8:45:00 AM,0,2.7858,4.205,,,
7/15/2019,9:00:00 AM,0,2.7615,4.364,,,
7/15/2019,9:15:00 AM,0,2.8246,4.478,,,
7/15/2019,9:30:00 AM,0,2.7724,4.564,,,
7/15/2019,9:45:00 AM,0,2.7977,4.573,,,
7/15/2019,10:00:00 AM,0,2.9161,4.617,,,
7/15/2019,10:15:00 AM,0,2.8774,4.604,,,
7/15/2019,10:30:00 AM,0,2.9309,4.655,,,
7/15/2019,10:45:00 AM,0,2.926,4.645,,,
7/15/2019,11:00:00 AM,0,2.8747,4.816,,,
7/15/2019,11:15:00 AM,0,2.9947,4.926,,,
7/15/2019,11:30:00 AM,0,2.942,5.065,,,
7/15/2019,11:45:00 AM,0,3.285,5.12,,,
7/15/2019,12:00:00 PM,0,3.2236,5.423,,,
7/15/2019,12:15:00 PM,0,3.3063,5.714,,,
7/15/2019,12:30:00 PM,0,3.302,5.918,,,
7/15/2019,12:45:00 PM,0,3.2362,5.895,,,
7/15/2019,1:00:00 PM,0,3.2034,5.731,,,
7/15/2019,1:15:00 PM,0,3.3753,5.783,,,
7/15/2019,1:30:00 PM,0,3.4489,5.921,,,
7/15/2019,1:45:00 PM,0,3.5223,6.136,,,
7/15/2019,2:00:00 PM,0,3.6632,6.427,,,
7/15/2019,2:15:00 PM,0,3.2793,6.366,,,
7/15/2019,2:30:00 PM,0,3.4005,6.491,,,
7/15/2019,2:45:00 PM,0,3.3746,6.658,,,
7/15/2019,3:00:00 PM,0,3.2039,6.805,,,
7/15/2019,3:15:00 PM,0,2.9812,6.836,,,
7/15/2019,3:30:00 PM,0,3.0607,6.825,,,
7/15/2019,3:45:00 PM,0,2.9816,6.994,,,
7/15/2019,4:00:00 PM,0,3.0078,7.09,,,
7/15/2019,4:15:00 PM,0,3.0224,7.117,,,
7/15/2019,4:30:00 PM,0,3.053,7.113,,,
7/15/2019,4:45:00 PM,0,2.9906,7.127,,,
7/15/2019,5:00:00 PM,0,2.9627,7.265,,,
7/15/2019,5:15:00 PM,0,2.9095,7.274,,,
7/15/2019,5:30:00 PM,0,2.8989,7.154,,,
7/15/2019,5:45:00 PM,0,2.8492,7.013,,,
7/15/2019,6:00:00 PM,0,2.7993,6.928,,,
7/15/2019,6:15:00 PM,0,2.8423,6.786,,,
7/15/2019,6:30:00 PM,0,2.7067,6.641,,,
7/15/2019,6:45:00 PM,0,2.7544,6.491,,,
7/15/2019,7:00:00 PM,0,2.708,6.332,,,
7/15/2019,7:15:00 PM,0,2.71,6.256,,,
7/15/2019,7:30:00 PM,0,2.7317,6.163,,,
7/15/2019,7:45:00 PM,0,2.6585,6.018,,,
7/15/2019,8:00:00 PM,0,2.6523,5.928,,,
7/15/2019,8:15:00 PM,0,2.5902,5.804,,,
7/15/2019,8:30:00 PM,0,2.5736,5.625,,,
7/15/2019,8:45:00 PM,0,2.5265,5.455,,,
7/15/2019,9:00:00 PM,0,2.5431,5.306,,,
7/15/2019,9:15:00 PM,0,2.5423,5.233,,,
7/15/2019,9:30:00 PM,0,2.5418,5.145,,,
7/15/2019,9:45:00 PM,0,2.5412,4.992,,,
7/15/2019,10:00:00 PM,0,2.5124,4.847,,,
7/15/2019,10:15:00 PM,0,2.542,4.698,,,
7/15/2019,10:30:00 PM,0,2.5528,4.56,,,
7/15/2019,10:45:00 PM,0,2.5214,4.466,,,
7/15/2019,11:00:00 PM,0,2.5373,4.41,,,
7/15/2019,11:15:00 PM,0,2.5181,4.365,,,
7/15/2019,11:30:00 PM,0,2.5059,4.351,,,
7/15/2019,11:45:00 PM,0,2.4609,4.338,,,
7/16/2019,12:00:00 AM,0,2.4989,4.32,,,
7/16/2019,12:15:00 AM,0,2.5331,4.291,,,
7/16/2019,12:30:00 AM,0,2.46,4.246,,,
7/16/2019,12:45:00 AM,0,2.5079,4.187,,,
7/16/2019,1:00:00 AM,0,2.5076,4.14,,,
7/16/2019,1:15:00 AM,0,2.454,4.079,,,
7/16/2019,1:30:00 AM,0,2.4944,3.998,,,
7/16/2019,1:45:00 AM,0,2.4272,3.925,,,
7/16/2019,2:00:00 AM,0,2.464,3.855,,,
7/16/2019,2:15:00 AM,0,2.4561,3.803,,,
7/16/2019,2:30:00 AM,0,2.4705,3.722,,,
7/16/2019,2:45:00 AM,0,2.4283,3.66,,,
7/16/2019,3:00:00 AM,0,2.4341,3.606,,,
7/16/2019,3:15:00 AM,0,2.4308,3.558,,,
7/16/2019,3:30:00 AM,0,2.3886,3.497,,,
7/16/2019,3:45:00 AM,0,2.4252,3.441,,,
7/16/2019,4:00:00 AM,0,2.4037,3.399,,,
7/16/2019,4:15:00 AM,0,2.3867,3.357,,,
7/16/2019,4:30:00 AM,0,2.3339,3.298,,,
7/16/2019,4:45:00 AM,0,2.364,3.24,,,
7/16/2019,5:00:00 AM,0,2.3534,3.224,,,
7/16/2019,5:15:00 AM,0,2.3937,3.2,,,
7/16/2019,5:30:00 AM,0,2.3522,3.183,,,
7/16/2019,5:45:00 AM,0,2.364,3.153,,,
7/16/2019,6:00:00 AM,0,2.3546,3.132,,,
7/16/2019,6:15:00 AM,0,2.3373,3.136,,,
7/16/2019,6:30:00 AM,0,2.3396,3.143,,,
7/16/2019,6:45:00 AM,0,2.3249,3.161,,,
7/16/2019,7:00:00 AM,0,2.332,3.18,,,
7/16/2019,7:15:00 AM,0,2.3262,3.207,,,
7/16/2019,7:30:00 AM,0,2.3128,3.241,,,
7/16/2019,7:45:00 AM,0,2.3238,3.273,,,
7/16/2019,8:00:00 AM,0,2.3388,3.302,,,
7/16/2019,8:15:00 AM,0,2.3176,3.33,,,
7/16/2019,8:30:00 AM,0,2.3087,3.389,,,
7/16/2019,8:45:00 AM,0,2.327,3.483,,,
7/16/2019,9:00:00 AM,0,2.3095,3.657,,,
7/16/2019,9:15:00 AM,0,2.3103,3.969,,,
7/16/2019,9:30:00 AM,0,2.3259,4.243,,,
7/16/2019,9:45:00 AM,0,2.4106,4.46,,,
7/16/2019,10:00:00 AM,0,2.3552,4.532,,,
7/16/2019,10:15:00 AM,0,2.3685,4.643,,,
7/16/2019,10:30:00 AM,0,2.3777,4.696,,,
7/16/2019,10:45:00 AM,0,2.4266,4.739,,,
7/16/2019,11:00:00 AM,0,2.3599,4.81,,,
7/16/2019,11:15:00 AM,0,2.3823,4.973,,,
7/16/2019,11:30:00 AM,0,2.371,5.244,,,
7/16/2019,11:45:00 AM,0,2.3566,5.802,,,
7/16/2019,12:00:00 PM,0,2.3169,6.048,,,
7/16/2019,12:15:00 PM,0,2.3366,5.997,,,
7/16/2019,12:30:00 PM,0,2.2887,5.945,,,
7/16/2019,12:45:00 PM,0,2.2917,5.98,,,
7/16/2019,1:00:00 PM,0,2.2757,6.086,,,
7/16/2019,1:15:00 PM,0,2.2992,6.308,,,
7/16/2019,1:30:00 PM,0,2.3117,6.585,,,
7/16/2019,1:45:00 PM,0,0.0544,7.461,,,
7/16/2019,2:00:00 PM,0,2.1912,6.962,,,
7/16/2019,2:15:00 PM,0,2.1465,7.018,,,
7/16/2019,2:30:00 PM,0,2.1484,7.042,,,
7/16/2019,2:45:00 PM,0,2.2363,7.089,,,
7/16/2019,3:00:00 PM,0,2.1945,7.405,,,
7/16/2019,3:15:00 PM,0,2.2597,7.67,,,
7/16/2019,3:30:00 PM,0,2.1996,7.928,,,
7/16/2019,3:45:00 PM,0,2.2748,8.143,,,
7/16/2019,4:00:00 PM,0,2.2187,8.339,,,
7/16/2019,4:15:00 PM,0,2.2078,8.462,,,
7/16/2019,4:30:00 PM,0,2.2309,8.517,,,
7/16/2019,4:45:00 PM,0,2.2511,8.414,,,
7/16/2019,5:00:00 PM,0,2.1945,8.313,,,
7/16/2019,5:15:00 PM,0,2.2102,8.175,,,
7/16/2019,5:30:00 PM,0,2.197,7.983,,,
7/16/2019,5:45:00 PM,0,2.1715,7.843,,,
7/16/2019,6:00:00 PM,0,2.2085,7.695,,,
7/16/2019,6:15:00 PM,0,2.1297,7.529,,,
7/16/2019,6:30:00 PM,0,2.0696,7.354,,,
7/16/2019,6:45:00 PM,0,2.1627,7.199,,,
7/16/2019,7:00:00 PM,0,2.1066,7.065,,,
7/16/2019,7:15:00 PM,0,2.1448,6.944,,,
7/16/2019,7:30:00 PM,0,2.1588,6.842,,,
7/16/2019,7:45:00 PM,0,2.1117,6.745,,,
7/16/2019,8:00:00 PM,0,2.1452,6.666,,,
7/16/2019,8:15:00 PM,0,2.0888,6.583,,,
7/16/2019,8:30:00 PM,0,2.2127,6.503,,,
7/16/2019,8:45:00 PM,0,2.1827,6.426,,,
7/16/2019,9:00:00 PM,0,2.1848,6.323,,,
7/16/2019,9:15:00 PM,0,2.1951,6.251,,,
7/16/2019,9:30:00 PM,0,2.1585,6.181,,,
7/16/2019,9:45:00 PM,0,2.1453,6.115,,,
7/16/2019,10:00:00 PM,0,2.1393,6.04,,,
7/16/2019,10:15:00 PM,0,2.122,5.982,,,
7/16/2019,10:30:00 PM,0,2.1269,5.935,,,
7/16/2019,10:45:00 PM,0,2.1226,5.894,,,
7/16/2019,11:00:00 PM,0,2.1363,5.855,,,
7/16/2019,11:15:00 PM,0,2.1364,5.804,,,
7/16/2019,11:30:00 PM,0,2.1281,5.748,,,
7/16/2019,11:45:00 PM,0,2.1411,5.697,,,
7/17/2019,12:00:00 AM,0,2.1642,5.647,,,
7/17/2019,12:15:00 AM,0,2.1447,5.592,,,
7/17/2019,12:30:00 AM,0,2.1424,5.546,,,
7/17/2019,12:45:00 AM,0,2.12,5.509,,,
7/17/2019,1:00:00 AM,0,2.1292,5.485,,,
7/17/2019,1:15:00 AM,0,2.1279,5.454,,,
7/17/2019,1:30:00 AM,0,2.1308,5.428,,,
7/17/2019,1:45:00 AM,0,2.1363,5.39,,,
7/17/2019,2:00:00 AM,0,2.1413,5.359,,,
7/17/2019,2:15:00 AM,0,2.0927,5.324,,,
7/17/2019,2:30:00 AM,0,2.1252,5.279,,,
7/17/2019,2:45:00 AM,0,2.1153,5.242,,,
7/17/2019,3:00:00 AM,0,2.1028,5.205,,,
7/17/2019,3:15:00 AM,0,2.0976,5.175,,,
7/17/2019,3:30:00 AM,0,2.1334,5.146,,,
7/17/2019,3:45:00 AM,0,2.1281,5.119,,,
7/17/2019,4:00:00 AM,0,2.1151,5.08,,,
7/17/2019,4:15:00 AM,0,2.1295,5.049,,,
7/17/2019,4:30:00 AM,0,2.1006,5.022,,,
7/17/2019,4:45:00 AM,0,2.1242,4.992,,,
7/17/2019,5:00:00 AM,0,2.1252,4.959,,,
7/17/2019,5:15:00 AM,0,2.1219,4.925,,,
7/17/2019,5:30:00 AM,0,2.1695,4.878,,,
7/17/2019,5:45:00 AM,0,2.1226,4.826,,,
7/17/2019,6:00:00 AM,0,2.1575,4.802,,,
7/17/2019,6:15:00 AM,0,2.1016,4.782,,,
7/17/2019,6:30:00 AM,0,2.1754,4.763,,,
7/17/2019,6:45:00 AM,0,2.0874,4.759,,,
7/17/2019,7:00:00 AM,0,2.1096,4.768,,,
7/17/2019,7:15:00 AM,0,2.1151,4.778,,,
7/17/2019,7:30:00 AM,0,2.0964,4.816,,,
7/17/2019,7:45:00 AM,0,2.1098,4.876,,,
7/17/2019,8:00:00 AM,0,2.1349,4.94,,,
7/17/2019,8:15:00 AM,0,2.0992,4.987,,,
7/17/2019,8:30:00 AM,0,2.1195,5.066,,,
7/17/2019,8:45:00 AM,0,2.1223,5.126,,,
7/17/2019,9:00:00 AM,0,2.1015,5.149,,,
7/17/2019,9:15:00 AM,0,2.1369,5.221,,,
7/17/2019,9:30:00 AM,0,2.1492,5.279,,,
7/17/2019,9:45:00 AM,0,2.1451,5.434,,,
7/17/2019,10:00:00 AM,0,2.1475,5.629,,,
7/17/2019,10:15:00 AM,0,2.1697,5.8,,,
7/17/2019,10:30:00 AM,0,2.1775,5.92,,,
7/17/2019,10:45:00 AM,0,2.1846,6.028,,,
7/17/2019,11:00:00 AM,0,2.2218,6.199,,,
7/17/2019,11:15:00 AM,0,2.216,6.343,,,
7/17/2019,11:30:00 AM,0,2.2396,6.661,,,
7/17/2019,11:45:00 AM,0,2.2375,7.093,,,
7/17/2019,12:00:00 PM,0,2.269,7.443,,,
7/17/2019,12:15:00 PM,0,2.2372,7.646,,,
7/17/2019,12:30:00 PM,0,2.1499,7.689,,,
7/17/2019,12:45:00 PM,0,2.1818,7.773,,,
7/17/2019,1:00:00 PM,0,2.1778,7.944,,,
7/17/2019,1:15:00 PM,0,2.2299,8.094,,,
7/17/2019,1:30:00 PM,0,2.204,8.239,,,
7/17/2019,1:45:00 PM,0,2.3012,8.305,,,
7/17/2019,2:00:00 PM,0,2.2152,8.43,,,
7/17/2019,2:15:00 PM,0,2.2428,8.518,,,
7/17/2019,2:30:00 PM,0,2.2466,8.709,,,
7/17/2019,2:45:00 PM,0,2.1765,8.907,,,
7/17/2019,3:00:00 PM,0,2.1774,8.851,,,
7/17/2019,3:15:00 PM,0,2.1891,8.831,,,
7/17/2019,3:30:00 PM,0,2.2086,9.284,,,
7/17/2019,3:45:00 PM,0,2.1751,9.313,,,
7/17/2019,4:00:00 PM,0,2.17,9.374,,,
7/17/2019,4:15:00 PM,0,2.154,9.302,,,
7/17/2019,4:30:00 PM,0,2.1712,9.195,,,
7/17/2019,4:45:00 PM,0,2.1389,9.079,,,
7/17/2019,5:00:00 PM,0,2.1554,8.978,,,
7/17/2019,5:15:00 PM,0,2.1294,8.843,,,
7/17/2019,5:30:00 PM,0,2.1317,8.71,,,
7/17/2019,5:45:00 PM,0,2.1168,8.6,,,
7/17/2019,6:00:00 PM,0,2.1141,8.471,,,
7/17/2019,6:15:00 PM,0,2.0821,8.32,,,
7/17/2019,6:30:00 PM,0,2.0821,8.133,,,
7/17/2019,6:45:00 PM,0,2.0451,7.966,,,
7/17/2019,7:00:00 PM,0,2.0468,7.826,,,
7/17/2019,7:15:00 PM,0,2.0147,7.692,,,
7/17/2019,7:30:00 PM,0,1.9974,7.541,,,
7/17/2019,7:45:00 PM,0,1.9959,7.409,,,
7/17/2019,8:00:00 PM,0,2.0225,7.304,,,
7/17/2019,8:15:00 PM,0,2.0237,7.198,,,
7/17/2019,8:30:00 PM,0,2.0023,7.092,,,
7/17/2019,8:45:00 PM,0,1.9991,6.987,,,
7/17/2019,9:00:00 PM,0,2.0031,6.887,,,
7/17/2019,9:15:00 PM,0,2.0013,6.798,,,
7/17/2019,9:30:00 PM,0,1.9826,6.713,,,
7/17/2019,9:45:00 PM,0,1.9819,6.629,,,
7/17/2019,10:00:00 PM,0,1.9681,6.558,,,
7/17/2019,10:15:00 PM,0,1.9769,6.479,,,
7/17/2019,10:30:00 PM,0,1.9697,6.409,,,
7/17/2019,10:45:00 PM,0,1.991,6.348,,,
7/17/2019,11:00:00 PM,0,1.9857,6.279,,,
7/17/2019,11:15:00 PM,0,2.0229,6.21,,,
7/17/2019,11:30:00 PM,0,2.0079,6.157,,,
7/17/2019,11:45:00 PM,0,1.9923,6.093,,,
7/18/2019,12:00:00 AM,0,2.011,6.036,,,
7/18/2019,12:15:00 AM,0,2.0177,5.97,,,
7/18/2019,12:30:00 AM,0,2.0117,5.901,,,
7/18/2019,12:45:00 AM,0,1.9909,5.835,,,
7/18/2019,1:00:00 AM,0,1.9847,5.781,,,
7/18/2019,1:15:00 AM,0,2.0078,5.721,,,
7/18/2019,1:30:00 AM,0,1.9882,5.662,,,
7/18/2019,1:45:00 AM,0,1.9928,5.612,,,
7/18/2019,2:00:00 AM,0,2.0007,5.563,,,
7/18/2019,2:15:00 AM,0,2.0061,5.51,,,
7/18/2019,2:30:00 AM,0,1.9926,5.46,,,
7/18/2019,2:45:00 AM,0,1.9903,5.421,,,
7/18/2019,3:00:00 AM,0,1.9879,5.39,,,
7/18/2019,3:15:00 AM,0,2.0096,5.355,,,
7/18/2019,3:30:00 AM,0,1.9987,5.323,,,
7/18/2019,3:45:00 AM,0,1.9785,5.289,,,
7/18/2019,4:00:00 AM,0,1.9813,5.267,,,
7/18/2019,4:15:00 AM,0,1.9692,5.24,,,
7/18/2019,4:30:00 AM,0,1.9593,5.203,,,
7/18/2019,4:45:00 AM,0,1.9485,5.174,,,
7/18/2019,5:00:00 AM,0,1.9609,5.159,,,
7/18/2019,5:15:00 AM,0,1.9591,5.137,,,
7/18/2019,5:30:00 AM,0,1.9609,5.12,,,
7/18/2019,5:45:00 AM,0,1.9852,5.097,,,
7/18/2019,6:00:00 AM,0,1.9505,5.071,,,
7/18/2019,6:15:00 AM,0,1.9616,5.047,,,
7/18/2019,6:30:00 AM,0,1.9524,5.031,,,
7/18/2019,6:45:00 AM,0,1.9811,5.024,,,
7/18/2019,7:00:00 AM,0,1.9403,5.016,,,
7/18/2019,7:15:00 AM,0,1.972,5.018,,,
7/18/2019,7:30:00 AM,0,1.9727,5.035,,,
7/18/2019,7:45:00 AM,0,1.9732,5.027,,,
7/18/2019,8:00:00 AM,0,1.97,5.023,,,
7/18/2019,8:15:00 AM,0,1.948,5.05,,,
7/18/2019,8:30:00 AM,0,1.9644,5.087,,,
7/18/2019,8:45:00 AM,0,1.9705,5.152,,,
7/18/2019,9:00:00 AM,0,2.0068,5.284,,,
7/18/2019,9:15:00 AM,0,1.9872,5.547,,,
7/18/2019,9:30:00 AM,0,2.0145,5.71,,,
7/18/2019,9:45:00 AM,0,2.0102,5.958,,,
7/18/2019,10:00:00 AM,0,2.035,6.181,,,
7/18/2019,10:15:00 AM,0,2.0477,6.458,,,
7/18/2019,10:30:00 AM,0,2.0505,6.725,,,
7/18/2019,10:45:00 AM,0,2.075,6.974,,,
7/18/2019,11:00:00 AM,0,2.1183,7.314,,,
7/18/2019,11:15:00 AM,0,2.0902,7.669,,,
7/18/2019,11:30:00 AM,0,2.059,7.997,,,
7/18/2019,11:45:00 AM,0,2.1206,8.247,,,
7/18/2019,12:00:00 PM,0,2.1061,8.377,,,
7/18/2019,12:15:00 PM,0,2.1491,8.573,,,
7/18/2019,12:30:00 PM,0,2.1296,8.991,,,
7/18/2019,12:45:00 PM,0,2.0888,9.37,,,
7/18/2019,1:00:00 PM,0,2.1613,9.671,,,
7/18/2019,1:15:00 PM,0,2.1474,9.79,,,
7/18/2019,1:30:00 PM,0,2.1434,9.779,,,
7/18/2019,1:45:00 PM,0,0.1065,9.86,,,
7/18/2019,2:00:00 PM,0,1.9938,10.142,,,
7/18/2019,2:15:00 PM,0,1.9751,10.09,,,
7/18/2019,2:30:00 PM,0,1.9675,10.159,,,
7/18/2019,2:45:00 PM,0,1.9686,10.2,,,
7/18/2019,3:00:00 PM,0,1.9971,10.156,,,
7/18/2019,3:15:00 PM,0,2.002,10.281,,,
7/18/2019,3:30:00 PM,0,1.9561,10.364,,,
7/18/2019,3:45:00 PM,0,2.0304,10.384,,,
7/18/2019,4:00:00 PM,0,1.9958,10.341,,,
7/18/2019,4:15:00 PM,0,1.9967,10.316,,,
7/18/2019,4:30:00 PM,0,2.0153,10.262,,,
7/18/2019,4:45:00 PM,0,2.0143,10.21,,,
7/18/2019,5:00:00 PM,0,1.9846,10.053,,,
7/18/2019,5:15:00 PM,0,1.9525,9.808,,,
7/18/2019,5:30:00 PM,0,1.9299,9.601,,,
7/18/2019,5:45:00 PM,0,1.9189,9.406,,,
7/18/2019,6:00:00 PM,0,1.9546,9.208,,,
7/18/2019,6:15:00 PM,0,1.9403,9.012,,,
7/18/2019,6:30:00 PM,0,1.8528,8.815,,,
7/18/2019,6:45:00 PM,0,1.9598,8.638,,,
7/18/2019,7:00:00 PM,0,1.9433,8.472,,,
7/18/2019,7:15:00 PM,0,1.9314,8.324,,,
7/18/2019,7:30:00 PM,0,1.9368,8.192,,,
7/18/2019,7:45:00 PM,0,1.9595,8.073,,,
7/18/2019,8:00:00 PM,0,1.9678,7.955,,,
7/18/2019,8:15:00 PM,0,1.9697,7.865,,,
7/18/2019,8:30:00 PM,0,1.9533,7.774,,,
7/18/2019,8:45:00 PM,0,1.9344,7.679,,,
7/18/2019,9:00:00 PM,0,1.9432,7.589,,,
7/18/2019,9:15:00 PM,0,1.9456,7.498,,,
7/18/2019,9:30:00 PM,0,1.9454,7.399,,,
7/18/2019,9:45:00 PM,0,1.958,7.312,,,
7/18/2019,10:00:00 PM,0,1.9345,7.225,,,
7/18/2019,10:15:00 PM,0,1.9589,7.131,,,
7/18/2019,10:30:00 PM,0,1.9452,7.047,,,
7/18/2019,10:45:00 PM,0,1.9719,6.947,,,
7/18/2019,11:00:00 PM,0,1.9531,6.86,,,
7/18/2019,11:15:00 PM,0,1.9512,6.775,,,
7/18/2019,11:30:00 PM,0,1.9659,6.699,,,
7/18/2019,11:45:00 PM,0,1.9663,6.603,,,
7/19/2019,12:00:00 AM,0,1.9455,6.529,,,
7/19/2019,12:15:00 AM,0,1.9561,6.474,,,
7/19/2019,12:30:00 AM,0,1.9477,6.438,,,
7/19/2019,12:45:00 AM,0,1.9616,6.4,,,
7/19/2019,1:00:00 AM,0,1.938,6.359,,,
7/19/2019,1:15:00 AM,0,1.9407,6.296,,,
7/19/2019,1:30:00 AM,0,1.9587,6.252,,,
7/19/2019,1:45:00 AM,0,1.9727,6.198,,,
7/19/2019,2:00:00 AM,0,1.9356,6.144,,,
7/19/2019,2:15:00 AM,0,1.943,6.099,,,
7/19/2019,2:30:00 AM,0,1.9553,6.055,,,
7/19/2019,2:45:00 AM,0,1.9508,6.016,,,
7/19/2019,3:00:00 AM,0,1.9627,5.979,,,
7/19/2019,3:15:00 AM,0,1.9321,5.955,,,
7/19/2019,3:30:00 AM,0,1.9661,5.905,,,
7/19/2019,3:45:00 AM,0,1.9548,5.865,,,
7/19/2019,4:00:00 AM,0,1.9554,5.813,,,
7/19/2019,4:15:00 AM,0,1.9333,5.751,,,
7/19/2019,4:30:00 AM,0,1.9555,5.641,,,
7/19/2019,4:45:00 AM,0,1.9437,5.439,,,
7/19/2019,5:00:00 AM,0,1.9362,5.251,,,
7/19/2019,5:15:00 AM,0,1.9477,5.102,,,
7/19/2019,5:30:00 AM,0,1.9511,5.013,,,
7/19/2019,5:45:00 AM,0,1.9302,4.871,,,
7/19/2019,6:00:00 AM,0,1.9254,4.792,,,
7/19/2019,6:15:00 AM,0,1.9387,4.759,,,
7/19/2019,6:30:00 AM,0,1.9383,4.764,,,
7/19/2019,6:45:00 AM,0,1.9294,4.768,,,
7/19/2019,7:00:00 AM,0,1.9416,4.775,,,
7/19/2019,7:15:00 AM,0,1.9192,4.795,,,
7/19/2019,7:30:00 AM,0,1.9531,4.817,,,
7/19/2019,7:45:00 AM,0,1.9219,4.849,,,
7/19/2019,8:00:00 AM,0,1.9632,4.888,,,
7/19/2019,8:15:00 AM,0,1.937,4.947,,,
7/19/2019,8:30:00 AM,0,1.9596,5.01,,,
7/19/2019,8:45:00 AM,0,1.9768,5.068,,,
7/19/2019,9:00:00 AM,0,1.9303,5.142,,,
7/19/2019,9:15:00 AM,0,1.9675,5.258,,,
7/19/2019,9:30:00 AM,0,1.9505,5.501,,,
7/19/2019,9:45:00 AM,0,1.9463,5.731,,,
7/19/2019,10:00:00 AM,0,1.9915,6.046,,,
7/19/2019,10:15:00 AM,0,2.0019,6.205,,,
7/19/2019,10:30:00 AM,0,1.9955,6.402,,,
7/19/2019,10:45:00 AM,0,2.0092,6.487,,,
7/19/2019,11:00:00 AM,0,1.9954,6.604,,,
7/19/2019,11:15:00 AM,0,1.982,6.819,,,
7/19/2019,11:30:00 AM,0,2.0345,7.068,,,
7/19/2019,11:45:00 AM,0,2.0307,7.198,,,
7/19/2019,12:00:00 PM,0,2.0732,7.185,,,
7/19/2019,12:15:00 PM,0,2.1183,7.532,,,
7/19/2019,12:30:00 PM,0,2.0747,8.012,,,
7/19/2019,12:45:00 PM,0,2.1101,8.189,,,
7/19/2019,1:00:00 PM,0,2.0545,8.429,,,
7/19/2019,1:15:00 PM,0,2.1125,8.69,,,
7/19/2019,1:30:00 PM,0,2.118,8.929,,,
7/19/2019,1:45:00 PM,0,2.0829,9.097,,,
7/19/2019,2:00:00 PM,0,2.0407,9.105,,,
7/19/2019,2:15:00 PM,0,1.8149,9.594,,,
7/19/2019,2:30:00 PM,0,1.8523,9.522,,,
7/19/2019,2:45:00 PM,0,1.8432,9.515,,,
7/19/2019,3:00:00 PM,0,1.8443,9.397,,,
7/19/2019,3:15:00 PM,0,1.8635,9.208,,,
7/19/2019,3:30:00 PM,0,1.8677,9.074,,,
7/19/2019,3:45:00 PM,0,1.8401,9.013,,,
7/19/2019,4:00:00 PM,0,1.8519,8.903,,,
7/19/2019,4:15:00 PM,0,1.8395,8.758,,,
