Date,Time,ms,LEVEL_m,TEMP_c
7/17/2019,13:00:00,0,0.019,23.438
7/17/2019,13:15:00,0,0.0033,22.638
7/17/2019,13:30:00,0,0.0031,19.752
7/17/2019,13:45:00,0,0.0131,17.127
7/17/2019,14:00:00,0,-0.0017,15.338
7/17/2019,14:15:00,0,-0.0018,14.749
7/17/2019,14:30:00,0,-0.0155,14.417
7/17/2019,14:45:00,0,-0.1,13.867
7/17/2019,15:00:00,0,0.3819,6.074
7/17/2019,15:15:00,0,0.3821,5.719
7/17/2019,15:30:00,0,0.3799,5.642
7/17/2019,15:45:00,0,0.3794,5.601
7/17/2019,16:00:00,0,0.3776,5.574
7/17/2019,16:15:00,0,0.3788,5.555
7/17/2019,16:30:00,0,0.3792,5.544
7/17/2019,16:45:00,0,0.3784,5.535
7/17/2019,17:00:00,0,0.3781,5.53
7/17/2019,17:15:00,0,0.3774,5.526
7/17/2019,17:30:00,0,0.3771,5.522
7/17/2019,17:45:00,0,0.3765,5.516
7/17/2019,18:00:00,0,0.3775,5.511
7/17/2019,18:15:00,0,0.3764,5.503
7/17/2019,18:30:00,0,0.3756,5.493
7/17/2019,18:45:00,0,0.3752,5.479
7/17/2019,19:00:00,0,0.3749,5.464
7/17/2019,19:15:00,0,0.3738,5.449
7/17/2019,19:30:00,0,0.373,5.435
7/17/2019,19:45:00,0,0.3736,5.421
7/17/2019,20:00:00,0,0.3746,5.411
7/17/2019,20:15:00,0,0.3725,5.4
7/17/2019,20:30:00,0,0.3724,5.39
7/17/2019,20:45:00,0,0.3725,5.381
7/17/2019,21:00:00,0,0.3716,5.371
7/17/2019,21:15:00,0,0.3703,5.362
7/17/2019,21:30:00,0,0.3702,5.354
7/17/2019,21:45:00,0,0.3701,5.346
7/17/2019,22:00:00,0,0.3702,5.338
7/17/2019,22:15:00,0,0.3701,5.33
7/17/2019,22:30:00,0,0.3705,5.321
7/17/2019,22:45:00,0,0.3701,5.313
7/17/2019,23:00:00,0,0.3702,5.304
7/17/2019,23:15:00,0,0.37,5.296
7/17/2019,23:30:00,0,0.3704,5.289
7/17/2019,23:45:00,0,0.3702,5.283
7/18/2019,0:00:00,0,0.3695,5.275
7/18/2019,0:15:00,0,0.3712,5.268
7/18/2019,0:30:00,0,0.371,5.263
7/18/2019,0:45:00,0,0.3712,5.255
7/18/2019,1:00:00,0,0.3715,5.245
7/18/2019,1:15:00,0,0.373,5.236
7/18/2019,1:30:00,0,0.3734,5.226
7/18/2019,1:45:00,0,0.374,5.219
7/18/2019,2:00:00,0,0.3744,5.212
7/18/2019,2:15:00,0,0.3746,5.203
7/18/2019,2:30:00,0,0.3752,5.194
7/18/2019,2:45:00,0,0.3773,5.187
7/18/2019,3:00:00,0,0.3776,5.179
7/18/2019,3:15:00,0,0.3758,5.173
7/18/2019,3:30:00,0,0.3766,5.162
7/18/2019,3:45:00,0,0.3763,5.151
7/18/2019,4:00:00,0,0.3762,5.138
7/18/2019,4:15:00,0,0.3754,5.127
7/18/2019,4:30:00,0,0.3737,5.119
7/18/2019,4:45:00,0,0.3731,5.113
7/18/2019,5:00:00,0,0.3746,5.107
7/18/2019,5:15:00,0,0.3737,5.102
7/18/2019,5:30:00,0,0.3731,5.097
7/18/2019,5:45:00,0,0.373,5.094
7/18/2019,6:00:00,0,0.3725,5.089
7/18/2019,6:15:00,0,0.3729,5.087
7/18/2019,6:30:00,0,0.3716,5.085
7/18/2019,6:45:00,0,0.3731,5.082
7/18/2019,7:00:00,0,0.3719,5.081
7/18/2019,7:15:00,0,0.3719,5.079
7/18/2019,7:30:00,0,0.3715,5.076
7/18/2019,7:45:00,0,0.3709,5.076
7/18/2019,8:00:00,0,0.3701,5.076
7/18/2019,8:15:00,0,0.37,5.075
7/18/2019,8:30:00,0,0.3703,5.075
7/18/2019,8:45:00,0,0.3688,5.077
7/18/2019,9:00:00,0,0.3686,5.082
7/18/2019,9:15:00,0,0.3681,5.099
7/18/2019,9:30:00,0,0.3699,5.121
7/18/2019,9:45:00,0,0.3705,5.144
7/18/2019,10:00:00,0,0.3712,5.169
7/18/2019,10:15:00,0,0.3709,5.193
7/18/2019,10:30:00,0,0.372,5.221
7/18/2019,10:45:00,0,0.3721,5.251
7/18/2019,11:00:00,0,0.3709,5.28
7/18/2019,11:15:00,0,0.3724,5.31
7/18/2019,11:30:00,0,0.3718,5.338
7/18/2019,11:45:00,0,0.3735,5.358
7/18/2019,12:00:00,0,0.3729,5.375
7/18/2019,12:15:00,0,0.3742,5.388
7/18/2019,12:30:00,0,0.3744,5.408
7/18/2019,12:45:00,0,0.3755,5.435
7/18/2019,13:00:00,0,0.3756,5.452
7/18/2019,13:15:00,0,0.3765,5.469
7/18/2019,13:30:00,0,0.3751,5.489
7/18/2019,13:45:00,0,0.3763,5.503
7/18/2019,14:00:00,0,0.3773,5.516
7/18/2019,14:15:00,0,0.3774,5.526
7/18/2019,14:30:00,0,0.3767,5.534
7/18/2019,14:45:00,0,0.3759,5.545
7/18/2019,15:00:00,0,0.3759,5.554
7/18/2019,15:15:00,0,0.3766,5.569
7/18/2019,15:30:00,0,0.3768,5.583
7/18/2019,15:45:00,0,0.378,5.593
7/18/2019,16:00:00,0,0.3762,5.6
7/18/2019,16:15:00,0,0.375,5.607
7/18/2019,16:30:00,0,0.3763,5.609
7/18/2019,16:45:00,0,0.3758,5.604
7/18/2019,17:00:00,0,0.3741,5.594
7/18/2019,17:15:00,0,0.3738,5.579
7/18/2019,17:30:00,0,0.3741,5.563
7/18/2019,17:45:00,0,0.3742,5.546
7/18/2019,18:00:00,0,0.374,5.53
7/18/2019,18:15:00,0,0.3722,5.513
7/18/2019,18:30:00,0,0.3723,5.498
7/18/2019,18:45:00,0,0.372,5.482
7/18/2019,19:00:00,0,0.3722,5.467
7/18/2019,19:15:00,0,0.3707,5.459
7/18/2019,19:30:00,0,0.3709,5.451
7/18/2019,19:45:00,0,0.3703,5.442
7/18/2019,20:00:00,0,0.3698,5.435
7/18/2019,20:15:00,0,0.3694,5.429
7/18/2019,20:30:00,0,0.3694,5.425
7/18/2019,20:45:00,0,0.3696,5.419
7/18/2019,21:00:00,0,0.3685,5.411
7/18/2019,21:15:00,0,0.369,5.401
7/18/2019,21:30:00,0,0.3677,5.39
7/18/2019,21:45:00,0,0.3682,5.382
7/18/2019,22:00:00,0,0.3692,5.374
7/18/2019,22:15:00,0,0.3688,5.366
7/18/2019,22:30:00,0,0.3694,5.36
7/18/2019,22:45:00,0,0.3678,5.352
7/18/2019,23:00:00,0,0.3679,5.343
7/18/2019,23:15:00,0,0.3674,5.334
7/18/2019,23:30:00,0,0.369,5.33
7/18/2019,23:45:00,0,0.3692,5.328
7/19/2019,0:00:00,0,0.3696,5.323
7/19/2019,0:15:00,0,0.3722,5.32
7/19/2019,0:30:00,0,0.3693,5.317
7/19/2019,0:45:00,0,0.3692,5.315
7/19/2019,1:00:00,0,0.3688,5.314
7/19/2019,1:15:00,0,0.3699,5.311
7/19/2019,1:30:00,0,0.37,5.307
7/19/2019,1:45:00,0,0.3703,5.3
7/19/2019,2:00:00,0,0.3699,5.294
7/19/2019,2:15:00,0,0.3699,5.284
7/19/2019,2:30:00,0,0.3699,5.283
7/19/2019,2:45:00,0,0.3707,5.282
7/19/2019,3:00:00,0,0.3711,5.279
7/19/2019,3:15:00,0,0.3699,5.274
7/19/2019,3:30:00,0,0.3706,5.269
7/19/2019,3:45:00,0,0.3696,5.265
7/19/2019,4:00:00,0,0.3705,5.261
7/19/2019,4:15:00,0,0.3698,5.254
7/19/2019,4:30:00,0,0.3697,5.243
7/19/2019,4:45:00,0,0.3717,5.23
7/19/2019,5:00:00,0,0.3701,5.214
7/19/2019,5:15:00,0,0.3701,5.197
7/19/2019,5:30:00,0,0.3694,5.18
7/19/2019,5:45:00,0,0.3692,5.167
7/19/2019,6:00:00,0,0.3671,5.151
7/19/2019,6:15:00,0,0.3662,5.142
7/19/2019,6:30:00,0,0.3655,5.138
7/19/2019,6:45:00,0,0.3653,5.136
7/19/2019,7:00:00,0,0.3652,5.132
7/19/2019,7:15:00,0,0.3659,5.125
7/19/2019,7:30:00,0,0.3641,5.122
7/19/2019,7:45:00,0,0.3638,5.123
7/19/2019,8:00:00,0,0.3648,5.124
7/19/2019,8:15:00,0,0.3634,5.125
7/19/2019,8:30:00,0,0.3638,5.127
7/19/2019,8:45:00,0,0.3626,5.13
7/19/2019,9:00:00,0,0.3604,5.134
7/19/2019,9:15:00,0,0.3605,5.138
7/19/2019,9:30:00,0,0.3608,5.147
7/19/2019,9:45:00,0,0.3613,5.157
7/19/2019,10:00:00,0,0.3615,5.17
7/19/2019,10:15:00,0,0.3613,5.185
7/19/2019,10:30:00,0,0.3619,5.2
7/19/2019,10:45:00,0,0.3625,5.214
7/19/2019,11:00:00,0,0.3606,5.227
7/19/2019,11:15:00,0,0.3627,5.241
7/19/2019,11:30:00,0,0.3614,5.256
7/19/2019,11:45:00,0,0.3616,5.271
7/19/2019,12:00:00,0,0.363,5.283
7/19/2019,12:15:00,0,0.3629,5.293
7/19/2019,12:30:00,0,0.3626,5.305
7/19/2019,12:45:00,0,0.3632,5.32
7/19/2019,13:00:00,0,0.3631,5.336
7/19/2019,13:15:00,0,0.3644,5.353
7/19/2019,13:30:00,0,0.3647,5.369
7/19/2019,13:45:00,0,0.3651,5.385
7/19/2019,14:00:00,0,0.3656,5.402
7/19/2019,14:15:00,0,0.3657,5.415
7/19/2019,14:30:00,0,0.3657,5.429
7/19/2019,14:45:00,0,0.3654,5.442
7/19/2019,15:00:00,0,0.3659,5.453
7/19/2019,15:15:00,0,0.3655,5.46
7/19/2019,15:30:00,0,0.3658,5.464
7/19/2019,15:45:00,0,0.3662,5.467
7/19/2019,16:00:00,0,0.3669,5.47
7/19/2019,16:15:00,0,0.3667,5.47
7/19/2019,16:30:00,0,0.3638,5.468
7/19/2019,16:45:00,0,0.3618,5.464
7/19/2019,17:00:00,0,0.3614,5.46
7/19/2019,17:15:00,0,0.3627,5.454
7/19/2019,17:30:00,0,0.3632,5.447
7/19/2019,17:45:00,0,0.3632,5.439
7/19/2019,18:00:00,0,0.3619,5.431
7/19/2019,18:15:00,0,0.3619,5.422
7/19/2019,18:30:00,0,0.3608,5.414
7/19/2019,18:45:00,0,0.3621,5.404
7/19/2019,19:00:00,0,0.3609,5.394
7/19/2019,19:15:00,0,0.3616,5.386
7/19/2019,19:30:00,0,0.3612,5.378
7/19/2019,19:45:00,0,0.3615,5.372
7/19/2019,20:00:00,0,0.36,5.364
7/19/2019,20:15:00,0,0.3597,5.357
7/19/2019,20:30:00,0,0.3608,5.35
7/19/2019,20:45:00,0,0.3585,5.344
7/19/2019,21:00:00,0,0.3593,5.335
7/19/2019,21:15:00,0,0.3584,5.329
7/19/2019,21:30:00,0,0.3579,5.325
7/19/2019,21:45:00,0,0.3584,5.321
7/19/2019,22:00:00,0,0.3575,5.318
7/19/2019,22:15:00,0,0.3582,5.315
7/19/2019,22:30:00,0,0.3579,5.311
7/19/2019,22:45:00,0,0.3569,5.307
7/19/2019,23:00:00,0,0.3602,5.304
7/19/2019,23:15:00,0,0.3587,5.3
7/19/2019,23:30:00,0,0.361,5.296
7/19/2019,23:45:00,0,0.3623,5.29
7/20/2019,0:00:00,0,0.3611,5.285
7/20/2019,0:15:00,0,0.3617,5.279
7/20/2019,0:30:00,0,0.3625,5.274
7/20/2019,0:45:00,0,0.3624,5.27
7/20/2019,1:00:00,0,0.3641,5.265
7/20/2019,1:15:00,0,0.364,5.262
7/20/2019,1:30:00,0,0.366,5.257
7/20/2019,1:45:00,0,0.3671,5.253
7/20/2019,2:00:00,0,0.3658,5.25
7/20/2019,2:15:00,0,0.3673,5.246
7/20/2019,2:30:00,0,0.3688,5.242
7/20/2019,2:45:00,0,0.3694,5.239
7/20/2019,3:00:00,0,0.3697,5.236
7/20/2019,3:15:00,0,0.3704,5.233
7/20/2019,3:30:00,0,0.3691,5.229
7/20/2019,3:45:00,0,0.3704,5.225
7/20/2019,4:00:00,0,0.3705,5.222
7/20/2019,4:15:00,0,0.3716,5.218
7/20/2019,4:30:00,0,0.3706,5.214
7/20/2019,4:45:00,0,0.3717,5.21
7/20/2019,5:00:00,0,0.3712,5.205
7/20/2019,5:15:00,0,0.3724,5.2
7/20/2019,5:30:00,0,0.3742,5.195
7/20/2019,5:45:00,0,0.3758,5.189
7/20/2019,6:00:00,0,0.378,5.183
7/20/2019,6:15:00,0,0.3798,5.174
7/20/2019,6:30:00,0,0.3822,5.162
7/20/2019,6:45:00,0,0.3833,5.146
7/20/2019,7:00:00,0,0.3832,5.132
7/20/2019,7:15:00,0,0.3862,5.121
7/20/2019,7:30:00,0,0.3872,5.118
7/20/2019,7:45:00,0,0.3852,5.123
7/20/2019,8:00:00,0,0.3858,5.126
7/20/2019,8:15:00,0,0.3861,5.128
7/20/2019,8:30:00,0,0.3871,5.128
7/20/2019,8:45:00,0,0.3878,5.126
7/20/2019,9:00:00,0,0.3868,5.122
7/20/2019,9:15:00,0,0.3874,5.118
7/20/2019,9:30:00,0,0.3883,5.118
7/20/2019,9:45:00,0,0.389,5.12
7/20/2019,10:00:00,0,0.3892,5.123
7/20/2019,10:15:00,0,0.3906,5.128
7/20/2019,10:30:00,0,0.3882,5.128
7/20/2019,10:45:00,0,0.3908,5.129
7/20/2019,11:00:00,0,0.3917,5.13
7/20/2019,11:15:00,0,0.3936,5.133
7/20/2019,11:30:00,0,0.3925,5.141
7/20/2019,11:45:00,0,0.3938,5.151
7/20/2019,12:00:00,0,0.3942,5.162
7/20/2019,12:15:00,0,0.395,5.173
7/20/2019,12:30:00,0,0.4004,5.186
7/20/2019,12:45:00,0,0.398,5.198
7/20/2019,13:00:00,0,0.3994,5.209
7/20/2019,13:15:00,0,0.4007,5.219
7/20/2019,13:30:00,0,0.4029,5.228
7/20/2019,13:45:00,0,0.4031,5.237
7/20/2019,14:00:00,0,0.4043,5.246
7/20/2019,14:15:00,0,0.4059,5.256
7/20/2019,14:30:00,0,0.4069,5.264
7/20/2019,14:45:00,0,0.408,5.273
7/20/2019,15:00:00,0,0.4086,5.282
7/20/2019,15:15:00,0,0.4096,5.29
7/20/2019,15:30:00,0,0.4102,5.299
7/20/2019,15:45:00,0,0.4096,5.305
7/20/2019,16:00:00,0,0.4108,5.311
7/20/2019,16:15:00,0,0.4099,5.315
7/20/2019,16:30:00,0,0.4101,5.319
7/20/2019,16:45:00,0,0.4113,5.322
7/20/2019,17:00:00,0,0.4111,5.325
7/20/2019,17:15:00,0,0.4102,5.329
7/20/2019,17:30:00,0,0.4117,5.33
7/20/2019,17:45:00,0,0.4109,5.332
7/20/2019,18:00:00,0,0.409,5.333
7/20/2019,18:15:00,0,0.4098,5.333
7/20/2019,18:30:00,0,0.41,5.332
7/20/2019,18:45:00,0,0.4089,5.33
7/20/2019,19:00:00,0,0.4091,5.328
7/20/2019,19:15:00,0,0.4098,5.324
7/20/2019,19:30:00,0,0.4096,5.321
7/20/2019,19:45:00,0,0.4086,5.318
7/20/2019,20:00:00,0,0.4069,5.313
7/20/2019,20:15:00,0,0.4059,5.31
7/20/2019,20:30:00,0,0.4059,5.307
7/20/2019,20:45:00,0,0.4053,5.303
7/20/2019,21:00:00,0,0.4047,5.3
7/20/2019,21:15:00,0,0.4037,5.296
7/20/2019,21:30:00,0,0.4043,5.293
7/20/2019,21:45:00,0,0.4031,5.289
7/20/2019,22:00:00,0,0.4021,5.285
7/20/2019,22:15:00,0,0.4019,5.282
7/20/2019,22:30:00,0,0.4038,5.281
7/20/2019,22:45:00,0,0.403,5.277
7/20/2019,23:00:00,0,0.4028,5.273
7/20/2019,23:15:00,0,0.4035,5.269
7/20/2019,23:30:00,0,0.4045,5.266
7/20/2019,23:45:00,0,0.405,5.26
7/21/2019,0:00:00,0,0.4038,5.257
7/21/2019,0:15:00,0,0.4046,5.252
7/21/2019,0:30:00,0,0.4042,5.249
7/21/2019,0:45:00,0,0.4052,5.244
7/21/2019,1:00:00,0,0.4055,5.24
7/21/2019,1:15:00,0,0.4078,5.238
7/21/2019,1:30:00,0,0.4084,5.23
7/21/2019,1:45:00,0,0.4084,5.226
7/21/2019,2:00:00,0,0.4084,5.223
7/21/2019,2:15:00,0,0.407,5.219
7/21/2019,2:30:00,0,0.409,5.217
7/21/2019,2:45:00,0,0.4091,5.215
7/21/2019,3:00:00,0,0.4087,5.211
7/21/2019,3:15:00,0,0.4086,5.207
7/21/2019,3:30:00,0,0.4094,5.204
7/21/2019,3:45:00,0,0.409,5.202
7/21/2019,4:00:00,0,0.4092,5.199
7/21/2019,4:15:00,0,0.4099,5.196
7/21/2019,4:30:00,0,0.4087,5.194
7/21/2019,4:45:00,0,0.4091,5.192
7/21/2019,5:00:00,0,0.4072,5.188
7/21/2019,5:15:00,0,0.4104,5.186
7/21/2019,5:30:00,0,0.407,5.182
7/21/2019,5:45:00,0,0.407,5.18
7/21/2019,6:00:00,0,0.4073,5.176
7/21/2019,6:15:00,0,0.4063,5.173
7/21/2019,6:30:00,0,0.4081,5.169
7/21/2019,6:45:00,0,0.4069,5.165
7/21/2019,7:00:00,0,0.4059,5.163
7/21/2019,7:15:00,0,0.4047,5.159
7/21/2019,7:30:00,0,0.404,5.156
7/21/2019,7:45:00,0,0.4043,5.154
7/21/2019,8:00:00,0,0.4045,5.153
7/21/2019,8:15:00,0,0.405,5.151
7/21/2019,8:30:00,0,0.4047,5.152
7/21/2019,8:45:00,0,0.4052,5.152
7/21/2019,9:00:00,0,0.404,5.153
7/21/2019,9:15:00,0,0.4064,5.155
7/21/2019,9:30:00,0,0.4068,5.159
7/21/2019,9:45:00,0,0.4074,5.164
7/21/2019,10:00:00,0,0.4066,5.169
7/21/2019,10:15:00,0,0.4071,5.176
7/21/2019,10:30:00,0,0.4064,5.181
7/21/2019,10:45:00,0,0.406,5.187
7/21/2019,11:00:00,0,0.4058,5.192
7/21/2019,11:15:00,0,0.4071,5.199
7/21/2019,11:30:00,0,0.4086,5.206
7/21/2019,11:45:00,0,0.4088,5.212
7/21/2019,12:00:00,0,0.4099,5.22
7/21/2019,12:15:00,0,0.4089,5.225
7/21/2019,12:30:00,0,0.4115,5.232
7/21/2019,12:45:00,0,0.4122,5.239
7/21/2019,13:00:00,0,0.413,5.245
7/21/2019,13:15:00,0,0.4129,5.252
7/21/2019,13:30:00,0,0.4136,5.258
7/21/2019,13:45:00,0,0.4141,5.264
7/21/2019,14:00:00,0,0.4151,5.271
7/21/2019,14:15:00,0,0.4147,5.279
7/21/2019,14:30:00,0,0.4147,5.286
7/21/2019,14:45:00,0,0.418,5.294
7/21/2019,15:00:00,0,0.4192,5.301
7/21/2019,15:15:00,0,0.4182,5.309
7/21/2019,15:30:00,0,0.4189,5.316
7/21/2019,15:45:00,0,0.4187,5.322
7/21/2019,16:00:00,0,0.4184,5.33
7/21/2019,16:15:00,0,0.4177,5.335
7/21/2019,16:30:00,0,0.4162,5.34
7/21/2019,16:45:00,0,0.417,5.345
7/21/2019,17:00:00,0,0.4176,5.35
7/21/2019,17:15:00,0,0.4189,5.354
7/21/2019,17:30:00,0,0.4176,5.357
7/21/2019,17:45:00,0,0.4164,5.359
7/21/2019,18:00:00,0,0.4162,5.361
7/21/2019,18:15:00,0,0.4155,5.362
7/21/2019,18:30:00,0,0.4166,5.362
7/21/2019,18:45:00,0,0.4162,5.362
7/21/2019,19:00:00,0,0.4159,5.358
7/21/2019,19:15:00,0,0.4143,5.356
7/21/2019,19:30:00,0,0.4134,5.352
7/21/2019,19:45:00,0,0.4133,5.349
7/21/2019,20:00:00,0,0.4133,5.346
7/21/2019,20:15:00,0,0.412,5.343
7/21/2019,20:30:00,0,0.4113,5.339
7/21/2019,20:45:00,0,0.4105,5.336
7/21/2019,21:00:00,0,0.4091,5.334
7/21/2019,21:15:00,0,0.4096,5.333
7/21/2019,21:30:00,0,0.4082,5.331
7/21/2019,21:45:00,0,0.4077,5.329
7/21/2019,22:00:00,0,0.408,5.326
7/21/2019,22:15:00,0,0.4079,5.323
7/21/2019,22:30:00,0,0.4075,5.319
7/21/2019,22:45:00,0,0.4081,5.317
7/21/2019,23:00:00,0,0.409,5.314
7/21/2019,23:15:00,0,0.408,5.31
7/21/2019,23:30:00,0,0.409,5.305
7/21/2019,23:45:00,0,0.4074,5.302
7/22/2019,0:00:00,0,0.4079,5.299
7/22/2019,0:15:00,0,0.4074,5.297
7/22/2019,0:30:00,0,0.4087,5.295
7/22/2019,0:45:00,0,0.4101,5.293
7/22/2019,1:00:00,0,0.4097,5.29
7/22/2019,1:15:00,0,0.4097,5.287
7/22/2019,1:30:00,0,0.4111,5.283
7/22/2019,1:45:00,0,0.4103,5.28
7/22/2019,2:00:00,0,0.4106,5.276
7/22/2019,2:15:00,0,0.4124,5.274
7/22/2019,2:30:00,0,0.413,5.27
7/22/2019,2:45:00,0,0.4131,5.268
7/22/2019,3:00:00,0,0.4149,5.264
7/22/2019,3:15:00,0,0.413,5.263
7/22/2019,3:30:00,0,0.4131,5.261
7/22/2019,3:45:00,0,0.4137,5.26
7/22/2019,4:00:00,0,0.4131,5.258
7/22/2019,4:15:00,0,0.4135,5.256
7/22/2019,4:30:00,0,0.4127,5.255
7/22/2019,4:45:00,0,0.4117,5.252
7/22/2019,5:00:00,0,0.4116,5.248
7/22/2019,5:15:00,0,0.411,5.242
7/22/2019,5:30:00,0,0.4103,5.231
7/22/2019,5:45:00,0,0.4104,5.224
7/22/2019,6:00:00,0,0.4094,5.224
7/22/2019,6:15:00,0,0.4098,5.223
7/22/2019,6:30:00,0,0.4092,5.22
7/22/2019,6:45:00,0,0.4091,5.214
7/22/2019,7:00:00,0,0.4071,5.213
7/22/2019,7:15:00,0,0.4071,5.213
7/22/2019,7:30:00,0,0.4069,5.213
7/22/2019,7:45:00,0,0.4051,5.212
7/22/2019,8:00:00,0,0.4058,5.213
7/22/2019,8:15:00,0,0.4044,5.214
7/22/2019,8:30:00,0,0.4043,5.215
7/22/2019,8:45:00,0,0.4035,5.216
7/22/2019,9:00:00,0,0.4027,5.218
7/22/2019,9:15:00,0,0.4014,5.222
7/22/2019,9:30:00,0,0.4009,5.225
7/22/2019,9:45:00,0,0.4013,5.23
7/22/2019,10:00:00,0,0.4014,5.235
7/22/2019,10:15:00,0,0.4011,5.24
7/22/2019,10:30:00,0,0.4014,5.246
7/22/2019,10:45:00,0,0.4021,5.252
7/22/2019,11:00:00,0,0.403,5.258
7/22/2019,11:15:00,0,0.4018,5.263
7/22/2019,11:30:00,0,0.4024,5.27
7/22/2019,11:45:00,0,0.4023,5.277
7/22/2019,12:00:00,0,0.404,5.283
7/22/2019,12:15:00,0,0.4037,5.29
7/22/2019,12:30:00,0,0.4032,5.297
7/22/2019,12:45:00,0,0.4046,5.303
7/22/2019,13:00:00,0,0.4052,5.309
7/22/2019,13:15:00,0,0.4055,5.316
7/22/2019,13:30:00,0,0.406,5.323
7/22/2019,13:45:00,0,0.4066,5.33
7/22/2019,14:00:00,0,0.4076,5.337
7/22/2019,14:15:00,0,0.4087,5.345
7/22/2019,14:30:00,0,0.4083,5.352
7/22/2019,14:45:00,0,0.4085,5.359
7/22/2019,15:00:00,0,0.4089,5.366
7/22/2019,15:15:00,0,0.4091,5.373
7/22/2019,15:30:00,0,0.4089,5.38
7/22/2019,15:45:00,0,0.4102,5.388
7/22/2019,16:00:00,0,0.411,5.394
7/22/2019,16:15:00,0,0.4111,5.4
7/22/2019,16:30:00,0,0.4118,5.405
7/22/2019,16:45:00,0,0.4118,5.409
7/22/2019,17:00:00,0,0.4105,5.413
7/22/2019,17:15:00,0,0.4098,5.416
7/22/2019,17:30:00,0,0.4092,5.42
7/22/2019,17:45:00,0,0.4102,5.422
7/22/2019,18:00:00,0,0.409,5.424
7/22/2019,18:15:00,0,0.408,5.426
7/22/2019,18:30:00,0,0.4073,5.427
7/22/2019,18:45:00,0,0.4075,5.427
7/22/2019,19:00:00,0,0.4062,5.427
7/22/2019,19:15:00,0,0.4062,5.427
7/22/2019,19:30:00,0,0.4062,5.427
7/22/2019,19:45:00,0,0.4041,5.426
7/22/2019,20:00:00,0,0.4047,5.425
7/22/2019,20:15:00,0,0.4035,5.425
7/22/2019,20:30:00,0,0.4026,5.423
7/22/2019,20:45:00,0,0.4031,5.422
7/22/2019,21:00:00,0,0.4022,5.42
7/22/2019,21:15:00,0,0.4012,5.418
7/22/2019,21:30:00,0,0.4006,5.417
7/22/2019,21:45:00,0,0.4011,5.413
7/22/2019,22:00:00,0,0.4016,5.41
7/22/2019,22:15:00,0,0.4012,5.406
7/22/2019,22:30:00,0,0.4015,5.4
7/22/2019,22:45:00,0,0.4017,5.394
7/22/2019,23:00:00,0,0.4017,5.387
7/22/2019,23:15:00,0,0.4016,5.381
7/22/2019,23:30:00,0,0.4016,5.377
7/22/2019,23:45:00,0,0.4014,5.371
7/23/2019,0:00:00,0,0.4013,5.367
7/23/2019,0:15:00,0,0.4019,5.364
7/23/2019,0:30:00,0,0.4024,5.362
7/23/2019,0:45:00,0,0.4036,5.361
7/23/2019,1:00:00,0,0.4041,5.356
7/23/2019,1:15:00,0,0.4054,5.351
7/23/2019,1:30:00,0,0.4065,5.348
7/23/2019,1:45:00,0,0.4065,5.345
7/23/2019,2:00:00,0,0.4064,5.34
7/23/2019,2:15:00,0,0.4077,5.337
7/23/2019,2:30:00,0,0.4076,5.333
7/23/2019,2:45:00,0,0.4078,5.328
7/23/2019,3:00:00,0,0.4085,5.324
7/23/2019,3:15:00,0,0.4086,5.32
7/23/2019,3:30:00,0,0.4087,5.315
7/23/2019,3:45:00,0,0.4104,5.31
7/23/2019,4:00:00,0,0.4094,5.303
7/23/2019,4:15:00,0,0.409,5.294
7/23/2019,4:30:00,0,0.4093,5.289
7/23/2019,4:45:00,0,0.4086,5.285
7/23/2019,5:00:00,0,0.4082,5.281
7/23/2019,5:15:00,0,0.4079,5.276
7/23/2019,5:30:00,0,0.4069,5.274
7/23/2019,5:45:00,0,0.407,5.27
7/23/2019,6:00:00,0,0.4077,5.265
7/23/2019,6:15:00,0,0.4069,5.261
7/23/2019,6:30:00,0,0.4073,5.257
7/23/2019,6:45:00,0,0.4055,5.253
7/23/2019,7:00:00,0,0.4056,5.247
7/23/2019,7:15:00,0,0.4042,5.243
7/23/2019,7:30:00,0,0.405,5.24
7/23/2019,7:45:00,0,0.4036,5.236
7/23/2019,8:00:00,0,0.4018,5.235
7/23/2019,8:15:00,0,0.4026,5.235
7/23/2019,8:30:00,0,0.401,5.236
7/23/2019,8:45:00,0,0.4004,5.236
7/23/2019,9:00:00,0,0.3981,5.237
7/23/2019,9:15:00,0,0.3991,5.24
7/23/2019,9:30:00,0,0.3998,5.241
7/23/2019,9:45:00,0,0.3988,5.241
7/23/2019,10:00:00,0,0.4005,5.24
7/23/2019,10:15:00,0,0.3991,5.238
7/23/2019,10:30:00,0,0.4009,5.235
7/23/2019,10:45:00,0,0.4006,5.231
7/23/2019,11:00:00,0,0.401,5.231
7/23/2019,11:15:00,0,0.4018,5.238
7/23/2019,11:30:00,0,0.4015,5.246
7/23/2019,11:45:00,0,0.4019,5.26
7/23/2019,12:00:00,0,0.4029,5.272
7/23/2019,12:15:00,0,0.4039,5.282
7/23/2019,12:30:00,0,0.4047,5.289
7/23/2019,12:45:00,0,0.3986,5.296
7/23/2019,13:00:00,0,0.4049,5.303
7/23/2019,13:15:00,0,0.4063,5.312
7/23/2019,13:30:00,0,0.4041,5.32
7/23/2019,13:45:00,0,0.4067,5.33
7/23/2019,14:00:00,0,0.4086,5.34
7/23/2019,14:15:00,0,0.4092,5.35
7/23/2019,14:30:00,0,0.4089,5.363
7/23/2019,14:45:00,0,0.4102,5.376
7/23/2019,15:00:00,0,0.4115,5.387
7/23/2019,15:15:00,0,0.4125,5.396
7/23/2019,15:30:00,0,0.413,5.406
7/23/2019,15:45:00,0,0.4126,5.414
7/23/2019,16:00:00,0,0.4129,5.421
7/23/2019,16:15:00,0,0.4136,5.43
7/23/2019,16:30:00,0,0.4132,5.436
7/23/2019,16:45:00,0,0.4144,5.439
7/23/2019,17:00:00,0,0.4138,5.44
7/23/2019,17:15:00,0,0.4127,5.44
7/23/2019,17:30:00,0,0.4126,5.438
7/23/2019,17:45:00,0,0.4126,5.435
7/23/2019,18:00:00,0,0.4117,5.433
7/23/2019,18:15:00,0,0.4112,5.43
7/23/2019,18:30:00,0,0.4107,5.424
7/23/2019,18:45:00,0,0.4099,5.415
7/23/2019,19:00:00,0,0.4096,5.407
7/23/2019,19:15:00,0,0.4093,5.399
7/23/2019,19:30:00,0,0.409,5.39
7/23/2019,19:45:00,0,0.4073,5.381
7/23/2019,20:00:00,0,0.4075,5.375
7/23/2019,20:15:00,0,0.407,5.368
7/23/2019,20:30:00,0,0.4067,5.363
7/23/2019,20:45:00,0,0.4058,5.358
7/23/2019,21:00:00,0,0.4055,5.35
7/23/2019,21:15:00,0,0.4055,5.342
7/23/2019,21:30:00,0,0.4059,5.339
7/23/2019,21:45:00,0,0.4052,5.336
7/23/2019,22:00:00,0,0.4142,5.333
7/23/2019,22:15:00,0,0.4142,5.331
7/23/2019,22:30:00,0,0.4146,5.327
7/23/2019,22:45:00,0,0.4147,5.321
7/23/2019,23:00:00,0,0.4152,5.315
7/23/2019,23:15:00,0,0.4155,5.307
7/23/2019,23:30:00,0,0.4158,5.298
7/23/2019,23:45:00,0,0.4158,5.29
7/24/2019,0:00:00,0,0.4158,5.284
7/24/2019,0:15:00,0,0.4169,5.28
7/24/2019,0:30:00,0,0.4158,5.273
7/24/2019,0:45:00,0,0.4165,5.265
7/24/2019,1:00:00,0,0.4164,5.26
7/24/2019,1:15:00,0,0.4162,5.253
7/24/2019,1:30:00,0,0.4169,5.247
7/24/2019,1:45:00,0,0.4172,5.241
7/24/2019,2:00:00,0,0.417,5.234
7/24/2019,2:15:00,0,0.4171,5.229
7/24/2019,2:30:00,0,0.4174,5.226
7/24/2019,2:45:00,0,0.4174,5.224
7/24/2019,3:00:00,0,0.418,5.221
7/24/2019,3:15:00,0,0.4179,5.218
7/24/2019,3:30:00,0,0.4182,5.212
7/24/2019,3:45:00,0,0.4183,5.204
7/24/2019,4:00:00,0,0.4182,5.202
7/24/2019,4:15:00,0,0.4176,5.2
7/24/2019,4:30:00,0,0.4183,5.198
7/24/2019,4:45:00,0,0.4173,5.193
7/24/2019,5:00:00,0,0.418,5.188
7/24/2019,5:15:00,0,0.4179,5.182
7/24/2019,5:30:00,0,0.418,5.177
7/24/2019,5:45:00,0,0.4178,5.173
7/24/2019,6:00:00,0,0.418,5.168
7/24/2019,6:15:00,0,0.4178,5.164
7/24/2019,6:30:00,0,0.418,5.155
7/24/2019,6:45:00,0,0.4181,5.148
7/24/2019,7:00:00,0,0.4184,5.143
7/24/2019,7:15:00,0,0.4189,5.137
7/24/2019,7:30:00,0,0.419,5.133
7/24/2019,7:45:00,0,0.4188,5.131
7/24/2019,8:00:00,0,0.4194,5.128
7/24/2019,8:15:00,0,0.4209,5.128
7/24/2019,8:30:00,0,0.4207,5.13
7/24/2019,8:45:00,0,0.4221,5.134
7/24/2019,9:00:00,0,0.421,5.14
7/24/2019,9:15:00,0,0.4217,5.15
7/24/2019,9:30:00,0,0.4214,5.17
7/24/2019,9:45:00,0,0.4218,5.189
7/24/2019,10:00:00,0,0.4231,5.203
7/24/2019,10:15:00,0,0.4231,5.212
7/24/2019,10:30:00,0,0.4237,5.224
7/24/2019,10:45:00,0,0.4227,5.237
7/24/2019,11:00:00,0,0.424,5.25
7/24/2019,11:15:00,0,0.4244,5.26
7/24/2019,11:30:00,0,0.4247,5.283
7/24/2019,11:45:00,0,0.4256,5.309
7/24/2019,12:00:00,0,0.4254,5.315
7/24/2019,12:15:00,0,0.4261,5.33
7/24/2019,12:30:00,0,0.4257,5.368
7/24/2019,12:45:00,0,0.4268,5.392
7/24/2019,13:00:00,0,0.426,5.403
7/24/2019,13:15:00,0,0.4267,5.433
7/24/2019,13:30:00,0,0.4274,5.496
7/24/2019,13:45:00,0,0.4283,5.548
7/24/2019,14:00:00,0,0.4289,6.328
7/24/2019,14:15:00,0,0.4287,5.736
7/24/2019,14:30:00,0,0.4281,5.656
7/24/2019,14:45:00,0,0.4282,5.629
7/24/2019,15:00:00,0,0.4289,5.62
7/24/2019,15:15:00,0,0.4283,5.618
7/24/2019,15:30:00,0,0.4293,5.621
7/24/2019,15:45:00,0,0.4296,5.618
7/24/2019,16:00:00,0,0.431,5.619
7/24/2019,16:15:00,0,0.4312,5.623
7/24/2019,16:30:00,0,0.4295,5.623
7/24/2019,16:45:00,0,0.4297,5.619
7/24/2019,17:00:00,0,0.4307,5.614
7/24/2019,17:15:00,0,0.4303,5.615
7/24/2019,17:30:00,0,0.4299,5.618
7/24/2019,17:45:00,0,0.4288,5.617
7/24/2019,18:00:00,0,0.4281,5.612
7/24/2019,18:15:00,0,0.4279,5.602
7/24/2019,18:30:00,0,0.4278,5.591
7/24/2019,18:45:00,0,0.4272,5.575
7/24/2019,19:00:00,0,0.427,5.56
7/24/2019,19:15:00,0,0.4268,5.543
7/24/2019,19:30:00,0,0.4273,5.524
7/24/2019,19:45:00,0,0.4263,5.505
7/24/2019,20:00:00,0,0.4258,5.486
7/24/2019,20:15:00,0,0.4259,5.467
7/24/2019,20:30:00,0,0.4251,5.451
7/24/2019,20:45:00,0,0.4243,5.439
7/24/2019,21:00:00,0,0.4239,5.431
7/24/2019,21:15:00,0,0.4248,5.427
7/24/2019,21:30:00,0,0.4238,5.425
7/24/2019,21:45:00,0,0.4237,5.423
7/24/2019,22:00:00,0,0.424,5.422
7/24/2019,22:15:00,0,0.4238,5.421
7/24/2019,22:30:00,0,0.424,5.418
7/24/2019,22:45:00,0,0.423,5.417
7/24/2019,23:00:00,0,0.4238,5.417
7/24/2019,23:15:00,0,0.4237,5.415
7/24/2019,23:30:00,0,0.424,5.411
7/24/2019,23:45:00,0,0.4236,5.409
7/25/2019,0:00:00,0,0.424,5.409
7/25/2019,0:15:00,0,0.4246,5.406
7/25/2019,0:30:00,0,0.4251,5.405
7/25/2019,0:45:00,0,0.4243,5.404
7/25/2019,1:00:00,0,0.4251,5.402
7/25/2019,1:15:00,0,0.4247,5.401
7/25/2019,1:30:00,0,0.4253,5.401
7/25/2019,1:45:00,0,0.4252,5.399
7/25/2019,2:00:00,0,0.425,5.396
7/25/2019,2:15:00,0,0.4252,5.394
7/25/2019,2:30:00,0,0.4254,5.391
7/25/2019,2:45:00,0,0.4255,5.39
7/25/2019,3:00:00,0,0.4252,5.388
7/25/2019,3:15:00,0,0.4247,5.385
7/25/2019,3:30:00,0,0.4253,5.382
7/25/2019,3:45:00,0,0.4253,5.379
7/25/2019,4:00:00,0,0.4249,5.375
7/25/2019,4:15:00,0,0.4246,5.372
7/25/2019,4:30:00,0,0.4245,5.369
7/25/2019,4:45:00,0,0.4242,5.365
7/25/2019,5:00:00,0,0.4235,5.362
7/25/2019,5:15:00,0,0.4237,5.36
7/25/2019,5:30:00,0,0.4228,5.357
7/25/2019,5:45:00,0,0.4236,5.353
7/25/2019,6:00:00,0,0.4231,5.35
7/25/2019,6:15:00,0,0.4225,5.346
7/25/2019,6:30:00,0,0.4223,5.343
7/25/2019,6:45:00,0,0.4214,5.339
7/25/2019,7:00:00,0,0.4204,5.337
7/25/2019,7:15:00,0,0.4209,5.336
7/25/2019,7:30:00,0,0.4204,5.333
7/25/2019,7:45:00,0,0.4197,5.33
7/25/2019,8:00:00,0,0.4198,5.328
7/25/2019,8:15:00,0,0.4188,5.329
7/25/2019,8:30:00,0,0.4191,5.33
7/25/2019,8:45:00,0,0.4186,5.333
7/25/2019,9:00:00,0,0.4187,5.337
7/25/2019,9:15:00,0,0.4186,5.342
7/25/2019,9:30:00,0,0.4175,5.347
7/25/2019,9:45:00,0,0.4177,5.354
7/25/2019,10:00:00,0,0.4183,5.361
7/25/2019,10:15:00,0,0.4172,5.368
7/25/2019,10:30:00,0,0.4173,5.375
7/25/2019,10:45:00,0,0.4169,5.381
7/25/2019,11:00:00,0,0.4173,5.387
7/25/2019,11:15:00,0,0.4176,5.394
7/25/2019,11:30:00,0,0.4171,5.401
7/25/2019,11:45:00,0,0.4176,5.407
7/25/2019,12:00:00,0,0.4184,5.414
7/25/2019,12:15:00,0,0.4184,5.422
7/25/2019,12:30:00,0,0.4194,5.428
7/25/2019,12:45:00,0,0.4189,5.434
7/25/2019,13:00:00,0,0.4196,5.441
7/25/2019,13:15:00,0,0.4201,5.447
7/25/2019,13:30:00,0,0.4203,5.453
7/25/2019,13:45:00,0,0.4209,5.459
7/25/2019,14:00:00,0,0.4213,5.466
7/25/2019,14:15:00,0,0.4213,5.473
7/25/2019,14:30:00,0,0.4215,5.479
7/25/2019,14:45:00,0,0.4214,5.487
7/25/2019,15:00:00,0,0.4223,5.495
7/25/2019,15:15:00,0,0.422,5.503
7/25/2019,15:30:00,0,0.4218,5.511
7/25/2019,15:45:00,0,0.419,5.518
7/25/2019,16:00:00,0,0.4217,5.526
7/25/2019,16:15:00,0,0.4211,5.534
7/25/2019,16:30:00,0,0.4203,5.541
7/25/2019,16:45:00,0,0.4193,5.548
7/25/2019,17:00:00,0,0.4207,5.554
7/25/2019,17:15:00,0,0.4217,5.56
7/25/2019,17:30:00,0,0.4211,5.565
7/25/2019,17:45:00,0,0.4208,5.57
7/25/2019,18:00:00,0,0.4207,5.575
7/25/2019,18:15:00,0,0.4199,5.576
7/25/2019,18:30:00,0,0.4198,5.579
7/25/2019,18:45:00,0,0.4194,5.58
7/25/2019,19:00:00,0,0.4193,5.579
7/25/2019,19:15:00,0,0.4188,5.576
7/25/2019,19:30:00,0,0.4184,5.573
7/25/2019,19:45:00,0,0.4179,5.569
7/25/2019,20:00:00,0,0.4181,5.565
7/25/2019,20:15:00,0,0.4173,5.561
7/25/2019,20:30:00,0,0.4166,5.557
7/25/2019,20:45:00,0,0.4161,5.552
7/25/2019,21:00:00,0,0.4164,5.549
7/25/2019,21:15:00,0,0.4155,5.546
7/25/2019,21:30:00,0,0.4153,5.542
7/25/2019,21:45:00,0,0.4147,5.539
7/25/2019,22:00:00,0,0.4153,5.534
7/25/2019,22:15:00,0,0.4147,5.531
7/25/2019,22:30:00,0,0.4156,5.529
7/25/2019,22:45:00,0,0.416,5.528
7/25/2019,23:00:00,0,0.4155,5.526
7/25/2019,23:15:00,0,0.4157,5.523
7/25/2019,23:30:00,0,0.416,5.522
7/25/2019,23:45:00,0,0.4163,5.52
7/26/2019,0:00:00,0,0.4162,5.519
7/26/2019,0:15:00,0,0.4165,5.519
7/26/2019,0:30:00,0,0.4168,5.519
7/26/2019,0:45:00,0,0.4167,5.519
7/26/2019,1:00:00,0,0.418,5.517
7/26/2019,1:15:00,0,0.4168,5.514
7/26/2019,1:30:00,0,0.4176,5.511
7/26/2019,1:45:00,0,0.4176,5.507
7/26/2019,2:00:00,0,0.4179,5.503
7/26/2019,2:15:00,0,0.4182,5.5
7/26/2019,2:30:00,0,0.4183,5.496
7/26/2019,2:45:00,0,0.4175,5.491
7/26/2019,3:00:00,0,0.4175,5.486
7/26/2019,3:15:00,0,0.4173,5.482
7/26/2019,3:30:00,0,0.4172,5.479
7/26/2019,3:45:00,0,0.4178,5.475
7/26/2019,4:00:00,0,0.4172,5.472
7/26/2019,4:15:00,0,0.4167,5.467
7/26/2019,4:30:00,0,0.417,5.459
7/26/2019,4:45:00,0,0.4162,5.451
7/26/2019,5:00:00,0,0.4158,5.442
7/26/2019,5:15:00,0,0.4164,5.433
7/26/2019,5:30:00,0,0.4157,5.425
7/26/2019,5:45:00,0,0.4157,5.417
7/26/2019,6:00:00,0,0.4154,5.414
7/26/2019,6:15:00,0,0.4156,5.41
7/26/2019,6:30:00,0,0.4153,5.404
7/26/2019,6:45:00,0,0.4158,5.399
7/26/2019,7:00:00,0,0.415,5.392
7/26/2019,7:15:00,0,0.4141,5.387
7/26/2019,7:30:00,0,0.4141,5.381
7/26/2019,7:45:00,0,0.4141,5.375
7/26/2019,8:00:00,0,0.4133,5.372
7/26/2019,8:15:00,0,0.413,5.375
7/26/2019,8:30:00,0,0.4127,5.378
7/26/2019,8:45:00,0,0.4125,5.381
7/26/2019,9:00:00,0,0.413,5.384
7/26/2019,9:15:00,0,0.4126,5.387
7/26/2019,9:30:00,0,0.4121,5.391
7/26/2019,9:45:00,0,0.4119,5.397
7/26/2019,10:00:00,0,0.4114,5.404
7/26/2019,10:15:00,0,0.4123,5.411
7/26/2019,10:30:00,0,0.4124,5.419
7/26/2019,10:45:00,0,0.4122,5.426
7/26/2019,11:00:00,0,0.4124,5.433
7/26/2019,11:15:00,0,0.4124,5.44
7/26/2019,11:30:00,0,0.4127,5.446
7/26/2019,11:45:00,0,0.4128,5.452
7/26/2019,12:00:00,0,0.4132,5.458
7/26/2019,12:15:00,0,0.413,5.464
7/26/2019,12:30:00,0,0.4139,5.47
7/26/2019,12:45:00,0,0.4141,5.476
7/26/2019,13:00:00,0,0.4142,5.481
7/26/2019,13:15:00,0,0.4145,5.488
7/26/2019,13:30:00,0,0.4131,5.494
7/26/2019,13:45:00,0,0.4135,5.5
7/26/2019,14:00:00,0,0.4139,5.506
7/26/2019,14:15:00,0,0.4146,5.512
7/26/2019,14:30:00,0,0.4137,5.518
7/26/2019,14:45:00,0,0.4142,5.524
7/26/2019,15:00:00,0,0.4137,5.53
7/26/2019,15:15:00,0,0.4137,5.536
7/26/2019,15:30:00,0,0.4126,5.541
7/26/2019,15:45:00,0,0.4128,5.547
7/26/2019,16:00:00,0,0.4117,5.551
7/26/2019,16:15:00,0,0.4129,5.556
7/26/2019,16:30:00,0,0.4124,5.56
7/26/2019,16:45:00,0,0.4126,5.564
7/26/2019,17:00:00,0,0.4128,5.569
7/26/2019,17:15:00,0,0.4112,5.571
7/26/2019,17:30:00,0,0.4109,5.574
7/26/2019,17:45:00,0,0.41,5.577
7/26/2019,18:00:00,0,0.4099,5.578
7/26/2019,18:15:00,0,0.4094,5.577
7/26/2019,18:30:00,0,0.4095,5.576
7/26/2019,18:45:00,0,0.4086,5.574
7/26/2019,19:00:00,0,0.4093,5.57
7/26/2019,19:15:00,0,0.4093,5.567
7/26/2019,19:30:00,0,0.4086,5.565
7/26/2019,19:45:00,0,0.4079,5.562
7/26/2019,20:00:00,0,0.4076,5.56
7/26/2019,20:15:00,0,0.4072,5.557
7/26/2019,20:30:00,0,0.407,5.555
7/26/2019,20:45:00,0,0.4073,5.548
7/26/2019,21:00:00,0,0.4077,5.54
7/26/2019,21:15:00,0,0.4059,5.532
7/26/2019,21:30:00,0,0.4067,5.523
7/26/2019,21:45:00,0,0.4052,5.516
7/26/2019,22:00:00,0,0.4051,5.511
7/26/2019,22:15:00,0,0.4046,5.506
7/26/2019,22:30:00,0,0.4046,5.501
7/26/2019,22:45:00,0,0.4048,5.496
7/26/2019,23:00:00,0,0.4046,5.492
7/26/2019,23:15:00,0,0.4045,5.486
7/26/2019,23:30:00,0,0.4045,5.481
7/26/2019,23:45:00,0,0.4038,5.476
7/27/2019,0:00:00,0,0.4046,5.471
7/27/2019,0:15:00,0,0.4048,5.467
7/27/2019,0:30:00,0,0.405,5.461
7/27/2019,0:45:00,0,0.4046,5.454
7/27/2019,1:00:00,0,0.4048,5.447
7/27/2019,1:15:00,0,0.404,5.44
7/27/2019,1:30:00,0,0.4042,5.434
7/27/2019,1:45:00,0,0.404,5.428
7/27/2019,2:00:00,0,0.4042,5.424
7/27/2019,2:15:00,0,0.4033,5.417
7/27/2019,2:30:00,0,0.4034,5.412
7/27/2019,2:45:00,0,0.4038,5.407
7/27/2019,3:00:00,0,0.4031,5.404
7/27/2019,3:15:00,0,0.4034,5.399
7/27/2019,3:30:00,0,0.4032,5.391
7/27/2019,3:45:00,0,0.4025,5.387
7/27/2019,4:00:00,0,0.4018,5.382
7/27/2019,4:15:00,0,0.4014,5.376
7/27/2019,4:30:00,0,0.4013,5.37
7/27/2019,4:45:00,0,0.4012,5.364
7/27/2019,5:00:00,0,0.4001,5.361
7/27/2019,5:15:00,0,0.4004,5.355
7/27/2019,5:30:00,0,0.3997,5.35
7/27/2019,5:45:00,0,0.399,5.347
7/27/2019,6:00:00,0,0.3976,5.34
7/27/2019,6:15:00,0,0.397,5.333
7/27/2019,6:30:00,0,0.3974,5.327
7/27/2019,6:45:00,0,0.3959,5.323
7/27/2019,7:00:00,0,0.3958,5.319
7/27/2019,7:15:00,0,0.3969,5.316
7/27/2019,7:30:00,0,0.3944,5.312
7/27/2019,7:45:00,0,0.3939,5.31
7/27/2019,8:00:00,0,0.3943,5.309
7/27/2019,8:15:00,0,0.3933,5.308
7/27/2019,8:30:00,0,0.3941,5.308
7/27/2019,8:45:00,0,0.3928,5.309
7/27/2019,9:00:00,0,0.3932,5.311
7/27/2019,9:15:00,0,0.3931,5.312
7/27/2019,9:30:00,0,0.3934,5.312
7/27/2019,9:45:00,0,0.3937,5.315
7/27/2019,10:00:00,0,0.3931,5.321
7/27/2019,10:15:00,0,0.3919,5.327
7/27/2019,10:30:00,0,0.3933,5.334
7/27/2019,10:45:00,0,0.3926,5.342
7/27/2019,11:00:00,0,0.3933,5.349
7/27/2019,11:15:00,0,0.391,5.358
7/27/2019,11:30:00,0,0.3937,5.366
7/27/2019,11:45:00,0,0.3942,5.376
7/27/2019,12:00:00,0,0.3932,5.386
7/27/2019,12:15:00,0,0.3931,5.395
7/27/2019,12:30:00,0,0.3923,5.404
7/27/2019,12:45:00,0,0.3933,5.412
7/27/2019,13:00:00,0,0.3932,5.419
7/27/2019,13:15:00,0,0.3927,5.426
7/27/2019,13:30:00,0,0.3937,5.432
7/27/2019,13:45:00,0,0.3937,5.438
7/27/2019,14:00:00,0,0.3948,5.443
7/27/2019,14:15:00,0,0.3942,5.45
7/27/2019,14:30:00,0,0.3947,5.456
7/27/2019,14:45:00,0,0.3937,5.463
7/27/2019,15:00:00,0,0.3936,5.469
7/27/2019,15:15:00,0,0.3931,5.475
7/27/2019,15:30:00,0,0.3933,5.481
7/27/2019,15:45:00,0,0.3934,5.488
7/27/2019,16:00:00,0,0.3933,5.493
7/27/2019,16:15:00,0,0.3921,5.498
7/27/2019,16:30:00,0,0.3917,5.504
7/27/2019,16:45:00,0,0.3935,5.508
7/27/2019,17:00:00,0,0.3929,5.513
7/27/2019,17:15:00,0,0.391,5.518
7/27/2019,17:30:00,0,0.3912,5.522
7/27/2019,17:45:00,0,0.3921,5.526
7/27/2019,18:00:00,0,0.3898,5.53
7/27/2019,18:15:00,0,0.3899,5.532
7/27/2019,18:30:00,0,0.3889,5.533
7/27/2019,18:45:00,0,0.3885,5.533
7/27/2019,19:00:00,0,0.3877,5.529
7/27/2019,19:15:00,0,0.3878,5.524
7/27/2019,19:30:00,0,0.3879,5.519
7/27/2019,19:45:00,0,0.3876,5.513
7/27/2019,20:00:00,0,0.3863,5.504
7/27/2019,20:15:00,0,0.3859,5.494
7/27/2019,20:30:00,0,0.3849,5.485
7/27/2019,20:45:00,0,0.3846,5.476
7/27/2019,21:00:00,0,0.3836,5.468
7/27/2019,21:15:00,0,0.3838,5.457
7/27/2019,21:30:00,0,0.3831,5.445
7/27/2019,21:45:00,0,0.3827,5.43
7/27/2019,22:00:00,0,0.3828,5.416
7/27/2019,22:15:00,0,0.383,5.407
7/27/2019,22:30:00,0,0.383,5.396
7/27/2019,22:45:00,0,0.3824,5.391
7/27/2019,23:00:00,0,0.3827,5.388
7/27/2019,23:15:00,0,0.3835,5.383
7/27/2019,23:30:00,0,0.3836,5.373
7/27/2019,23:45:00,0,0.3832,5.363
7/28/2019,0:00:00,0,0.3842,5.354
7/28/2019,0:15:00,0,0.3832,5.348
7/28/2019,0:30:00,0,0.3842,5.342
7/28/2019,0:45:00,0,0.385,5.334
7/28/2019,1:00:00,0,0.3857,5.326
7/28/2019,1:15:00,0,0.3854,5.313
7/28/2019,1:30:00,0,0.3856,5.302
7/28/2019,1:45:00,0,0.3853,5.295
7/28/2019,2:00:00,0,0.3855,5.292
7/28/2019,2:15:00,0,0.3859,5.285
7/28/2019,2:30:00,0,0.3863,5.28
7/28/2019,2:45:00,0,0.3868,5.278
7/28/2019,3:00:00,0,0.3855,5.275
7/28/2019,3:15:00,0,0.3868,5.274
7/28/2019,3:30:00,0,0.3866,5.268
7/28/2019,3:45:00,0,0.3865,5.262
7/28/2019,4:00:00,0,0.3861,5.256
7/28/2019,4:15:00,0,0.3856,5.249
7/28/2019,4:30:00,0,0.3852,5.244
7/28/2019,4:45:00,0,0.3864,5.239
7/28/2019,5:00:00,0,0.3858,5.231
7/28/2019,5:15:00,0,0.3855,5.224
7/28/2019,5:30:00,0,0.3843,5.218
7/28/2019,5:45:00,0,0.384,5.213
7/28/2019,6:00:00,0,0.3846,5.207
7/28/2019,6:15:00,0,0.3841,5.201
7/28/2019,6:30:00,0,0.3843,5.195
7/28/2019,6:45:00,0,0.3822,5.188
7/28/2019,7:00:00,0,0.3816,5.183
7/28/2019,7:15:00,0,0.384,5.183
7/28/2019,7:30:00,0,0.3822,5.183
7/28/2019,7:45:00,0,0.383,5.182
7/28/2019,8:00:00,0,0.3816,5.183
7/28/2019,8:15:00,0,0.3813,5.184
7/28/2019,8:30:00,0,0.3815,5.186
7/28/2019,8:45:00,0,0.3813,5.19
7/28/2019,9:00:00,0,0.3809,5.197
7/28/2019,9:15:00,0,0.3822,5.205
7/28/2019,9:30:00,0,0.3817,5.214
7/28/2019,9:45:00,0,0.3818,5.223
7/28/2019,10:00:00,0,0.3818,5.231
7/28/2019,10:15:00,0,0.3834,5.24
7/28/2019,10:30:00,0,0.3825,5.249
7/28/2019,10:45:00,0,0.3827,5.258
7/28/2019,11:00:00,0,0.3839,5.267
7/28/2019,11:15:00,0,0.3832,5.277
7/28/2019,11:30:00,0,0.3828,5.289
7/28/2019,11:45:00,0,0.3832,5.3
7/28/2019,12:00:00,0,0.3828,5.313
7/28/2019,12:15:00,0,0.3844,5.327
7/28/2019,12:30:00,0,0.3853,5.341
7/28/2019,12:45:00,0,0.3858,5.355
7/28/2019,13:00:00,0,0.3851,5.371
7/28/2019,13:15:00,0,0.3857,5.385
7/28/2019,13:30:00,0,0.3868,5.4
7/28/2019,13:45:00,0,0.3868,5.415
7/28/2019,14:00:00,0,0.3878,5.43
7/28/2019,14:15:00,0,0.3871,5.444
7/28/2019,14:30:00,0,0.3879,5.459
7/28/2019,14:45:00,0,0.3881,5.472
7/28/2019,15:00:00,0,0.3885,5.485
7/28/2019,15:15:00,0,0.3882,5.498
7/28/2019,15:30:00,0,0.3878,5.513
7/28/2019,15:45:00,0,0.3875,5.527
7/28/2019,16:00:00,0,0.3882,5.54
7/28/2019,16:15:00,0,0.3878,5.55
7/28/2019,16:30:00,0,0.3876,5.559
7/28/2019,16:45:00,0,0.3871,5.567
7/28/2019,17:00:00,0,0.3868,5.574
7/28/2019,17:15:00,0,0.387,5.579
7/28/2019,17:30:00,0,0.3869,5.582
7/28/2019,17:45:00,0,0.3856,5.583
7/28/2019,18:00:00,0,0.3859,5.583
7/28/2019,18:15:00,0,0.3863,5.58
7/28/2019,18:30:00,0,0.3858,5.576
7/28/2019,18:45:00,0,0.3855,5.571
7/28/2019,19:00:00,0,0.3854,5.563
7/28/2019,19:15:00,0,0.3842,5.554
7/28/2019,19:30:00,0,0.3841,5.545
7/28/2019,19:45:00,0,0.3835,5.537
7/28/2019,20:00:00,0,0.3849,5.528
7/28/2019,20:15:00,0,0.3837,5.521
7/28/2019,20:30:00,0,0.3846,5.514
7/28/2019,20:45:00,0,0.383,5.505
7/28/2019,21:00:00,0,0.3822,5.497
7/28/2019,21:15:00,0,0.3811,5.49
7/28/2019,21:30:00,0,0.3808,5.482
7/28/2019,21:45:00,0,0.3813,5.475
7/28/2019,22:00:00,0,0.3812,5.468
7/28/2019,22:15:00,0,0.3797,5.461
7/28/2019,22:30:00,0,0.3794,5.455
7/28/2019,22:45:00,0,0.3783,5.448
7/28/2019,23:00:00,0,0.3792,5.442
7/28/2019,23:15:00,0,0.379,5.435
7/28/2019,23:30:00,0,0.3795,5.426
7/28/2019,23:45:00,0,0.379,5.416
7/29/2019,0:00:00,0,0.3791,5.406
7/29/2019,0:15:00,0,0.3787,5.396
7/29/2019,0:30:00,0,0.3793,5.384
7/29/2019,0:45:00,0,0.3787,5.373
7/29/2019,1:00:00,0,0.3781,5.361
7/29/2019,1:15:00,0,0.3767,5.351
7/29/2019,1:30:00,0,0.3783,5.34
7/29/2019,1:45:00,0,0.3778,5.326
7/29/2019,2:00:00,0,0.3774,5.314
7/29/2019,2:15:00,0,0.3769,5.304
7/29/2019,2:30:00,0,0.3774,5.299
7/29/2019,2:45:00,0,0.3775,5.292
7/29/2019,3:00:00,0,0.377,5.284
7/29/2019,3:15:00,0,0.3783,5.271
7/29/2019,3:30:00,0,0.3779,5.257
7/29/2019,3:45:00,0,0.3768,5.244
7/29/2019,4:00:00,0,0.3756,5.233
7/29/2019,4:15:00,0,0.3758,5.222
7/29/2019,4:30:00,0,0.3741,5.213
7/29/2019,4:45:00,0,0.3742,5.201
7/29/2019,5:00:00,0,0.3735,5.191
7/29/2019,5:15:00,0,0.373,5.18
7/29/2019,5:30:00,0,0.3729,5.173
7/29/2019,5:45:00,0,0.3724,5.163
7/29/2019,6:00:00,0,0.3719,5.153
7/29/2019,6:15:00,0,0.3719,5.146
7/29/2019,6:30:00,0,0.3712,5.138
7/29/2019,6:45:00,0,0.3708,5.127
7/29/2019,7:00:00,0,0.3706,5.117
7/29/2019,7:15:00,0,0.3692,5.109
7/29/2019,7:30:00,0,0.3671,5.099
7/29/2019,7:45:00,0,0.3681,5.09
7/29/2019,8:00:00,0,0.368,5.089
7/29/2019,8:15:00,0,0.3664,5.094
7/29/2019,8:30:00,0,0.3667,5.098
7/29/2019,8:45:00,0,0.3657,5.108
7/29/2019,9:00:00,0,0.3647,5.12
7/29/2019,9:15:00,0,0.3662,5.137
7/29/2019,9:30:00,0,0.3651,5.154
7/29/2019,9:45:00,0,0.3637,5.171
7/29/2019,10:00:00,0,0.3662,5.19
7/29/2019,10:15:00,0,0.3661,5.208
7/29/2019,10:30:00,0,0.3666,5.225
7/29/2019,10:45:00,0,0.3644,5.246
7/29/2019,11:00:00,0,0.3641,5.266
7/29/2019,11:15:00,0,0.3638,5.287
7/29/2019,11:30:00,0,0.3649,5.311
7/29/2019,11:45:00,0,0.3662,5.334
7/29/2019,12:00:00,0,0.3674,5.358
7/29/2019,12:15:00,0,0.3674,5.383
7/29/2019,12:30:00,0,0.3689,5.407
7/29/2019,12:45:00,0,0.3699,5.433
7/29/2019,13:00:00,0,0.3662,5.458
7/29/2019,13:15:00,0,0.3663,5.483
7/29/2019,13:30:00,0,0.3672,5.508
7/29/2019,13:45:00,0,0.3673,5.532
7/29/2019,14:00:00,0,0.3678,5.554
7/29/2019,14:15:00,0,0.3683,5.576
7/29/2019,14:30:00,0,0.3664,5.596
7/29/2019,14:45:00,0,0.3685,5.615
7/29/2019,15:00:00,0,0.3683,5.631
7/29/2019,15:15:00,0,0.3672,5.647
7/29/2019,15:30:00,0,0.3668,5.661
7/29/2019,15:45:00,0,0.3673,5.674
7/29/2019,16:00:00,0,0.367,5.686
7/29/2019,16:15:00,0,0.367,5.697
7/29/2019,16:30:00,0,0.3674,5.707
7/29/2019,16:45:00,0,0.3671,5.717
7/29/2019,17:00:00,0,0.3659,5.727
7/29/2019,17:15:00,0,0.367,5.735
7/29/2019,17:30:00,0,0.3667,5.743
7/29/2019,17:45:00,0,0.3672,5.751
7/29/2019,18:00:00,0,0.3674,5.756
7/29/2019,18:15:00,0,0.3659,5.762
7/29/2019,18:30:00,0,0.3639,5.765
7/29/2019,18:45:00,0,0.3642,5.767
7/29/2019,19:00:00,0,0.3639,5.767
7/29/2019,19:15:00,0,0.3631,5.766
7/29/2019,19:30:00,0,0.363,5.765
7/29/2019,19:45:00,0,0.362,5.763
7/29/2019,20:00:00,0,0.3628,5.762
7/29/2019,20:15:00,0,0.3623,5.761
7/29/2019,20:30:00,0,0.362,5.759
7/29/2019,20:45:00,0,0.3618,5.753
7/29/2019,21:00:00,0,0.3594,5.74
7/29/2019,21:15:00,0,0.3588,5.724
7/29/2019,21:30:00,0,0.3583,5.706
7/29/2019,21:45:00,0,0.3581,5.687
7/29/2019,22:00:00,0,0.3575,5.667
7/29/2019,22:15:00,0,0.3571,5.645
7/29/2019,22:30:00,0,0.3561,5.625
7/29/2019,22:45:00,0,0.3564,5.607
7/29/2019,23:00:00,0,0.3558,5.587
7/29/2019,23:15:00,0,0.3559,5.563
7/29/2019,23:30:00,0,0.3548,5.538
7/29/2019,23:45:00,0,0.3551,5.517
7/30/2019,0:00:00,0,0.3556,5.498
7/30/2019,0:15:00,0,0.3542,5.481
7/30/2019,0:30:00,0,0.3553,5.464
7/30/2019,0:45:00,0,0.3554,5.447
7/30/2019,1:00:00,0,0.3556,5.435
7/30/2019,1:15:00,0,0.3546,5.427
7/30/2019,1:30:00,0,0.3547,5.417
7/30/2019,1:45:00,0,0.3554,5.408
7/30/2019,2:00:00,0,0.3558,5.401
7/30/2019,2:15:00,0,0.3554,5.393
7/30/2019,2:30:00,0,0.3556,5.385
7/30/2019,2:45:00,0,0.3559,5.376
7/30/2019,3:00:00,0,0.3555,5.365
7/30/2019,3:15:00,0,0.3559,5.355
7/30/2019,3:30:00,0,0.3557,5.345
7/30/2019,3:45:00,0,0.3545,5.336
7/30/2019,4:00:00,0,0.3547,5.328
7/30/2019,4:15:00,0,0.3543,5.317
7/30/2019,4:30:00,0,0.3537,5.305
7/30/2019,4:45:00,0,0.353,5.293
7/30/2019,5:00:00,0,0.3526,5.284
7/30/2019,5:15:00,0,0.354,5.273
7/30/2019,5:30:00,0,0.3538,5.267
7/30/2019,5:45:00,0,0.3531,5.258
7/30/2019,6:00:00,0,0.3526,5.239
7/30/2019,6:15:00,0,0.3524,5.224
7/30/2019,6:30:00,0,0.3521,5.211
7/30/2019,6:45:00,0,0.3517,5.202
7/30/2019,7:00:00,0,0.3501,5.189
7/30/2019,7:15:00,0,0.3492,5.185
7/30/2019,7:30:00,0,0.3495,5.182
7/30/2019,7:45:00,0,0.348,5.181
7/30/2019,8:00:00,0,0.347,5.181
7/30/2019,8:15:00,0,0.3461,5.186
7/30/2019,8:30:00,0,0.3451,5.193
7/30/2019,8:45:00,0,0.3444,5.198
7/30/2019,9:00:00,0,0.3433,5.207
7/30/2019,9:15:00,0,0.3429,5.219
7/30/2019,9:30:00,0,0.3427,5.232
7/30/2019,9:45:00,0,0.3427,5.247
7/30/2019,10:00:00,0,0.3441,5.262
7/30/2019,10:15:00,0,0.3443,5.275
7/30/2019,10:30:00,0,0.3442,5.288
7/30/2019,10:45:00,0,0.344,5.301
7/30/2019,11:00:00,0,0.3447,5.313
7/30/2019,11:15:00,0,0.3435,5.325
7/30/2019,11:30:00,0,0.3449,5.336
7/30/2019,11:45:00,0,0.3442,5.346
7/30/2019,12:00:00,0,0.3435,5.358
7/30/2019,12:15:00,0,0.3449,5.369
7/30/2019,12:30:00,0,0.3445,5.379
7/30/2019,12:45:00,0,0.3462,5.391
7/30/2019,13:00:00,0,0.3459,5.401
7/30/2019,13:15:00,0,0.3486,5.412
7/30/2019,13:30:00,0,0.3483,5.423
7/30/2019,13:45:00,0,0.3483,5.433
7/30/2019,14:00:00,0,0.3478,5.444
7/30/2019,14:15:00,0,0.3478,5.455
7/30/2019,14:30:00,0,0.3496,5.466
7/30/2019,14:45:00,0,0.3497,5.476
7/30/2019,15:00:00,0,0.3498,5.487
7/30/2019,15:15:00,0,0.3498,5.496
7/30/2019,15:30:00,0,0.3511,5.505
7/30/2019,15:45:00,0,0.3489,5.514
7/30/2019,16:00:00,0,0.3505,5.523
7/30/2019,16:15:00,0,0.3505,5.53
7/30/2019,16:30:00,0,0.3507,5.537
7/30/2019,16:45:00,0,0.3514,5.545
7/30/2019,17:00:00,0,0.3517,5.551
7/30/2019,17:15:00,0,0.3506,5.556
7/30/2019,17:30:00,0,0.3487,5.561
7/30/2019,17:45:00,0,0.3511,5.567
7/30/2019,18:00:00,0,0.3514,5.569
7/30/2019,18:15:00,0,0.3493,5.571
7/30/2019,18:30:00,0,0.3463,5.573
7/30/2019,18:45:00,0,0.3461,5.573
7/30/2019,19:00:00,0,0.3479,5.57
7/30/2019,19:15:00,0,0.348,5.566
7/30/2019,19:30:00,0,0.3466,5.563
7/30/2019,19:45:00,0,0.3468,5.558
7/30/2019,20:00:00,0,0.35,5.553
7/30/2019,20:15:00,0,0.3461,5.549
7/30/2019,20:30:00,0,0.3444,5.543
7/30/2019,20:45:00,0,0.3421,5.538
7/30/2019,21:00:00,0,0.3412,5.532
7/30/2019,21:15:00,0,0.3401,5.526
7/30/2019,21:30:00,0,0.339,5.521
7/30/2019,21:45:00,0,0.3403,5.515
7/30/2019,22:00:00,0,0.3399,5.508
7/30/2019,22:15:00,0,0.3387,5.504
7/30/2019,22:30:00,0,0.3388,5.499
7/30/2019,22:45:00,0,0.3382,5.493
7/30/2019,23:00:00,0,0.3367,5.49
7/30/2019,23:15:00,0,0.3374,5.485
7/30/2019,23:30:00,0,0.3376,5.482
7/30/2019,23:45:00,0,0.3371,5.478
7/31/2019,0:00:00,0,0.337,5.474
7/31/2019,0:15:00,0,0.337,5.472
7/31/2019,0:30:00,0,0.3382,5.469
7/31/2019,0:45:00,0,0.3388,5.467
7/31/2019,1:00:00,0,0.3406,5.462
7/31/2019,1:15:00,0,0.3401,5.461
7/31/2019,1:30:00,0,0.3422,5.46
7/31/2019,1:45:00,0,0.3411,5.458
7/31/2019,2:00:00,0,0.3413,5.457
7/31/2019,2:15:00,0,0.3419,5.454
7/31/2019,2:30:00,0,0.3425,5.451
7/31/2019,2:45:00,0,0.3428,5.447
7/31/2019,3:00:00,0,0.3434,5.444
7/31/2019,3:15:00,0,0.3433,5.441
7/31/2019,3:30:00,0,0.3455,5.436
7/31/2019,3:45:00,0,0.3465,5.43
7/31/2019,4:00:00,0,0.3457,5.418
7/31/2019,4:15:00,0,0.3457,5.406
7/31/2019,4:30:00,0,0.3474,5.391
7/31/2019,4:45:00,0,0.3459,5.377
7/31/2019,5:00:00,0,0.3475,5.362
7/31/2019,5:15:00,0,0.347,5.349
7/31/2019,5:30:00,0,0.3455,5.335
7/31/2019,5:45:00,0,0.3454,5.324
7/31/2019,6:00:00,0,0.3473,5.309
7/31/2019,6:15:00,0,0.3459,5.296
7/31/2019,6:30:00,0,0.3474,5.287
7/31/2019,6:45:00,0,0.3454,5.279
7/31/2019,7:00:00,0,0.3437,5.271
7/31/2019,7:15:00,0,0.344,5.267
7/31/2019,7:30:00,0,0.343,5.265
7/31/2019,7:45:00,0,0.3413,5.26
7/31/2019,8:00:00,0,0.3414,5.257
7/31/2019,8:15:00,0,0.3401,5.252
7/31/2019,8:30:00,0,0.3402,5.247
7/31/2019,8:45:00,0,0.3407,5.241
7/31/2019,9:00:00,0,0.338,5.236
7/31/2019,9:15:00,0,0.3389,5.231
7/31/2019,9:30:00,0,0.3399,5.226
7/31/2019,9:45:00,0,0.3402,5.221
7/31/2019,10:00:00,0,0.3418,5.217
7/31/2019,10:15:00,0,0.3398,5.212
7/31/2019,10:30:00,0,0.3419,5.208
7/31/2019,10:45:00,0,0.3403,5.203
7/31/2019,11:00:00,0,0.3418,5.198
7/31/2019,11:15:00,0,0.341,5.194
7/31/2019,11:30:00,0,0.3417,5.19
7/31/2019,11:45:00,0,0.3422,5.185
7/31/2019,12:00:00,0,0.3451,5.181
7/31/2019,12:15:00,0,0.3442,5.178
7/31/2019,12:30:00,0,0.3439,5.174
7/31/2019,12:45:00,0,0.344,5.173
7/31/2019,13:00:00,0,0.3443,5.173
7/31/2019,13:15:00,0,0.3447,5.173
7/31/2019,13:30:00,0,0.3458,5.174
7/31/2019,13:45:00,0,0.3472,5.175
7/31/2019,14:00:00,0,0.3465,5.175
7/31/2019,14:15:00,0,0.3475,5.174
7/31/2019,14:30:00,0,0.3494,5.176
7/31/2019,14:45:00,0,0.3499,5.177
7/31/2019,15:00:00,0,0.3487,5.18
7/31/2019,15:15:00,0,0.3502,5.182
7/31/2019,15:30:00,0,0.3504,5.185
7/31/2019,15:45:00,0,0.3502,5.191
7/31/2019,16:00:00,0,0.3516,5.194
7/31/2019,16:15:00,0,0.3522,5.199
7/31/2019,16:30:00,0,0.3524,5.204
7/31/2019,16:45:00,0,0.3505,5.209
7/31/2019,17:00:00,0,0.3536,5.213
7/31/2019,17:15:00,0,0.354,5.217
7/31/2019,17:30:00,0,0.3532,5.22
7/31/2019,17:45:00,0,0.3548,5.222
7/31/2019,18:00:00,0,0.3535,5.222
7/31/2019,18:15:00,0,0.3533,5.219
7/31/2019,18:30:00,0,0.3534,5.214
7/31/2019,18:45:00,0,0.353,5.206
7/31/2019,19:00:00,0,0.3531,5.196
7/31/2019,19:15:00,0,0.353,5.187
7/31/2019,19:30:00,0,0.3535,5.176
7/31/2019,19:45:00,0,0.352,5.166
7/31/2019,20:00:00,0,0.3535,5.154
7/31/2019,20:15:00,0,0.3516,5.144
7/31/2019,20:30:00,0,0.351,5.134
7/31/2019,20:45:00,0,0.35,5.124
7/31/2019,21:00:00,0,0.3498,5.114
7/31/2019,21:15:00,0,0.3491,5.106
7/31/2019,21:30:00,0,0.3501,5.098
7/31/2019,21:45:00,0,0.3502,5.09
7/31/2019,22:00:00,0,0.3492,5.083
7/31/2019,22:15:00,0,0.3478,5.076
7/31/2019,22:30:00,0,0.3487,5.069
7/31/2019,22:45:00,0,0.3485,5.062
7/31/2019,23:00:00,0,0.3486,5.054
7/31/2019,23:15:00,0,0.3492,5.047
7/31/2019,23:30:00,0,0.3489,5.04
7/31/2019,23:45:00,0,0.349,5.034
8/1/2019,0:00:00,0,0.3498,5.027
8/1/2019,0:15:00,0,0.3502,5.021
8/1/2019,0:30:00,0,0.3498,5.015
8/1/2019,0:45:00,0,0.3507,5.009
8/1/2019,1:00:00,0,0.3509,5.003
8/1/2019,1:15:00,0,0.3527,4.997
8/1/2019,1:30:00,0,0.3516,4.992
8/1/2019,1:45:00,0,0.3525,4.986
8/1/2019,2:00:00,0,0.3533,4.98
8/1/2019,2:15:00,0,0.3534,4.974
8/1/2019,2:30:00,0,0.353,4.967
8/1/2019,2:45:00,0,0.3528,4.961
8/1/2019,3:00:00,0,0.3535,4.955
8/1/2019,3:15:00,0,0.354,4.95
8/1/2019,3:30:00,0,0.3526,4.945
8/1/2019,3:45:00,0,0.3536,4.938
8/1/2019,4:00:00,0,0.3523,4.932
8/1/2019,4:15:00,0,0.353,4.927
8/1/2019,4:30:00,0,0.3529,4.922
8/1/2019,4:45:00,0,0.3523,4.918
8/1/2019,5:00:00,0,0.3523,4.914
8/1/2019,5:15:00,0,0.3515,4.91
8/1/2019,5:30:00,0,0.351,4.907
8/1/2019,5:45:00,0,0.3512,4.903
8/1/2019,6:00:00,0,0.3518,4.9
8/1/2019,6:15:00,0,0.3504,4.896
8/1/2019,6:30:00,0,0.3508,4.893
8/1/2019,6:45:00,0,0.3503,4.89
8/1/2019,7:00:00,0,0.3489,4.886
8/1/2019,7:15:00,0,0.3478,4.882
8/1/2019,7:30:00,0,0.3457,4.878
8/1/2019,7:45:00,0,0.346,4.875
8/1/2019,8:00:00,0,0.3452,4.873
8/1/2019,8:15:00,0,0.3446,4.871
8/1/2019,8:30:00,0,0.343,4.87
8/1/2019,8:45:00,0,0.3431,4.869
8/1/2019,9:00:00,0,0.3433,4.869
8/1/2019,9:15:00,0,0.3435,4.871
8/1/2019,9:30:00,0,0.3425,4.874
8/1/2019,9:45:00,0,0.3434,4.878
8/1/2019,10:00:00,0,0.3444,4.882
8/1/2019,10:15:00,0,0.3436,4.888
8/1/2019,10:30:00,0,0.3422,4.894
8/1/2019,10:45:00,0,0.343,4.901
8/1/2019,11:00:00,0,0.343,4.909
8/1/2019,11:15:00,0,0.3428,4.917
8/1/2019,11:30:00,0,0.3434,4.927
8/1/2019,11:45:00,0,0.3431,4.936
8/1/2019,12:00:00,0,0.3432,4.945
8/1/2019,12:15:00,0,0.3428,4.956
8/1/2019,12:30:00,0,0.3427,4.965
8/1/2019,12:45:00,0,0.3423,4.975
8/1/2019,13:00:00,0,0.3423,4.985
8/1/2019,13:15:00,0,0.3428,4.995
8/1/2019,13:30:00,0,0.3434,5.006
8/1/2019,13:45:00,0,0.3441,5.018
8/1/2019,14:00:00,0,0.3438,5.029
8/1/2019,14:15:00,0,0.3431,5.04
8/1/2019,14:30:00,0,0.3442,5.05
8/1/2019,14:45:00,0,0.3442,5.062
8/1/2019,15:00:00,0,0.3453,5.072
8/1/2019,15:15:00,0,0.3461,5.084
8/1/2019,15:30:00,0,0.3474,5.096
8/1/2019,15:45:00,0,0.3472,5.107
8/1/2019,16:00:00,0,0.348,5.117
8/1/2019,16:15:00,0,0.3476,5.128
8/1/2019,16:30:00,0,0.348,5.138
8/1/2019,16:45:00,0,0.3483,5.149
8/1/2019,17:00:00,0,0.3469,5.159
8/1/2019,17:15:00,0,0.3458,5.169
8/1/2019,17:30:00,0,0.3466,5.18
8/1/2019,17:45:00,0,0.346,5.191
8/1/2019,18:00:00,0,0.3456,5.201
8/1/2019,18:15:00,0,0.3462,5.212
8/1/2019,18:30:00,0,0.3456,5.221
8/1/2019,18:45:00,0,0.3452,5.231
8/1/2019,19:00:00,0,0.3457,5.24
8/1/2019,19:15:00,0,0.3452,5.249
8/1/2019,19:30:00,0,0.3445,5.257
8/1/2019,19:45:00,0,0.3437,5.264
8/1/2019,20:00:00,0,0.3421,5.271
8/1/2019,20:15:00,0,0.3421,5.276
8/1/2019,20:30:00,0,0.3414,5.282
8/1/2019,20:45:00,0,0.3413,5.285
8/1/2019,21:00:00,0,0.3417,5.289
8/1/2019,21:15:00,0,0.3404,5.291
8/1/2019,21:30:00,0,0.3409,5.293
8/1/2019,21:45:00,0,0.3412,5.293
8/1/2019,22:00:00,0,0.3409,5.294
8/1/2019,22:15:00,0,0.3389,5.293
8/1/2019,22:30:00,0,0.339,5.292
8/1/2019,22:45:00,0,0.3395,5.29
8/1/2019,23:00:00,0,0.3394,5.288
8/1/2019,23:15:00,0,0.3402,5.287
8/1/2019,23:30:00,0,0.3403,5.284
8/1/2019,23:45:00,0,0.3399,5.283
8/2/2019,0:00:00,0,0.3414,5.281
8/2/2019,0:15:00,0,0.341,5.278
8/2/2019,0:30:00,0,0.3407,5.276
8/2/2019,0:45:00,0,0.3405,5.275
8/2/2019,1:00:00,0,0.3421,5.272
8/2/2019,1:15:00,0,0.3412,5.271
8/2/2019,1:30:00,0,0.3417,5.269
8/2/2019,1:45:00,0,0.3423,5.267
8/2/2019,2:00:00,0,0.3419,5.265
8/2/2019,2:15:00,0,0.3428,5.264
8/2/2019,2:30:00,0,0.3431,5.263
8/2/2019,2:45:00,0,0.3428,5.261
8/2/2019,3:00:00,0,0.342,5.259
8/2/2019,3:15:00,0,0.3417,5.258
8/2/2019,3:30:00,0,0.3417,5.255
8/2/2019,3:45:00,0,0.3417,5.253
8/2/2019,4:00:00,0,0.3419,5.25
8/2/2019,4:15:00,0,0.342,5.245
8/2/2019,4:30:00,0,0.3422,5.242
8/2/2019,4:45:00,0,0.3407,5.239
8/2/2019,5:00:00,0,0.3407,5.235
8/2/2019,5:15:00,0,0.3417,5.232
8/2/2019,5:30:00,0,0.34,5.229
8/2/2019,5:45:00,0,0.3387,5.225
8/2/2019,6:00:00,0,0.3396,5.222
8/2/2019,6:15:00,0,0.3385,5.218
8/2/2019,6:30:00,0,0.3379,5.215
8/2/2019,6:45:00,0,0.337,5.211
8/2/2019,7:00:00,0,0.3369,5.207
8/2/2019,7:15:00,0,0.3356,5.204
8/2/2019,7:30:00,0,0.3349,5.2
8/2/2019,7:45:00,0,0.334,5.196
8/2/2019,8:00:00,0,0.3333,5.192
8/2/2019,8:15:00,0,0.3324,5.189
8/2/2019,8:30:00,0,0.3323,5.187
8/2/2019,8:45:00,0,0.3318,5.184
8/2/2019,9:00:00,0,0.3323,5.182
8/2/2019,9:15:00,0,0.3318,5.179
8/2/2019,9:30:00,0,0.331,5.178
8/2/2019,9:45:00,0,0.3305,5.176
8/2/2019,10:00:00,0,0.3287,5.176
8/2/2019,10:15:00,0,0.3291,5.176
8/2/2019,10:30:00,0,0.3302,5.175
8/2/2019,10:45:00,0,0.3301,5.176
8/2/2019,11:00:00,0,0.33,5.177
8/2/2019,11:15:00,0,0.3325,5.179
8/2/2019,11:30:00,0,0.3306,5.181
8/2/2019,11:45:00,0,0.3304,5.183
8/2/2019,12:00:00,0,0.3314,5.187
8/2/2019,12:15:00,0,0.3305,5.191
8/2/2019,12:30:00,0,0.3315,5.194
8/2/2019,12:45:00,0,0.3324,5.199
8/2/2019,13:00:00,0,0.3251,5.685
8/2/2019,13:15:00,0,0.3225,5.389
8/2/2019,13:30:00,0,0.3233,5.336
8/2/2019,13:45:00,0,0.3233,5.316
8/2/2019,14:00:00,0,0.3221,5.306
8/2/2019,14:15:00,0,0.3209,5.303
8/2/2019,14:30:00,0,0.3193,5.302
8/2/2019,14:45:00,0,0.3215,5.304
8/2/2019,15:00:00,0,0.3223,5.307
8/2/2019,15:15:00,0,0.3231,5.311
8/2/2019,15:30:00,0,0.3231,5.316
8/2/2019,15:45:00,0,0.3239,5.321
8/2/2019,16:00:00,0,0.3226,5.327
8/2/2019,16:15:00,0,0.3228,5.333
8/2/2019,16:30:00,0,0.3224,5.338
8/2/2019,16:45:00,0,0.3232,5.344
8/2/2019,17:00:00,0,0.323,5.349
8/2/2019,17:15:00,0,0.3229,5.355
8/2/2019,17:30:00,0,0.3224,5.361
8/2/2019,17:45:00,0,0.3226,5.365
8/2/2019,18:00:00,0,0.3224,5.369
8/2/2019,18:15:00,0,0.3225,5.374
8/2/2019,18:30:00,0,0.3218,5.378
8/2/2019,18:45:00,0,0.3222,5.381
8/2/2019,19:00:00,0,0.3217,5.383
8/2/2019,19:15:00,0,0.3231,5.387
8/2/2019,19:30:00,0,0.3235,5.388
8/2/2019,19:45:00,0,0.3234,5.389
8/2/2019,20:00:00,0,0.3238,5.39
8/2/2019,20:15:00,0,0.3247,5.392
8/2/2019,20:30:00,0,0.3254,5.391
8/2/2019,20:45:00,0,0.3256,5.391
8/2/2019,21:00:00,0,0.3264,5.391
8/2/2019,21:15:00,0,0.3247,5.389
8/2/2019,21:30:00,0,0.3265,5.388
8/2/2019,21:45:00,0,0.3255,5.388
8/2/2019,22:00:00,0,0.3273,5.385
8/2/2019,22:15:00,0,0.3283,5.384
8/2/2019,22:30:00,0,0.3279,5.383
8/2/2019,22:45:00,0,0.3282,5.381
8/2/2019,23:00:00,0,0.3314,5.379
8/2/2019,23:15:00,0,0.3306,5.377
8/2/2019,23:30:00,0,0.3311,5.375
8/2/2019,23:45:00,0,0.3301,5.373
8/3/2019,0:00:00,0,0.3315,5.371
8/3/2019,0:15:00,0,0.331,5.369
8/3/2019,0:30:00,0,0.3332,5.367
8/3/2019,0:45:00,0,0.3328,5.365
8/3/2019,1:00:00,0,0.333,5.363
8/3/2019,1:15:00,0,0.3327,5.361
8/3/2019,1:30:00,0,0.3342,5.359
8/3/2019,1:45:00,0,0.3355,5.357
8/3/2019,2:00:00,0,0.3356,5.354
8/3/2019,2:15:00,0,0.3376,5.352
8/3/2019,2:30:00,0,0.3385,5.348
8/3/2019,2:45:00,0,0.342,5.344
8/3/2019,3:00:00,0,0.3424,5.342
8/3/2019,3:15:00,0,0.3448,5.338
8/3/2019,3:30:00,0,0.3463,5.336
8/3/2019,3:45:00,0,0.3474,5.332
8/3/2019,4:00:00,0,0.3484,5.329
8/3/2019,4:15:00,0,0.3494,5.325
8/3/2019,4:30:00,0,0.3517,5.32
8/3/2019,4:45:00,0,0.3583,5.314
8/3/2019,5:00:00,0,0.361,5.308
8/3/2019,5:15:00,0,0.3624,5.303
8/3/2019,5:30:00,0,0.3633,5.297
8/3/2019,5:45:00,0,0.3629,5.292
8/3/2019,6:00:00,0,0.3649,5.286
8/3/2019,6:15:00,0,0.3638,5.281
8/3/2019,6:30:00,0,0.365,5.276
8/3/2019,6:45:00,0,0.3641,5.272
8/3/2019,7:00:00,0,0.3644,5.267
8/3/2019,7:15:00,0,0.3667,5.263
8/3/2019,7:30:00,0,0.3671,5.259
8/3/2019,7:45:00,0,0.3665,5.254
8/3/2019,8:00:00,0,0.3688,5.25
8/3/2019,8:15:00,0,0.3713,5.247
8/3/2019,8:30:00,0,0.3723,5.243
8/3/2019,8:45:00,0,0.3727,5.24
8/3/2019,9:00:00,0,0.372,5.236
8/3/2019,9:15:00,0,0.3721,5.234
8/3/2019,9:30:00,0,0.3742,5.231
8/3/2019,9:45:00,0,0.3754,5.229
8/3/2019,10:00:00,0,0.3802,5.227
8/3/2019,10:15:00,0,0.3801,5.227
8/3/2019,10:30:00,0,0.3779,5.226
8/3/2019,10:45:00,0,0.3802,5.227
8/3/2019,11:00:00,0,0.3815,5.229
8/3/2019,11:15:00,0,0.3847,5.231
8/3/2019,11:30:00,0,0.3835,5.232
8/3/2019,11:45:00,0,0.386,5.234
8/3/2019,12:00:00,0,0.3855,5.235
8/3/2019,12:15:00,0,0.3847,5.237
8/3/2019,12:30:00,0,0.3847,5.239
8/3/2019,12:45:00,0,0.3884,5.242
8/3/2019,13:00:00,0,0.3879,5.245
8/3/2019,13:15:00,0,0.3908,5.248
8/3/2019,13:30:00,0,0.3883,5.253
8/3/2019,13:45:00,0,0.3897,5.256
8/3/2019,14:00:00,0,0.3929,5.261
8/3/2019,14:15:00,0,0.391,5.265
8/3/2019,14:30:00,0,0.3924,5.27
8/3/2019,14:45:00,0,0.3939,5.274
8/3/2019,15:00:00,0,0.3927,5.279
8/3/2019,15:15:00,0,0.3925,5.284
8/3/2019,15:30:00,0,0.3915,5.289
8/3/2019,15:45:00,0,0.3925,5.296
8/3/2019,16:00:00,0,0.394,5.301
8/3/2019,16:15:00,0,0.3941,5.307
8/3/2019,16:30:00,0,0.3938,5.312
8/3/2019,16:45:00,0,0.3923,5.317
8/3/2019,17:00:00,0,0.3935,5.322
8/3/2019,17:15:00,0,0.3933,5.325
8/3/2019,17:30:00,0,0.393,5.328
8/3/2019,17:45:00,0,0.393,5.329
8/3/2019,18:00:00,0,0.3917,5.33
8/3/2019,18:15:00,0,0.3947,5.33
8/3/2019,18:30:00,0,0.3928,5.328
8/3/2019,18:45:00,0,0.3922,5.325
8/3/2019,19:00:00,0,0.3925,5.322
8/3/2019,19:15:00,0,0.3908,5.319
8/3/2019,19:30:00,0,0.3911,5.316
8/3/2019,19:45:00,0,0.3915,5.312
8/3/2019,20:00:00,0,0.3933,5.31
8/3/2019,20:15:00,0,0.3927,5.307
8/3/2019,20:30:00,0,0.3892,5.305
8/3/2019,20:45:00,0,0.3909,5.303
8/3/2019,21:00:00,0,0.3904,5.3
8/3/2019,21:15:00,0,0.3936,5.297
8/3/2019,21:30:00,0,0.393,5.295
8/3/2019,21:45:00,0,0.3916,5.291
8/3/2019,22:00:00,0,0.3906,5.288
8/3/2019,22:15:00,0,0.3906,5.285
8/3/2019,22:30:00,0,0.3894,5.281
8/3/2019,22:45:00,0,0.3913,5.277
8/3/2019,23:00:00,0,0.3898,5.274
8/3/2019,23:15:00,0,0.3924,5.272
8/3/2019,23:30:00,0,0.3893,5.269
8/3/2019,23:45:00,0,0.3886,5.266
8/4/2019,0:00:00,0,0.3909,5.264
8/4/2019,0:15:00,0,0.3895,5.26
8/4/2019,0:30:00,0,0.3929,5.256
8/4/2019,0:45:00,0,0.3893,5.251
8/4/2019,1:00:00,0,0.3914,5.245
8/4/2019,1:15:00,0,0.3914,5.242
8/4/2019,1:30:00,0,0.3929,5.239
8/4/2019,1:45:00,0,0.3923,5.235
8/4/2019,2:00:00,0,0.3954,5.229
8/4/2019,2:15:00,0,0.394,5.227
8/4/2019,2:30:00,0,0.3941,5.225
8/4/2019,2:45:00,0,0.3947,5.224
8/4/2019,3:00:00,0,0.3947,5.221
8/4/2019,3:15:00,0,0.3966,5.219
8/4/2019,3:30:00,0,0.3936,5.218
8/4/2019,3:45:00,0,0.3952,5.215
8/4/2019,4:00:00,0,0.3961,5.212
8/4/2019,4:15:00,0,0.3944,5.21
8/4/2019,4:30:00,0,0.3937,5.208
8/4/2019,4:45:00,0,0.3931,5.206
8/4/2019,5:00:00,0,0.3943,5.204
8/4/2019,5:15:00,0,0.3937,5.201
8/4/2019,5:30:00,0,0.395,5.198
8/4/2019,5:45:00,0,0.3959,5.196
8/4/2019,6:00:00,0,0.3932,5.193
8/4/2019,6:15:00,0,0.3962,5.191
8/4/2019,6:30:00,0,0.3965,5.187
8/4/2019,6:45:00,0,0.3976,5.184
8/4/2019,7:00:00,0,0.398,5.183
8/4/2019,7:15:00,0,0.398,5.18
8/4/2019,7:30:00,0,0.3989,5.178
8/4/2019,7:45:00,0,0.3992,5.176
8/4/2019,8:00:00,0,0.4005,5.174
8/4/2019,8:15:00,0,0.3996,5.172
8/4/2019,8:30:00,0,0.399,5.17
8/4/2019,8:45:00,0,0.4009,5.169
8/4/2019,9:00:00,0,0.401,5.168
8/4/2019,9:15:00,0,0.3995,5.168
8/4/2019,9:30:00,0,0.4007,5.167
8/4/2019,9:45:00,0,0.4025,5.166
8/4/2019,10:00:00,0,0.4037,5.165
8/4/2019,10:15:00,0,0.4057,5.164
8/4/2019,10:30:00,0,0.4037,5.164
8/4/2019,10:45:00,0,0.4034,5.163
8/4/2019,11:00:00,0,0.4066,5.163
8/4/2019,11:15:00,0,0.4045,5.162
8/4/2019,11:30:00,0,0.4063,5.164
8/4/2019,11:45:00,0,0.406,5.164
8/4/2019,12:00:00,0,0.4069,5.167
8/4/2019,12:15:00,0,0.4066,5.169
8/4/2019,12:30:00,0,0.4089,5.172
8/4/2019,12:45:00,0,0.4074,5.175
8/4/2019,13:00:00,0,0.4101,5.178
8/4/2019,13:15:00,0,0.4071,5.181
8/4/2019,13:30:00,0,0.4087,5.185
8/4/2019,13:45:00,0,0.409,5.189
8/4/2019,14:00:00,0,0.4091,5.192
8/4/2019,14:15:00,0,0.4091,5.197
8/4/2019,14:30:00,0,0.4115,5.201
8/4/2019,14:45:00,0,0.4087,5.205
8/4/2019,15:00:00,0,0.4086,5.209
8/4/2019,15:15:00,0,0.4094,5.212
8/4/2019,15:30:00,0,0.4093,5.214
8/4/2019,15:45:00,0,0.4097,5.215
8/4/2019,16:00:00,0,0.4099,5.217
8/4/2019,16:15:00,0,0.4101,5.217
8/4/2019,16:30:00,0,0.4081,5.217
8/4/2019,16:45:00,0,0.4084,5.216
8/4/2019,17:00:00,0,0.4094,5.216
8/4/2019,17:15:00,0,0.4091,5.215
8/4/2019,17:30:00,0,0.4089,5.213
8/4/2019,17:45:00,0,0.4083,5.211
8/4/2019,18:00:00,0,0.4083,5.209
8/4/2019,18:15:00,0,0.4079,5.205
8/4/2019,18:30:00,0,0.408,5.202
8/4/2019,18:45:00,0,0.4071,5.2
8/4/2019,19:00:00,0,0.4067,5.196
8/4/2019,19:15:00,0,0.4074,5.194
8/4/2019,19:30:00,0,0.4073,5.19
8/4/2019,19:45:00,0,0.4066,5.188
8/4/2019,20:00:00,0,0.4072,5.184
8/4/2019,20:15:00,0,0.4073,5.18
8/4/2019,20:30:00,0,0.406,5.178
8/4/2019,20:45:00,0,0.4065,5.175
8/4/2019,21:00:00,0,0.4062,5.171
8/4/2019,21:15:00,0,0.4057,5.168
8/4/2019,21:30:00,0,0.4052,5.165
8/4/2019,21:45:00,0,0.4049,5.163
8/4/2019,22:00:00,0,0.4057,5.16
8/4/2019,22:15:00,0,0.4041,5.155
8/4/2019,22:30:00,0,0.4054,5.151
8/4/2019,22:45:00,0,0.4046,5.147
8/4/2019,23:00:00,0,0.4063,5.143
8/4/2019,23:15:00,0,0.4054,5.14
8/4/2019,23:30:00,0,0.4043,5.135
8/4/2019,23:45:00,0,0.403,5.132
8/5/2019,0:00:00,0,0.4048,5.128
8/5/2019,0:15:00,0,0.4062,5.123
8/5/2019,0:30:00,0,0.4041,5.119
8/5/2019,0:45:00,0,0.4045,5.114
8/5/2019,1:00:00,0,0.4047,5.11
8/5/2019,1:15:00,0,0.4045,5.106
8/5/2019,1:30:00,0,0.405,5.103
8/5/2019,1:45:00,0,0.4041,5.099
8/5/2019,2:00:00,0,0.4047,5.095
8/5/2019,2:15:00,0,0.4049,5.091
8/5/2019,2:30:00,0,0.4059,5.087
8/5/2019,2:45:00,0,0.4059,5.083
8/5/2019,3:00:00,0,0.4044,5.078
8/5/2019,3:15:00,0,0.4042,5.073
8/5/2019,3:30:00,0,0.4048,5.069
8/5/2019,3:45:00,0,0.4036,5.063
8/5/2019,4:00:00,0,0.4047,5.058
8/5/2019,4:15:00,0,0.4038,5.053
8/5/2019,4:30:00,0,0.4034,5.047
8/5/2019,4:45:00,0,0.4026,5.041
8/5/2019,5:00:00,0,0.4037,5.038
8/5/2019,5:15:00,0,0.4026,5.033
8/5/2019,5:30:00,0,0.402,5.027
8/5/2019,5:45:00,0,0.4024,5.023
8/5/2019,6:00:00,0,0.4016,5.019
8/5/2019,6:15:00,0,0.4011,5.013
8/5/2019,6:30:00,0,0.4016,5.008
8/5/2019,6:45:00,0,0.4011,5.003
8/5/2019,7:00:00,0,0.4002,4.998
8/5/2019,7:15:00,0,0.3996,4.993
8/5/2019,7:30:00,0,0.3996,4.989
8/5/2019,7:45:00,0,0.3992,4.984
8/5/2019,8:00:00,0,0.3982,4.981
8/5/2019,8:15:00,0,0.3967,4.977
8/5/2019,8:30:00,0,0.3976,4.973
8/5/2019,8:45:00,0,0.3973,4.97
8/5/2019,9:00:00,0,0.3963,4.969
8/5/2019,9:15:00,0,0.3961,4.968
8/5/2019,9:30:00,0,0.3956,4.968
8/5/2019,9:45:00,0,0.3951,4.97
8/5/2019,10:00:00,0,0.3947,4.971
8/5/2019,10:15:00,0,0.3957,4.974
8/5/2019,10:30:00,0,0.3951,4.977
8/5/2019,10:45:00,0,0.3951,4.979
8/5/2019,11:00:00,0,0.3953,4.983
8/5/2019,11:15:00,0,0.3947,4.988
8/5/2019,11:30:00,0,0.3952,4.993
8/5/2019,11:45:00,0,0.3955,4.999
8/5/2019,12:00:00,0,0.3958,5.004
8/5/2019,12:15:00,0,0.3949,5.009
8/5/2019,12:30:00,0,0.3943,5.016
8/5/2019,12:45:00,0,0.3954,5.024
8/5/2019,13:00:00,0,0.3934,5.032
8/5/2019,13:15:00,0,0.3939,5.037
8/5/2019,13:30:00,0,0.3933,5.045
8/5/2019,13:45:00,0,0.3926,5.053
8/5/2019,14:00:00,0,0.3924,5.061
8/5/2019,14:15:00,0,0.3956,5.069
8/5/2019,14:30:00,0,0.3931,5.078
8/5/2019,14:45:00,0,0.3936,5.087
8/5/2019,15:00:00,0,0.3925,5.095
8/5/2019,15:15:00,0,0.3931,5.104
8/5/2019,15:30:00,0,0.392,5.113
8/5/2019,15:45:00,0,0.3912,5.122
8/5/2019,16:00:00,0,0.3917,5.13
8/5/2019,16:15:00,0,0.3904,5.138
8/5/2019,16:30:00,0,0.3902,5.147
8/5/2019,16:45:00,0,0.3896,5.153
8/5/2019,17:00:00,0,0.3891,5.161
8/5/2019,17:15:00,0,0.3887,5.166
8/5/2019,17:30:00,0,0.3868,5.171
8/5/2019,17:45:00,0,0.3868,5.175
8/5/2019,18:00:00,0,0.3873,5.177
8/5/2019,18:15:00,0,0.3881,5.177
8/5/2019,18:30:00,0,0.387,5.176
8/5/2019,18:45:00,0,0.3857,5.174
8/5/2019,19:00:00,0,0.386,5.172
8/5/2019,19:15:00,0,0.3853,5.169
8/5/2019,19:30:00,0,0.3848,5.165
8/5/2019,19:45:00,0,0.3845,5.161
8/5/2019,20:00:00,0,0.3841,5.158
8/5/2019,20:15:00,0,0.3834,5.154
8/5/2019,20:30:00,0,0.3837,5.151
8/5/2019,20:45:00,0,0.3843,5.147
8/5/2019,21:00:00,0,0.3823,5.144
8/5/2019,21:15:00,0,0.3819,5.14
8/5/2019,21:30:00,0,0.3814,5.136
8/5/2019,21:45:00,0,0.3807,5.133
8/5/2019,22:00:00,0,0.3819,5.129
8/5/2019,22:15:00,0,0.3821,5.126
8/5/2019,22:30:00,0,0.3803,5.121
8/5/2019,22:45:00,0,0.3795,5.117
8/5/2019,23:00:00,0,0.3817,5.112
8/5/2019,23:15:00,0,0.3781,5.109
8/5/2019,23:30:00,0,0.3799,5.106
8/5/2019,23:45:00,0,0.3773,5.104
8/6/2019,0:00:00,0,0.3774,5.101
8/6/2019,0:15:00,0,0.379,5.1
8/6/2019,0:30:00,0,0.3765,5.098
8/6/2019,0:45:00,0,0.3775,5.094
8/6/2019,1:00:00,0,0.3783,5.093
8/6/2019,1:15:00,0,0.3785,5.091
8/6/2019,1:30:00,0,0.378,5.087
8/6/2019,1:45:00,0,0.3764,5.085
8/6/2019,2:00:00,0,0.3767,5.082
8/6/2019,2:15:00,0,0.3768,5.08
8/6/2019,2:30:00,0,0.3763,5.077
8/6/2019,2:45:00,0,0.3753,5.073
8/6/2019,3:00:00,0,0.3755,5.069
8/6/2019,3:15:00,0,0.3738,5.065
8/6/2019,3:30:00,0,0.3749,5.06
8/6/2019,3:45:00,0,0.3737,5.056
8/6/2019,4:00:00,0,0.3736,5.051
8/6/2019,4:15:00,0,0.3748,5.045
8/6/2019,4:30:00,0,0.3742,5.041
8/6/2019,4:45:00,0,0.373,5.036
8/6/2019,5:00:00,0,0.3736,5.03
8/6/2019,5:15:00,0,0.3717,5.025
8/6/2019,5:30:00,0,0.3716,5.019
8/6/2019,5:45:00,0,0.3698,5.014
8/6/2019,6:00:00,0,0.3686,5.009
8/6/2019,6:15:00,0,0.3686,5.004
8/6/2019,6:30:00,0,0.3703,4.996
8/6/2019,6:45:00,0,0.3673,4.992
8/6/2019,7:00:00,0,0.3695,4.989
8/6/2019,7:15:00,0,0.3664,4.986
8/6/2019,7:30:00,0,0.3661,4.982
8/6/2019,7:45:00,0,0.365,4.979
8/6/2019,8:00:00,0,0.3653,4.977
8/6/2019,8:15:00,0,0.3646,4.974
8/6/2019,8:30:00,0,0.3634,4.971
8/6/2019,8:45:00,0,0.3632,4.968
8/6/2019,9:00:00,0,0.363,4.965
8/6/2019,9:15:00,0,0.3634,4.963
8/6/2019,9:30:00,0,0.3626,4.961
8/6/2019,9:45:00,0,0.3628,4.961
8/6/2019,10:00:00,0,0.3622,4.961
8/6/2019,10:15:00,0,0.3604,4.962
8/6/2019,10:30:00,0,0.3622,4.963
8/6/2019,10:45:00,0,0.3618,4.964
8/6/2019,11:00:00,0,0.3612,4.966
8/6/2019,11:15:00,0,0.3605,4.97
8/6/2019,11:30:00,0,0.3598,4.973
8/6/2019,11:45:00,0,0.3597,4.977
8/6/2019,12:00:00,0,0.3583,4.981
8/6/2019,12:15:00,0,0.3592,4.986
8/6/2019,12:30:00,0,0.3587,4.992
8/6/2019,12:45:00,0,0.3603,4.997
8/6/2019,13:00:00,0,0.3593,5.003
8/6/2019,13:15:00,0,0.3595,5.009
8/6/2019,13:30:00,0,0.3588,5.016
8/6/2019,13:45:00,0,0.3589,5.022
8/6/2019,14:00:00,0,0.3586,5.029
8/6/2019,14:15:00,0,0.3582,5.034
8/6/2019,14:30:00,0,0.3577,5.04
8/6/2019,14:45:00,0,0.3591,5.046
8/6/2019,15:00:00,0,0.3582,5.052
8/6/2019,15:15:00,0,0.3574,5.058
8/6/2019,15:30:00,0,0.3576,5.063
8/6/2019,15:45:00,0,0.3567,5.068
8/6/2019,16:00:00,0,0.3559,5.073
8/6/2019,16:15:00,0,0.3562,5.077
8/6/2019,16:30:00,0,0.3556,5.082
8/6/2019,16:45:00,0,0.355,5.086
8/6/2019,17:00:00,0,0.355,5.091
8/6/2019,17:15:00,0,0.354,5.093
8/6/2019,17:30:00,0,0.3538,5.097
8/6/2019,17:45:00,0,0.354,5.099
8/6/2019,18:00:00,0,0.3534,5.102
8/6/2019,18:15:00,0,0.3525,5.102
8/6/2019,18:30:00,0,0.3532,5.102
8/6/2019,18:45:00,0,0.3524,5.101
8/6/2019,19:00:00,0,0.353,5.1
8/6/2019,19:15:00,0,0.3525,5.097
8/6/2019,19:30:00,0,0.3536,5.093
8/6/2019,19:45:00,0,0.3545,5.088
8/6/2019,20:00:00,0,0.3518,5.085
8/6/2019,20:15:00,0,0.3529,5.081
8/6/2019,20:30:00,0,0.3496,5.077
8/6/2019,20:45:00,0,0.3507,5.075
8/6/2019,21:00:00,0,0.3508,5.071
8/6/2019,21:15:00,0,0.3498,5.069
8/6/2019,21:30:00,0,0.3488,5.066
8/6/2019,21:45:00,0,0.3496,5.063
8/6/2019,22:00:00,0,0.3493,5.059
8/6/2019,22:15:00,0,0.3487,5.055
8/6/2019,22:30:00,0,0.349,5.051
8/6/2019,22:45:00,0,0.3492,5.047
8/6/2019,23:00:00,0,0.3482,5.043
8/6/2019,23:15:00,0,0.3492,5.038
8/6/2019,23:30:00,0,0.3473,5.033
8/6/2019,23:45:00,0,0.3489,5.03
8/7/2019,0:00:00,0,0.3492,5.026
8/7/2019,0:15:00,0,0.349,5.023
8/7/2019,0:30:00,0,0.3491,5.02
8/7/2019,0:45:00,0,0.3464,5.016
8/7/2019,1:00:00,0,0.3475,5.012
8/7/2019,1:15:00,0,0.3451,5.007
8/7/2019,1:30:00,0,0.35,5.003
8/7/2019,1:45:00,0,0.3478,4.997
8/7/2019,2:00:00,0,0.3461,4.995
8/7/2019,2:15:00,0,0.346,4.992
8/7/2019,2:30:00,0,0.345,4.989
8/7/2019,2:45:00,0,0.3459,4.987
8/7/2019,3:00:00,0,0.3458,4.983
8/7/2019,3:15:00,0,0.3454,4.979
8/7/2019,3:30:00,0,0.3448,4.974
8/7/2019,3:45:00,0,0.3441,4.968
8/7/2019,4:00:00,0,0.3447,4.963
8/7/2019,4:15:00,0,0.3445,4.96
8/7/2019,4:30:00,0,0.3435,4.955
8/7/2019,4:45:00,0,0.3434,4.95
8/7/2019,5:00:00,0,0.3434,4.945
8/7/2019,5:15:00,0,0.3419,4.94
8/7/2019,5:30:00,0,0.341,4.936
8/7/2019,5:45:00,0,0.3423,4.932
8/7/2019,6:00:00,0,0.3407,4.927
8/7/2019,6:15:00,0,0.3402,4.922
8/7/2019,6:30:00,0,0.3392,4.918
8/7/2019,6:45:00,0,0.3402,4.914
8/7/2019,7:00:00,0,0.3379,4.911
8/7/2019,7:15:00,0,0.3382,4.907
8/7/2019,7:30:00,0,0.3385,4.904
8/7/2019,7:45:00,0,0.3383,4.901
8/7/2019,8:00:00,0,0.3372,4.898
8/7/2019,8:15:00,0,0.3366,4.893
8/7/2019,8:30:00,0,0.3384,4.891
8/7/2019,8:45:00,0,0.3375,4.888
8/7/2019,9:00:00,0,0.3367,4.885
8/7/2019,9:15:00,0,0.3357,4.883
8/7/2019,9:30:00,0,0.3377,4.88
8/7/2019,9:45:00,0,0.3357,4.877
8/7/2019,10:00:00,0,0.3358,4.875
8/7/2019,10:15:00,0,0.3361,4.873
8/7/2019,10:30:00,0,0.3356,4.871
8/7/2019,10:45:00,0,0.3383,4.87
8/7/2019,11:00:00,0,0.3362,4.868
8/7/2019,11:15:00,0,0.336,4.867
8/7/2019,11:30:00,0,0.3365,4.866
8/7/2019,11:45:00,0,0.3356,4.865
8/7/2019,12:00:00,0,0.3355,4.864
8/7/2019,12:15:00,0,0.3354,4.862
8/7/2019,12:30:00,0,0.3352,4.862
8/7/2019,12:45:00,0,0.3363,4.863
8/7/2019,13:00:00,0,0.3374,4.862
8/7/2019,13:15:00,0,0.3383,4.865
8/7/2019,13:30:00,0,0.336,4.866
8/7/2019,13:45:00,0,0.337,4.868
8/7/2019,14:00:00,0,0.3363,4.87
8/7/2019,14:15:00,0,0.3364,4.872
8/7/2019,14:30:00,0,0.3366,4.875
8/7/2019,14:45:00,0,0.3373,4.879
8/7/2019,15:00:00,0,0.3375,4.883
8/7/2019,15:15:00,0,0.3374,4.886
8/7/2019,15:30:00,0,0.3355,4.89
8/7/2019,15:45:00,0,0.3366,4.894
8/7/2019,16:00:00,0,0.3374,4.899
8/7/2019,16:15:00,0,0.3364,4.904
8/7/2019,16:30:00,0,0.336,4.908
8/7/2019,16:45:00,0,0.3362,4.912
8/7/2019,17:00:00,0,0.3343,4.917
8/7/2019,17:15:00,0,0.3355,4.921
8/7/2019,17:30:00,0,0.3342,4.925
8/7/2019,17:45:00,0,0.3351,4.928
8/7/2019,18:00:00,0,0.3336,4.932
8/7/2019,18:15:00,0,0.3333,4.935
8/7/2019,18:30:00,0,0.334,4.937
8/7/2019,18:45:00,0,0.3345,4.938
8/7/2019,19:00:00,0,0.3327,4.938
8/7/2019,19:15:00,0,0.3323,4.936
8/7/2019,19:30:00,0,0.3338,4.935
8/7/2019,19:45:00,0,0.3333,4.934
8/7/2019,20:00:00,0,0.333,4.931
8/7/2019,20:15:00,0,0.3324,4.929
8/7/2019,20:30:00,0,0.3317,4.927
8/7/2019,20:45:00,0,0.3306,4.924
8/7/2019,21:00:00,0,0.3309,4.921
8/7/2019,21:15:00,0,0.329,4.919
8/7/2019,21:30:00,0,0.3305,4.916
8/7/2019,21:45:00,0,0.3312,4.914
8/7/2019,22:00:00,0,0.3305,4.912
8/7/2019,22:15:00,0,0.33,4.91
8/7/2019,22:30:00,0,0.3319,4.909
8/7/2019,22:45:00,0,0.3307,4.907
8/7/2019,23:00:00,0,0.3296,4.905
8/7/2019,23:15:00,0,0.331,4.902
8/7/2019,23:30:00,0,0.3301,4.901
8/7/2019,23:45:00,0,0.3303,4.899
8/8/2019,0:00:00,0,0.3304,4.897
8/8/2019,0:15:00,0,0.3298,4.895
8/8/2019,0:30:00,0,0.3297,4.893
8/8/2019,0:45:00,0,0.3309,4.892
8/8/2019,1:00:00,0,0.3311,4.889
8/8/2019,1:15:00,0,0.3317,4.888
8/8/2019,1:30:00,0,0.3311,4.886
8/8/2019,1:45:00,0,0.3307,4.883
8/8/2019,2:00:00,0,0.3278,4.881
8/8/2019,2:15:00,0,0.3303,4.879
8/8/2019,2:30:00,0,0.3301,4.876
8/8/2019,2:45:00,0,0.3287,4.873
8/8/2019,3:00:00,0,0.3296,4.871
8/8/2019,3:15:00,0,0.3288,4.868
8/8/2019,3:30:00,0,0.3283,4.865
8/8/2019,3:45:00,0,0.3273,4.862
8/8/2019,4:00:00,0,0.3294,4.86
8/8/2019,4:15:00,0,0.3298,4.856
8/8/2019,4:30:00,0,0.3281,4.853
8/8/2019,4:45:00,0,0.329,4.849
8/8/2019,5:00:00,0,0.3291,4.846
8/8/2019,5:15:00,0,0.3275,4.842
8/8/2019,5:30:00,0,0.3286,4.839
8/8/2019,5:45:00,0,0.3275,4.835
8/8/2019,6:00:00,0,0.3296,4.831
8/8/2019,6:15:00,0,0.3265,4.827
8/8/2019,6:30:00,0,0.3281,4.822
8/8/2019,6:45:00,0,0.3271,4.818
8/8/2019,7:00:00,0,0.3272,4.813
8/8/2019,7:15:00,0,0.3282,4.809
8/8/2019,7:30:00,0,0.325,4.805
8/8/2019,7:45:00,0,0.325,4.8
8/8/2019,8:00:00,0,0.3246,4.796
8/8/2019,8:15:00,0,0.3234,4.792
8/8/2019,8:30:00,0,0.3252,4.787
8/8/2019,8:45:00,0,0.3268,4.782
8/8/2019,9:00:00,0,0.3271,4.778
8/8/2019,9:15:00,0,0.3245,4.774
8/8/2019,9:30:00,0,0.3265,4.77
8/8/2019,9:45:00,0,0.3238,4.767
8/8/2019,10:00:00,0,0.3245,4.764
8/8/2019,10:15:00,0,0.3251,4.759
8/8/2019,10:30:00,0,0.3253,4.757
8/8/2019,10:45:00,0,0.3242,4.755
8/8/2019,11:00:00,0,0.3223,4.753
8/8/2019,11:15:00,0,0.3261,4.751
8/8/2019,11:30:00,0,0.3248,4.75
8/8/2019,11:45:00,0,0.3225,4.749
8/8/2019,12:00:00,0,0.3229,4.748
8/8/2019,12:15:00,0,0.3242,4.749
8/8/2019,12:30:00,0,0.3228,4.751
8/8/2019,12:45:00,0,0.3249,4.752
8/8/2019,13:00:00,0,0.3245,4.753
8/8/2019,13:15:00,0,0.3241,4.754
8/8/2019,13:30:00,0,0.3234,4.756
8/8/2019,13:45:00,0,0.3241,4.759
8/8/2019,14:00:00,0,0.3219,4.762
8/8/2019,14:15:00,0,0.3245,4.766
8/8/2019,14:30:00,0,0.3234,4.769
8/8/2019,14:45:00,0,0.3253,4.773
8/8/2019,15:00:00,0,0.3232,4.777
8/8/2019,15:15:00,0,0.3249,4.78
8/8/2019,15:30:00,0,0.3244,4.784
8/8/2019,15:45:00,0,0.3232,4.789
8/8/2019,16:00:00,0,0.3234,4.793
8/8/2019,16:15:00,0,0.3232,4.797
8/8/2019,16:30:00,0,0.3246,4.8
8/8/2019,16:45:00,0,0.3233,4.803
8/8/2019,17:00:00,0,0.3237,4.808
8/8/2019,17:15:00,0,0.3247,4.811
8/8/2019,17:30:00,0,0.3222,4.814
8/8/2019,17:45:00,0,0.3207,4.818
8/8/2019,18:00:00,0,0.3214,4.821
8/8/2019,18:15:00,0,0.323,4.823
8/8/2019,18:30:00,0,0.3224,4.826
8/8/2019,18:45:00,0,0.3211,4.829
8/8/2019,19:00:00,0,0.3235,4.83
8/8/2019,19:15:00,0,0.3209,4.832
8/8/2019,19:30:00,0,0.3215,4.833
8/8/2019,19:45:00,0,0.3197,4.834
8/8/2019,20:00:00,0,0.3192,4.835
8/8/2019,20:15:00,0,0.3177,4.834
8/8/2019,20:30:00,0,0.3196,4.835
8/8/2019,20:45:00,0,0.3185,4.835
8/8/2019,21:00:00,0,0.3173,4.834
8/8/2019,21:15:00,0,0.316,4.834
8/8/2019,21:30:00,0,0.3153,4.833
8/8/2019,21:45:00,0,0.3175,4.832
8/8/2019,22:00:00,0,0.317,4.831
8/8/2019,22:15:00,0,0.3167,4.83
8/8/2019,22:30:00,0,0.3185,4.828
8/8/2019,22:45:00,0,0.3176,4.826
8/8/2019,23:00:00,0,0.3195,4.824
8/8/2019,23:15:00,0,0.3151,4.822
8/8/2019,23:30:00,0,0.3167,4.82
8/8/2019,23:45:00,0,0.3195,4.818
8/9/2019,0:00:00,0,0.3178,4.815
8/9/2019,0:15:00,0,0.3155,4.813
8/9/2019,0:30:00,0,0.3138,4.81
8/9/2019,0:45:00,0,0.3145,4.807
8/9/2019,1:00:00,0,0.3141,4.804
8/9/2019,1:15:00,0,0.3154,4.801
8/9/2019,1:30:00,0,0.3153,4.798
8/9/2019,1:45:00,0,0.3155,4.795
8/9/2019,2:00:00,0,0.3166,4.792
8/9/2019,2:15:00,0,0.3151,4.789
8/9/2019,2:30:00,0,0.314,4.785
8/9/2019,2:45:00,0,0.3146,4.782
8/9/2019,3:00:00,0,0.3155,4.779
8/9/2019,3:15:00,0,0.3134,4.775
8/9/2019,3:30:00,0,0.3136,4.771
8/9/2019,3:45:00,0,0.3153,4.768
8/9/2019,4:00:00,0,0.3157,4.764
8/9/2019,4:15:00,0,0.3138,4.761
8/9/2019,4:30:00,0,0.3123,4.757
8/9/2019,4:45:00,0,0.3146,4.753
8/9/2019,5:00:00,0,0.3127,4.75
8/9/2019,5:15:00,0,0.3123,4.746
8/9/2019,5:30:00,0,0.3122,4.742
8/9/2019,5:45:00,0,0.3153,4.738
8/9/2019,6:00:00,0,0.3127,4.733
8/9/2019,6:15:00,0,0.3124,4.729
8/9/2019,6:30:00,0,0.3137,4.726
8/9/2019,6:45:00,0,0.3131,4.721
8/9/2019,7:00:00,0,0.3136,4.718
8/9/2019,7:15:00,0,0.314,4.713
8/9/2019,7:30:00,0,0.314,4.71
8/9/2019,7:45:00,0,0.3136,4.706
8/9/2019,8:00:00,0,0.312,4.702
8/9/2019,8:15:00,0,0.3118,4.698
8/9/2019,8:30:00,0,0.3116,4.693
8/9/2019,8:45:00,0,0.3127,4.69
8/9/2019,9:00:00,0,0.3128,4.686
8/9/2019,9:15:00,0,0.3147,4.682
8/9/2019,9:30:00,0,0.3149,4.679
8/9/2019,9:45:00,0,0.3118,4.676
8/9/2019,10:00:00,0,0.3123,4.673
8/9/2019,10:15:00,0,0.3085,4.671
8/9/2019,10:30:00,0,0.3109,4.667
8/9/2019,10:45:00,0,0.31,4.665
8/9/2019,11:00:00,0,0.3119,4.663
8/9/2019,11:15:00,0,0.3136,4.662
8/9/2019,11:30:00,0,0.3134,4.66
8/9/2019,11:45:00,0,0.3113,4.659
8/9/2019,12:00:00,0,0.3137,4.659
8/9/2019,12:15:00,0,0.3121,4.658
8/9/2019,12:30:00,0,0.3121,4.659
8/9/2019,12:45:00,0,0.3141,4.659
8/9/2019,13:00:00,0,0.3119,4.659
8/9/2019,13:15:00,0,0.3123,4.66
8/9/2019,13:30:00,0,0.3152,4.662
8/9/2019,13:45:00,0,0.3144,4.663
8/9/2019,14:00:00,0,0.3155,4.665
8/9/2019,14:15:00,0,0.3153,4.667
8/9/2019,14:30:00,0,0.3152,4.669
8/9/2019,14:45:00,0,0.3138,4.67
8/9/2019,15:00:00,0,0.3152,4.673
8/9/2019,15:15:00,0,0.3146,4.677
8/9/2019,15:30:00,0,0.3142,4.68
8/9/2019,15:45:00,0,0.3147,4.682
8/9/2019,16:00:00,0,0.3145,4.686
8/9/2019,16:15:00,0,0.3132,4.689
8/9/2019,16:30:00,0,0.3145,4.693
8/9/2019,16:45:00,0,0.3162,4.695
8/9/2019,17:00:00,0,0.3124,4.699
8/9/2019,17:15:00,0,0.3138,4.702
8/9/2019,17:30:00,0,0.3129,4.706
8/9/2019,17:45:00,0,0.3135,4.709
8/9/2019,18:00:00,0,0.3148,4.712
8/9/2019,18:15:00,0,0.315,4.716
8/9/2019,18:30:00,0,0.3115,4.719
8/9/2019,18:45:00,0,0.312,4.722
8/9/2019,19:00:00,0,0.3131,4.725
8/9/2019,19:15:00,0,0.3166,4.727
8/9/2019,19:30:00,0,0.3129,4.73
8/9/2019,19:45:00,0,0.3112,4.732
8/9/2019,20:00:00,0,0.3122,4.733
8/9/2019,20:15:00,0,0.3113,4.735
8/9/2019,20:30:00,0,0.3101,4.736
8/9/2019,20:45:00,0,0.3112,4.737
8/9/2019,21:00:00,0,0.3106,4.737
8/9/2019,21:15:00,0,0.3097,4.738
8/9/2019,21:30:00,0,0.3095,4.737
8/9/2019,21:45:00,0,0.3115,4.736
8/9/2019,22:00:00,0,0.3114,4.736
8/9/2019,22:15:00,0,0.3101,4.735
8/9/2019,22:30:00,0,0.3099,4.734
8/9/2019,22:45:00,0,0.3098,4.732
8/9/2019,23:00:00,0,0.3114,4.731
8/9/2019,23:15:00,0,0.3096,4.729
8/9/2019,23:30:00,0,0.3098,4.727
8/9/2019,23:45:00,0,0.3093,4.725
8/10/2019,0:00:00,0,0.3097,4.723
8/10/2019,0:15:00,0,0.309,4.721
8/10/2019,0:30:00,0,0.3075,4.718
8/10/2019,0:45:00,0,0.3108,4.716
8/10/2019,1:00:00,0,0.3114,4.713
8/10/2019,1:15:00,0,0.3105,4.71
8/10/2019,1:30:00,0,0.3083,4.707
8/10/2019,1:45:00,0,0.3083,4.704
8/10/2019,2:00:00,0,0.3098,4.701
8/10/2019,2:15:00,0,0.31,4.698
8/10/2019,2:30:00,0,0.3116,4.695
8/10/2019,2:45:00,0,0.3107,4.692
8/10/2019,3:00:00,0,0.3121,4.689
8/10/2019,3:15:00,0,0.3103,4.684
8/10/2019,3:30:00,0,0.3117,4.681
8/10/2019,3:45:00,0,0.3142,4.678
8/10/2019,4:00:00,0,0.3151,4.675
8/10/2019,4:15:00,0,0.312,4.672
8/10/2019,4:30:00,0,0.3126,4.668
8/10/2019,4:45:00,0,0.3127,4.665
8/10/2019,5:00:00,0,0.3139,4.661
8/10/2019,5:15:00,0,0.3103,4.657
8/10/2019,5:30:00,0,0.3096,4.654
8/10/2019,5:45:00,0,0.3104,4.65
8/10/2019,6:00:00,0,0.3103,4.646
8/10/2019,6:15:00,0,0.3099,4.642
8/10/2019,6:30:00,0,0.3088,4.639
8/10/2019,6:45:00,0,0.3072,4.635
8/10/2019,7:00:00,0,0.308,4.631
8/10/2019,7:15:00,0,0.31,4.628
8/10/2019,7:30:00,0,0.3096,4.623
8/10/2019,7:45:00,0,0.3138,4.62
8/10/2019,8:00:00,0,0.3121,4.617
8/10/2019,8:15:00,0,0.3092,4.613
8/10/2019,8:30:00,0,0.3104,4.609
8/10/2019,8:45:00,0,0.3091,4.606
8/10/2019,9:00:00,0,0.3081,4.603
8/10/2019,9:15:00,0,0.3087,4.6
8/10/2019,9:30:00,0,0.3088,4.596
8/10/2019,9:45:00,0,0.3125,4.594
8/10/2019,10:00:00,0,0.3133,4.592
8/10/2019,10:15:00,0,0.3121,4.589
8/10/2019,10:30:00,0,0.3102,4.588
8/10/2019,10:45:00,0,0.3123,4.586
8/10/2019,11:00:00,0,0.3136,4.585
8/10/2019,11:15:00,0,0.3118,4.585
8/10/2019,11:30:00,0,0.3129,4.584
8/10/2019,11:45:00,0,0.3136,4.584
8/10/2019,12:00:00,0,0.313,4.584
8/10/2019,12:15:00,0,0.3124,4.586
8/10/2019,12:30:00,0,0.3132,4.587
8/10/2019,12:45:00,0,0.3155,4.589
8/10/2019,13:00:00,0,0.3152,4.592
8/10/2019,13:15:00,0,0.3152,4.594
8/10/2019,13:30:00,0,0.316,4.598
8/10/2019,13:45:00,0,0.3158,4.602
8/10/2019,14:00:00,0,0.3164,4.607
8/10/2019,14:15:00,0,0.3174,4.611
8/10/2019,14:30:00,0,0.3147,4.617
8/10/2019,14:45:00,0,0.315,4.622
8/10/2019,15:00:00,0,0.3164,4.629
8/10/2019,15:15:00,0,0.3157,4.635
8/10/2019,15:30:00,0,0.3167,4.643
8/10/2019,15:45:00,0,0.3164,4.65
8/10/2019,16:00:00,0,0.3163,4.658
8/10/2019,16:15:00,0,0.3185,4.666
8/10/2019,16:30:00,0,0.3178,4.675
8/10/2019,16:45:00,0,0.3165,4.683
8/10/2019,17:00:00,0,0.3177,4.69
8/10/2019,17:15:00,0,0.317,4.699
8/10/2019,17:30:00,0,0.3163,4.708
8/10/2019,17:45:00,0,0.3157,4.716
8/10/2019,18:00:00,0,0.318,4.723
8/10/2019,18:15:00,0,0.3161,4.731
8/10/2019,18:30:00,0,0.3159,4.74
8/10/2019,18:45:00,0,0.3134,4.747
8/10/2019,19:00:00,0,0.3136,4.754
8/10/2019,19:15:00,0,0.3136,4.761
8/10/2019,19:30:00,0,0.3133,4.767
8/10/2019,19:45:00,0,0.3126,4.773
8/10/2019,20:00:00,0,0.3126,4.778
8/10/2019,20:15:00,0,0.3137,4.783
8/10/2019,20:30:00,0,0.3127,4.787
8/10/2019,20:45:00,0,0.3144,4.791
8/10/2019,21:00:00,0,0.3147,4.795
8/10/2019,21:15:00,0,0.3135,4.798
8/10/2019,21:30:00,0,0.3133,4.8
8/10/2019,21:45:00,0,0.3134,4.803
8/10/2019,22:00:00,0,0.3139,4.804
8/10/2019,22:15:00,0,0.3151,4.806
8/10/2019,22:30:00,0,0.3141,4.808
8/10/2019,22:45:00,0,0.3146,4.808
8/10/2019,23:00:00,0,0.3143,4.809
8/10/2019,23:15:00,0,0.3157,4.81
8/10/2019,23:30:00,0,0.3151,4.809
8/10/2019,23:45:00,0,0.3133,4.809
8/11/2019,0:00:00,0,0.3133,4.809
8/11/2019,0:15:00,0,0.3139,4.809
8/11/2019,0:30:00,0,0.3132,4.808
8/11/2019,0:45:00,0,0.3137,4.806
8/11/2019,1:00:00,0,0.3129,4.804
8/11/2019,1:15:00,0,0.3136,4.803
8/11/2019,1:30:00,0,0.3143,4.801
8/11/2019,1:45:00,0,0.3157,4.8
8/11/2019,2:00:00,0,0.3173,4.798
8/11/2019,2:15:00,0,0.3173,4.797
8/11/2019,2:30:00,0,0.3169,4.794
8/11/2019,2:45:00,0,0.3183,4.791
8/11/2019,3:00:00,0,0.3158,4.789
8/11/2019,3:15:00,0,0.3166,4.787
8/11/2019,3:30:00,0,0.3187,4.784
8/11/2019,3:45:00,0,0.3177,4.781
8/11/2019,4:00:00,0,0.3162,4.779
8/11/2019,4:15:00,0,0.316,4.776
8/11/2019,4:30:00,0,0.3176,4.773
8/11/2019,4:45:00,0,0.3164,4.77
8/11/2019,5:00:00,0,0.3162,4.767
8/11/2019,5:15:00,0,0.3167,4.764
8/11/2019,5:30:00,0,0.3181,4.762
8/11/2019,5:45:00,0,0.3189,4.758
8/11/2019,6:00:00,0,0.3171,4.755
8/11/2019,6:15:00,0,0.3186,4.752
8/11/2019,6:30:00,0,0.3155,4.749
8/11/2019,6:45:00,0,0.3175,4.746
8/11/2019,7:00:00,0,0.3173,4.742
8/11/2019,7:15:00,0,0.3203,4.739
8/11/2019,7:30:00,0,0.3181,4.736
8/11/2019,7:45:00,0,0.316,4.732
8/11/2019,8:00:00,0,0.3179,4.729
8/11/2019,8:15:00,0,0.3171,4.727
8/11/2019,8:30:00,0,0.3176,4.723
8/11/2019,8:45:00,0,0.3172,4.72
8/11/2019,9:00:00,0,0.3176,4.718
8/11/2019,9:15:00,0,0.3191,4.715
8/11/2019,9:30:00,0,0.3172,4.714
8/11/2019,9:45:00,0,0.3175,4.711
8/11/2019,10:00:00,0,0.3191,4.71
8/11/2019,10:15:00,0,0.3177,4.708
8/11/2019,10:30:00,0,0.3197,4.707
8/11/2019,10:45:00,0,0.3195,4.706
8/11/2019,11:00:00,0,0.321,4.707
8/11/2019,11:15:00,0,0.319,4.706
8/11/2019,11:30:00,0,0.3196,4.706
8/11/2019,11:45:00,0,0.3186,4.707
8/11/2019,12:00:00,0,0.3193,4.708
8/11/2019,12:15:00,0,0.3198,4.709
8/11/2019,12:30:00,0,0.3207,4.71
8/11/2019,12:45:00,0,0.3206,4.712
8/11/2019,13:00:00,0,0.3205,4.715
8/11/2019,13:15:00,0,0.3222,4.717
8/11/2019,13:30:00,0,0.3216,4.72
8/11/2019,13:45:00,0,0.322,4.723
8/11/2019,14:00:00,0,0.3235,4.727
8/11/2019,14:15:00,0,0.3243,4.732
8/11/2019,14:30:00,0,0.3231,4.735
8/11/2019,14:45:00,0,0.3255,4.741
8/11/2019,15:00:00,0,0.3247,4.746
8/11/2019,15:15:00,0,0.3256,4.751
8/11/2019,15:30:00,0,0.3248,4.757
8/11/2019,15:45:00,0,0.325,4.763
8/11/2019,16:00:00,0,0.3238,4.769
8/11/2019,16:15:00,0,0.3242,4.776
8/11/2019,16:30:00,0,0.3242,4.783
8/11/2019,16:45:00,0,0.3265,4.79
8/11/2019,17:00:00,0,0.325,4.798
8/11/2019,17:15:00,0,0.3243,4.806
8/11/2019,17:30:00,0,0.325,4.814
8/11/2019,17:45:00,0,0.3257,4.822
8/11/2019,18:00:00,0,0.3249,4.83
8/11/2019,18:15:00,0,0.3245,4.838
8/11/2019,18:30:00,0,0.3253,4.846
8/11/2019,18:45:00,0,0.3258,4.854
8/11/2019,19:00:00,0,0.3242,4.861
8/11/2019,19:15:00,0,0.3239,4.867
8/11/2019,19:30:00,0,0.323,4.873
8/11/2019,19:45:00,0,0.3227,4.879
8/11/2019,20:00:00,0,0.3232,4.884
8/11/2019,20:15:00,0,0.3221,4.889
8/11/2019,20:30:00,0,0.3235,4.892
8/11/2019,20:45:00,0,0.3225,4.896
8/11/2019,21:00:00,0,0.3227,4.9
8/11/2019,21:15:00,0,0.322,4.904
8/11/2019,21:30:00,0,0.3216,4.905
8/11/2019,21:45:00,0,0.3223,4.907
8/11/2019,22:00:00,0,0.3225,4.909
8/11/2019,22:15:00,0,0.3219,4.911
8/11/2019,22:30:00,0,0.3213,4.912
8/11/2019,22:45:00,0,0.3211,4.913
8/11/2019,23:00:00,0,0.3211,4.913
8/11/2019,23:15:00,0,0.3219,4.913
8/11/2019,23:30:00,0,0.3229,4.913
8/11/2019,23:45:00,0,0.3222,4.913
8/12/2019,0:00:00,0,0.3222,4.912
8/12/2019,0:15:00,0,0.3245,4.912
8/12/2019,0:30:00,0,0.3242,4.911
8/12/2019,0:45:00,0,0.3248,4.91
8/12/2019,1:00:00,0,0.3239,4.908
8/12/2019,1:15:00,0,0.3243,4.907
8/12/2019,1:30:00,0,0.3259,4.905
8/12/2019,1:45:00,0,0.3251,4.904
8/12/2019,2:00:00,0,0.324,4.902
8/12/2019,2:15:00,0,0.3249,4.9
8/12/2019,2:30:00,0,0.3247,4.897
8/12/2019,2:45:00,0,0.3244,4.896
8/12/2019,3:00:00,0,0.3233,4.893
8/12/2019,3:15:00,0,0.3224,4.891
8/12/2019,3:30:00,0,0.3217,4.888
8/12/2019,3:45:00,0,0.3237,4.886
8/12/2019,4:00:00,0,0.3213,4.883
8/12/2019,4:15:00,0,0.322,4.881
8/12/2019,4:30:00,0,0.3216,4.878
8/12/2019,4:45:00,0,0.3226,4.875
8/12/2019,5:00:00,0,0.3226,4.873
8/12/2019,5:15:00,0,0.322,4.87
8/12/2019,5:30:00,0,0.3217,4.867
8/12/2019,5:45:00,0,0.3215,4.864
8/12/2019,6:00:00,0,0.3208,4.861
8/12/2019,6:15:00,0,0.3222,4.857
8/12/2019,6:30:00,0,0.3219,4.853
8/12/2019,6:45:00,0,0.3208,4.851
8/12/2019,7:00:00,0,0.3193,4.847
8/12/2019,7:15:00,0,0.3202,4.845
8/12/2019,7:30:00,0,0.3205,4.842
8/12/2019,7:45:00,0,0.3192,4.837
8/12/2019,8:00:00,0,0.3191,4.835
8/12/2019,8:15:00,0,0.3204,4.832
8/12/2019,8:30:00,0,0.3181,4.829
8/12/2019,8:45:00,0,0.32,4.827
8/12/2019,9:00:00,0,0.319,4.824
8/12/2019,9:15:00,0,0.3178,4.821
8/12/2019,9:30:00,0,0.318,4.819
8/12/2019,9:45:00,0,0.318,4.817
8/12/2019,10:00:00,0,0.3179,4.814
8/12/2019,10:15:00,0,0.3183,4.812
8/12/2019,10:30:00,0,0.3182,4.811
8/12/2019,10:45:00,0,0.3179,4.809
8/12/2019,11:00:00,0,0.3172,4.808
8/12/2019,11:15:00,0,0.3177,4.807
8/12/2019,11:30:00,0,0.3175,4.807
8/12/2019,11:45:00,0,0.3197,4.808
8/12/2019,12:00:00,0,0.319,4.808
8/12/2019,12:15:00,0,0.3193,4.808
8/12/2019,12:30:00,0,0.3201,4.809
8/12/2019,12:45:00,0,0.3199,4.811
8/12/2019,13:00:00,0,0.3206,4.814
8/12/2019,13:15:00,0,0.3194,4.817
8/12/2019,13:30:00,0,0.3189,4.82
8/12/2019,13:45:00,0,0.3195,4.824
8/12/2019,14:00:00,0,0.3195,4.828
8/12/2019,14:15:00,0,0.3198,4.831
8/12/2019,14:30:00,0,0.3189,4.835
8/12/2019,14:45:00,0,0.3186,4.84
8/12/2019,15:00:00,0,0.3178,4.845
8/12/2019,15:15:00,0,0.3175,4.851
8/12/2019,15:30:00,0,0.3185,4.857
8/12/2019,15:45:00,0,0.3182,4.865
8/12/2019,16:00:00,0,0.3179,4.871
8/12/2019,16:15:00,0,0.3178,4.878
8/12/2019,16:30:00,0,0.3158,4.885
8/12/2019,16:45:00,0,0.3152,4.891
8/12/2019,17:00:00,0,0.3159,4.898
8/12/2019,17:15:00,0,0.3143,4.905
8/12/2019,17:30:00,0,0.3131,4.912
8/12/2019,17:45:00,0,0.3129,4.919
8/12/2019,18:00:00,0,0.3128,4.925
8/12/2019,18:15:00,0,0.3126,4.932
8/12/2019,18:30:00,0,0.3139,4.937
8/12/2019,18:45:00,0,0.3128,4.944
8/12/2019,19:00:00,0,0.3134,4.949
8/12/2019,19:15:00,0,0.3133,4.954
8/12/2019,19:30:00,0,0.3107,4.958
8/12/2019,19:45:00,0,0.3128,4.963
8/12/2019,20:00:00,0,0.3139,4.966
8/12/2019,20:15:00,0,0.3117,4.97
8/12/2019,20:30:00,0,0.3126,4.972
8/12/2019,20:45:00,0,0.3119,4.974
8/12/2019,21:00:00,0,0.3134,4.976
8/12/2019,21:15:00,0,0.3118,4.977
8/12/2019,21:30:00,0,0.3136,4.978
8/12/2019,21:45:00,0,0.3164,4.978
8/12/2019,22:00:00,0,0.3133,4.978
8/12/2019,22:15:00,0,0.3119,4.979
8/12/2019,22:30:00,0,0.3142,4.979
8/12/2019,22:45:00,0,0.3132,4.979
8/12/2019,23:00:00,0,0.3141,4.977
8/12/2019,23:15:00,0,0.3141,4.977
8/12/2019,23:30:00,0,0.3127,4.975
8/12/2019,23:45:00,0,0.3101,4.974
8/13/2019,0:00:00,0,0.3096,4.972
8/13/2019,0:15:00,0,0.3109,4.97
8/13/2019,0:30:00,0,0.3087,4.968
8/13/2019,0:45:00,0,0.3114,4.965
8/13/2019,1:00:00,0,0.3115,4.963
8/13/2019,1:15:00,0,0.3129,4.96
8/13/2019,1:30:00,0,0.3104,4.958
8/13/2019,1:45:00,0,0.3102,4.955
8/13/2019,2:00:00,0,0.3099,4.952
8/13/2019,2:15:00,0,0.3099,4.949
8/13/2019,2:30:00,0,0.3112,4.945
8/13/2019,2:45:00,0,0.3115,4.942
8/13/2019,3:00:00,0,0.3107,4.939
8/13/2019,3:15:00,0,0.3133,4.935
8/13/2019,3:30:00,0,0.3111,4.932
8/13/2019,3:45:00,0,0.3113,4.928
8/13/2019,4:00:00,0,0.3131,4.923
8/13/2019,4:15:00,0,0.3107,4.92
8/13/2019,4:30:00,0,0.3107,4.916
8/13/2019,4:45:00,0,0.3115,4.912
8/13/2019,5:00:00,0,0.3109,4.909
8/13/2019,5:15:00,0,0.3139,4.904
8/13/2019,5:30:00,0,0.3131,4.901
8/13/2019,5:45:00,0,0.3125,4.897
8/13/2019,6:00:00,0,0.3106,4.891
8/13/2019,6:15:00,0,0.3119,4.888
8/13/2019,6:30:00,0,0.3133,4.884
8/13/2019,6:45:00,0,0.3172,4.88
8/13/2019,7:00:00,0,0.3178,4.876
8/13/2019,7:15:00,0,0.3146,4.872
8/13/2019,7:30:00,0,0.3142,4.867
8/13/2019,7:45:00,0,0.3179,4.864
8/13/2019,8:00:00,0,0.3177,4.86
8/13/2019,8:15:00,0,0.3177,4.855
8/13/2019,8:30:00,0,0.3196,4.852
8/13/2019,8:45:00,0,0.3181,4.848
8/13/2019,9:00:00,0,0.3206,4.844
8/13/2019,9:15:00,0,0.3203,4.839
8/13/2019,9:30:00,0,0.3198,4.835
8/13/2019,9:45:00,0,0.3195,4.831
8/13/2019,10:00:00,0,0.3245,4.827
8/13/2019,10:15:00,0,0.3199,4.824
8/13/2019,10:30:00,0,0.3191,4.82
8/13/2019,10:45:00,0,0.3214,4.817
8/13/2019,11:00:00,0,0.3202,4.813
8/13/2019,11:15:00,0,0.3187,4.81
8/13/2019,11:30:00,0,0.3197,4.807
8/13/2019,11:45:00,0,0.3186,4.804
8/13/2019,12:00:00,0,0.3247,4.801
8/13/2019,12:15:00,0,0.3238,4.799
8/13/2019,12:30:00,0,0.3224,4.796
8/13/2019,12:45:00,0,0.3232,4.794
8/13/2019,13:00:00,0,0.3242,4.792
8/13/2019,13:15:00,0,0.3251,4.789
8/13/2019,13:30:00,0,0.3245,4.787
8/13/2019,13:45:00,0,0.3251,4.785
8/13/2019,14:00:00,0,0.3261,4.782
8/13/2019,14:15:00,0,0.3232,4.781
8/13/2019,14:30:00,0,0.3238,4.78
8/13/2019,14:45:00,0,0.3251,4.778
8/13/2019,15:00:00,0,0.325,4.776
8/13/2019,15:15:00,0,0.3238,4.775
8/13/2019,15:30:00,0,0.3255,4.774
8/13/2019,15:45:00,0,0.3249,4.773
8/13/2019,16:00:00,0,0.3233,4.772
8/13/2019,16:15:00,0,0.3237,4.771
8/13/2019,16:30:00,0,0.3258,4.769
8/13/2019,16:45:00,0,0.3266,4.768
8/13/2019,17:00:00,0,0.3251,4.768
8/13/2019,17:15:00,0,0.3254,4.767
8/13/2019,17:30:00,0,0.3252,4.766
8/13/2019,17:45:00,0,0.3255,4.764
8/13/2019,18:00:00,0,0.3264,4.764
8/13/2019,18:15:00,0,0.3255,4.763
8/13/2019,18:30:00,0,0.3263,4.762
8/13/2019,18:45:00,0,0.3279,4.76
8/13/2019,19:00:00,0,0.3296,4.758
8/13/2019,19:15:00,0,0.3298,4.757
8/13/2019,19:30:00,0,0.3305,4.755
8/13/2019,19:45:00,0,0.3338,4.752
8/13/2019,20:00:00,0,0.3361,4.75
8/13/2019,20:15:00,0,0.3413,4.748
8/13/2019,20:30:00,0,0.3424,4.745
8/13/2019,20:45:00,0,0.3466,4.739
8/13/2019,21:00:00,0,0.3514,4.734
8/13/2019,21:15:00,0,0.3524,4.729
8/13/2019,21:30:00,0,0.3528,4.722
8/13/2019,21:45:00,0,0.3506,4.715
8/13/2019,22:00:00,0,0.3553,4.708
8/13/2019,22:15:00,0,0.3543,4.7
8/13/2019,22:30:00,0,0.3579,4.691
8/13/2019,22:45:00,0,0.3606,4.682
8/13/2019,23:00:00,0,0.3642,4.673
8/13/2019,23:15:00,0,0.3633,4.665
8/13/2019,23:30:00,0,0.3633,4.656
8/13/2019,23:45:00,0,0.3659,4.648
8/14/2019,0:00:00,0,0.3659,4.64
8/14/2019,0:15:00,0,0.3691,4.631
8/14/2019,0:30:00,0,0.3705,4.623
8/14/2019,0:45:00,0,0.3743,4.615
8/14/2019,1:00:00,0,0.3745,4.607
8/14/2019,1:15:00,0,0.3801,4.599
8/14/2019,1:30:00,0,0.3809,4.592
8/14/2019,1:45:00,0,0.3862,4.585
8/14/2019,2:00:00,0,0.3844,4.579
8/14/2019,2:15:00,0,0.3884,4.574
8/14/2019,2:30:00,0,0.3913,4.569
8/14/2019,2:45:00,0,0.3911,4.564
8/14/2019,3:00:00,0,0.3938,4.56
8/14/2019,3:15:00,0,0.3966,4.555
8/14/2019,3:30:00,0,0.4003,4.551
8/14/2019,3:45:00,0,0.399,4.546
8/14/2019,4:00:00,0,0.4001,4.541
8/14/2019,4:15:00,0,0.4039,4.536
8/14/2019,4:30:00,0,0.4052,4.532
8/14/2019,4:45:00,0,0.4026,4.527
8/14/2019,5:00:00,0,0.4055,4.523
8/14/2019,5:15:00,0,0.4108,4.518
8/14/2019,5:30:00,0,0.4098,4.514
8/14/2019,5:45:00,0,0.4089,4.509
8/14/2019,6:00:00,0,0.4126,4.504
8/14/2019,6:15:00,0,0.412,4.5
8/14/2019,6:30:00,0,0.4121,4.496
8/14/2019,6:45:00,0,0.4132,4.493
8/14/2019,7:00:00,0,0.4128,4.488
8/14/2019,7:15:00,0,0.4117,4.485
8/14/2019,7:30:00,0,0.4149,4.481
8/14/2019,7:45:00,0,0.4157,4.477
8/14/2019,8:00:00,0,0.4151,4.473
8/14/2019,8:15:00,0,0.4138,4.47
8/14/2019,8:30:00,0,0.4148,4.466
8/14/2019,8:45:00,0,0.4173,4.463
8/14/2019,9:00:00,0,0.4164,4.458
8/14/2019,9:15:00,0,0.418,4.454
8/14/2019,9:30:00,0,0.4154,4.45
8/14/2019,9:45:00,0,0.4162,4.445
8/14/2019,10:00:00,0,0.4176,4.442
8/14/2019,10:15:00,0,0.4161,4.439
8/14/2019,10:30:00,0,0.4204,4.435
8/14/2019,10:45:00,0,0.4184,4.432
8/14/2019,11:00:00,0,0.4149,4.429
8/14/2019,11:15:00,0,0.4196,4.425
8/14/2019,11:30:00,0,0.4183,4.422
8/14/2019,11:45:00,0,0.4193,4.418
8/14/2019,12:00:00,0,0.4161,4.413
8/14/2019,12:15:00,0,0.4165,4.41
8/14/2019,12:30:00,0,0.4173,4.406
8/14/2019,12:45:00,0,0.4159,4.403
8/14/2019,13:00:00,0,0.4172,4.399
8/14/2019,13:15:00,0,0.4078,4.396
8/14/2019,13:30:00,0,0.4102,4.392
8/14/2019,13:45:00,0,0.4075,4.389
8/14/2019,14:00:00,0,0.4031,4.385
8/14/2019,14:15:00,0,0.403,4.382
8/14/2019,14:30:00,0,-0.1321,11.144
