"date","meanCO2dep","meanO2dep","minCO2dep","minO2dep","offset","EQ","width","stretch","slope","n.obs","Q_m3s_ave","Q_m3s_min","Q_m3s_max","DO_mgL_ave","WLTemp_c_ave","Q_mgL_delta"
2022-05-30,261.295827487003,-80.6340364369886,205.806125893076,-106.432537755557,180.661791050014,1.38168246086411,13.864042522306,186.554685151265,-0.723755297128544,96,0.011414407204027,0.00821361151775618,0.0166785827553402,4.8928125,6.74916666666667,0.00846497123758402
2022-05-29,252.649841557069,-77.5770760277349,209.644583651039,-106.573873797754,175.072765529334,1.14446245156674,8.51533847313858,169.792646280298,-0.873772659497066,96,0.0137342282980789,0.00935924917672945,0.0177828853822848,4.9434375,7.01316666666667,0.00842363620555535
2022-05-28,238.172219096987,-67.4395874734482,190.846541382716,-100.557841148104,170.732631623539,1.02673165501075,28.4898191642025,179.989489225179,-0.97396432175799,96,0.0210061477388175,0.0167885403569361,0.0288536133500773,5.3715625,6.48171875,0.0120650729931412
2022-05-27,235.533686534836,-60.679323614353,176.723269388154,-97.2799279578948,174.854362920483,1.27652254571596,33.0373270193689,242.666966234994,-0.783378251607088,96,0.044261257109088,0.0269890978100581,0.0562148011977106,5.54864583333333,6.712375,0.0292257033876525
2022-05-26,292.607555522917,-69.2926033511917,222.260322155582,-111.174620763358,223.314952171725,1.53532514405176,46.7391975944588,273.915694876727,-0.651327833634624,96,0.021374237004293,0.0101158480761053,0.0318733016267231,5.1353125,7.47305208333333,0.0217574535506178
2022-05-20,325.393835240054,-124.627565119592,276.445255754214,-179.141996860876,200.766270120462,1.75805623896632,83.8300470619139,148.778867095756,-0.568810017470185,96,0.00825762613980767,0.00624851283405525,0.0102995171147762,2.88135416666667,10.32671875,0.00405100428072095
2022-05-19,280.625868181791,-91.7727205816914,222.71342226586,-130.629008360355,188.8531476001,1.14826575568283,16.1166327663002,215.010356610742,-0.870878535784023,96,0.0146472350542859,0.00922192196774788,0.0189949361673231,3.923125,10.4441875,0.00977301419957522
2022-05-18,264.054050139932,-76.6556674450132,208.124016521089,-114.184565148917,187.398382694919,1.01775965974383,27.1193629829469,220.564163195182,-0.982550242020495,96,0.0229454946516133,0.0149663228582707,0.0359064104789016,4.62375,9.15917708333333,0.0209400876206309
2022-05-17,263.091681553268,-74.391931531538,195.479601834495,-115.51496194782,188.69975002173,1.41631075345368,32.1411051513144,256.413297452354,-0.706059738345906,96,0.0300101854285455,0.020543688856837,0.0440118252198004,4.85958333333333,8.16984375,0.0234681363629634
2022-05-16,287.355099313686,-66.3533599136559,213.113676095606,-119.814582382342,221.00173940003,1.63936964217721,59.5352567253216,336.50157356781,-0.609990556292064,96,0.0308887425037774,0.00687157405801764,0.0545848030259167,5.10333333333333,8.19175,0.0477132289678991
2022-05-15,378.980717744801,-98.4146841522669,314.020554642713,-134.631520625717,280.566033592534,1.68009612470544,38.3853939818638,234.054535950499,-0.595204039397046,96,0.0092178225039173,0.00699285779549654,0.0124968139808732,3.99541666666667,8.62898958333333,0.00550395618537666
2022-05-07,464.356544724842,-185.771443376807,442.880876041982,-210.877601456342,278.585101348035,1.10803618318278,70.9571397783414,118.692515412686,-0.902497603577842,96,0.00408187165878893,0.00362035520454953,0.00442836096230251,1.06770833333333,9.48088541666667,0.00080800575775298
2022-05-06,425.813679259116,-119.641487114247,387.87627314907,-144.343423245446,306.172192144869,1.53527600023922,32.5811364559294,122.552079518703,-0.651348682480665,96,0.00520232431684978,0.00405320178274134,0.00707481953131784,3.36208333333333,8.42140625,0.0030216177485765
2022-04-25,348.196075156961,-155.519961804109,305.387355898874,-210.621898022266,192.676113352852,1.08269268533851,103.582490961264,132.037244610693,0.923623123663521,96,0.00515155514514376,0.00451828354543186,0.00618845378328293,2.09614583333333,8.99746875,0.00167017023785107
2022-04-24,314.048313770835,-91.4001282999704,266.230642311935,-123.186859461934,222.648185470864,0.960338720145156,33.1802703039803,169.781039411991,-1.04129926141981,96,0.00717692663279891,0.00509001490434321,0.0107426591763081,4.20989583333333,8.68229166666667,0.00565264427196489
2022-04-23,309.30225621068,-94.8583375668456,234.731959121213,-133.297259868187,214.443918643834,1.37395489156508,28.0143642332156,240.553298858909,-0.72782593237897,96,0.00879035933731195,0.00567640961040913,0.0148805964326615,4.14885416666667,8.32857291666667,0.00920418682225237
2022-04-22,299.614727254127,-90.7452687234748,253.22098285585,-122.77086832795,208.869458530652,1.14160008963133,16.1844114196556,186.626446161728,-0.8759634911407,96,0.00986315181976409,0.00675379776182119,0.0132551288405721,4.19135416666667,8.90510416666667,0.00650133107875091
2022-04-21,267.027854831114,-70.2507591586759,207.301644674908,-107.646424667877,196.777095672438,1.07076888080979,32.6197669087604,240.018160712945,-0.933908351206217,96,0.0254445127448776,0.0123521508129457,0.0433379535638991,4.91708333333333,8.60179166666667,0.0309858027509534
2022-04-20,318.037469291306,-84.0088931883854,250.717052565146,-120.264874430523,234.028576102921,1.93533238114044,66.2381060426661,221.827990660512,-0.516707109199881,96,0.0183236523975883,0.00841225307686803,0.0448007593604542,4.51666666666667,8.2790625,0.0363885062835862
2022-04-19,376.128558888387,-126.150404348914,312.611929008288,-218.955139693672,249.978154539473,0.884116028486027,68.3639663454605,269.683502609724,-1.13107326163107,94,0.00528608446091913,0.00365515963409917,0.0113483444470716,2.94755319148936,9.54178125,0.00769318481297243
2022-04-17,404.657687285029,-170.866282516889,377.233005134116,-223.926846933532,233.79140476814,0.216526960253285,64.0388057367956,148.954701223767,-4.61836253014516,96,0.00421381116331209,0.00346360675964685,0.00495917657728529,1.6634375,8.67071875,0.00149556981763844
2022-04-16,341.3653606444,-110.922653022347,318.589913358207,-128.261469378204,230.442707622053,1.01278623547621,54.0333344366979,80.9225197526774,-0.98737518833854,96,0.00528293587190157,0.00436478353400588,0.00577723851522156,3.64989583333333,8.3104375,0.00141245498121568
2022-04-15,332.38661479042,-103.454832006371,292.778640671816,-128.575085972787,228.931782784049,1.57037460252918,20.6534805963325,160.848898261631,-0.636790736674828,96,0.00732528198353331,0.00551981958065603,0.00855865237914602,4.02458333333333,7.49979166666667,0.00303883279848999
2022-04-14,343.180871342306,-105.347170542566,297.337398897582,-130.16222694352,237.83370079974,1.91900828739415,54.3752521324065,166.618519608904,-0.521102491619728,96,0.00760672570488936,0.00697250560039551,0.00834438847026436,3.9721875,7.43944791666667,0.00137188286986885
2022-04-13,382.969098559481,-109.062820935133,314.488659963032,-160.210204370576,273.906277624348,1.50316036923389,25.040608909156,284.221154029156,-0.665265011283971,96,0.00733783060256389,0.00632052994226947,0.00887677113208106,3.80697916666667,7.67446875,0.00255624118981159
2022-03-27,554.974749670262,-189.915462011539,520.139602718122,-203.037445928301,365.059287658723,2.40808246650489,21.6897575719064,119.303508208689,-0.415268170384301,96,NA,Inf,-Inf,1.20229166666667,7.79745833333333,-Inf
2022-03-17,499.275293428157,-209.612373451636,453.376239409107,-228.429475002135,289.662919976521,1.98829479955884,11.3397521049242,126.429655749627,-0.502943527399397,96,NA,Inf,-Inf,0.550208333333333,7.94096875,-Inf
2021-09-27,530.31246060094,-204.54775046774,490.331280312234,-225.812261801701,325.7647101332,3.86480865016838,47.0553072386709,137.31732431314,-0.258745022203475,96,0.00557122646141431,0.00505974181368606,0.00648431978671594,0.873958333333333,7.20842013888889,0.00142457797302988
2021-09-26,458.916157281963,-177.620850079679,436.582557622429,-197.779425187058,281.295307202285,0.337365097960738,54.2515543277375,80.7493867414767,2.96414776171179,96,0.00600098333129104,0.00541821912065229,0.00661542803934731,1.89989583333333,6.27423611111111,0.00119720891869502
2021-09-25,425.104443753925,-181.290755191664,407.216487347119,-197.8238734725,243.813688562261,0.669356660278476,36.7649812852593,65.8212175468862,-1.49397183794954,96,0.00652272729173523,0.00592958853074344,0.00710453056573777,1.8259375,6.04136574074074,0.00117494203499433
2021-09-24,413.703124643757,-141.981587164732,381.737079470047,-177.89120431449,271.721537479025,0.950559647327119,37.9749090969405,99.1301775197046,-1.05201183619766,96,0.00698420988234962,0.00614825112316001,0.0080026248852838,3.0075,6.40509259259259,0.00185437376212379
2021-09-23,362.22772829429,-106.970927264657,334.715488113642,-126.231147900678,255.256801029632,1.40301372826139,19.02839215372,107.754358660029,-0.712751400686004,96,0.00997580912372741,0.0077870821434917,0.0116519271053201,4.08375,6.58808449074074,0.0038648449618284
2021-09-20,592.986601431907,-222.675808736795,557.135321996469,-231.568251732688,370.310792695112,4.64733520723325,19.8506520902813,92.2343901304827,-0.215177075766682,90,0.00526850959024826,0.00480583817470869,0.00560515329234413,0.267333333333333,7.22063657407407,0.00079931511763544
2021-09-19,513.68532065214,-206.073292849395,475.790578736296,-221.967005218879,307.612027802746,10.4862683306283,38.379891752675,108.87791047497,-0.0953628086246088,96,0.00591125786542754,0.00525646716546945,0.00680986351334682,0.729270833333333,7.6239525462963,0.00155339634787737
2021-09-18,433.070634545145,-178.850150498034,399.521849634618,-197.442819973045,254.220484047111,3.48028652362872,46.2038109415697,105.7889176523,-0.287332664483426,96,0.00654904422060286,0.00577971616049325,0.00743010789748424,1.7203125,6.98302083333333,0.00165039173699099
2021-09-17,354.640632537901,-134.906720463449,337.333316055208,-173.556093884156,219.733912074452,6.95385352855082,50.3299742143452,83.9938021491594,-0.143805157226025,96,0.00828037094742841,0.00696079653253763,0.00958564702521748,3.22229166666667,6.52753472222222,0.00262485049267985
2021-09-16,358.695136133538,-139.692740849345,324.184190106047,-180.438133470947,219.002395284193,1.28011317095986,46.1470151574653,171.928926132726,-0.781180932034451,96,0.00846704149966968,0.00700925194875213,0.00995915070280958,3.04041666666667,6.63240162037037,0.00294989875405745
2021-09-15,362.139617635808,-135.179180352902,337.031502183414,-179.063338077463,226.960437282906,1.38149895921423,55.891315293834,107.257628944315,-0.723851432047969,96,0.00857263990301564,0.0069457759069924,0.0100169027416875,3.05072916666667,7.35568287037037,0.0030711268346951
2021-09-14,289.587001876188,-104.150340196806,264.874499478206,-141.114914500264,185.436661679382,1.79806668229629,62.3721029506245,95.0656062907052,-0.556152900137671,96,0.0132752604547198,0.00911931951986966,0.0169646164209638,4.075625,7.30515046296296,0.00784529690109414
2021-09-13,257.926193860497,-89.1882804230507,214.013608145244,-131.037796704292,168.737913437446,1.44866985478962,40.7333842869038,144.066564954312,-0.690288402629335,96,0.0197844269347788,0.0166024899356597,0.0227138830950639,4.575,7.10610532407407,0.0061113931594042
2021-09-12,295.750831947846,-94.4786605179967,237.006842677218,-124.236043201704,201.27217142985,1.66633872011476,26.4572442895405,208.852012633982,-0.600118083993831,96,0.0151758666640284,0.0106138202316944,0.0211104095479712,4.19697916666667,8.22520833333333,0.0104965893162768
2021-09-11,331.741448815841,-138.55301413063,282.255367551676,-197.166893259278,193.188434685211,0.858562396832917,36.9399035224838,214.410318557329,-1.16473771002413,96,0.0113279305827184,0.00904396742574422,0.0143263884171153,2.7153125,8.60314236111111,0.00528242099137108
2021-09-10,306.169727177738,-112.578887113778,274.436957689644,-170.364718826311,193.590840063959,0.720246282777275,40.1054858725207,152.990843655063,-1.38841396882188,96,0.0134819031023219,0.0101667085663729,0.0160327770893365,3.52104166666667,8.75438657407407,0.0058660685229636
2021-09-09,260.579246438226,-102.474617371558,213.13992740125,-160.198962325728,158.104629066669,1.00448879188633,33.1779223788835,168.898164251,-0.995531267324646,96,0.0197780364449526,0.0151260618534561,0.0229420968616853,3.79270833333333,9.12498842592593,0.0078160350082292
2021-09-08,238.233862865653,-81.2517941872317,192.768278938989,-114.25526032614,156.982068678421,1.09040547209126,19.6862067659545,174.246237948592,-0.917090041819147,96,0.0236785913040507,0.0211897084147142,0.026505216285568,4.58177083333333,8.45106481481482,0.0053155078708538
2021-09-07,222.686815313037,-67.1427589903071,163.360705978625,-93.2687848853896,155.544056322729,1.71347035255917,53.722149569695,173.503293599977,-0.583610914835171,96,0.0268155147729684,0.0201637375284859,0.0356024768803108,5.31354166666667,7.04331018518519,0.0154387393518249
2021-09-06,271.079180198922,-84.6907794722935,166.989721853867,-214.137671653609,186.388400726629,1.81833860224156,65.476718357926,569.526694108195,-0.549952576911279,96,0.0363575966137038,0.00513898174069365,0.0875482706890678,5.23583333333333,4.47944444444444,0.0824092889483742
2021-09-05,531.960407257127,-197.327760891655,491.528830702068,-210.049482388722,334.632646365472,4.27743188065367,36.2626522396789,106.415500944965,-0.233785137414551,96,0.00529096144350158,0.00496909844230146,0.00572709590676847,1.086875,7.1670775462963,0.00075799746446701
2021-09-04,476.544382586628,-186.776278056003,454.319609033199,-205.884614494269,289.768104530626,0.56856490539825,38.4294737104083,94.1253715735402,-1.75881414857914,96,0.00593526369595803,0.00533748917688099,0.00691712527156886,1.35510416666667,7.54538194444444,0.00157963609468787
2021-09-03,472.884572778685,-183.61017311109,428.52973510716,-204.857704087148,289.274399667595,1.71325840349052,62.2336313122555,128.641628022208,-0.58368311397898,96,0.00609123724437191,0.00548122802042762,0.00692537947754004,1.39041666666667,7.95505208333333,0.00144415145711242
2021-09-02,413.911870238148,-135.759532911378,338.779313561729,-236.549664713107,278.15233732677,1.55916384340637,54.6845240462029,435.356447522339,-0.641369413630872,89,0.00791203734501585,0.00466074659524616,0.0104751359238646,2.90561797752809,8.01833912037037,0.00581438932861844
2021-08-30,447.370675682645,-210.289814974665,421.571597321402,-224.007440157381,237.08086070798,2.31191706421071,32.9672888868903,72.7464593193639,-0.432541467633227,96,0.00590535283736868,0.00520948906113354,0.00664200260586145,0.698020833333333,7.0424537037037,0.00143251354472791
2021-08-29,432.255470984725,-182.956766615116,401.974053313149,-212.117478692953,249.298704369609,0.565342787574811,34.5824817473322,124.349823526043,-1.76883834370607,96,0.0059705841455012,0.00536540924581124,0.00715392203214644,1.65541666666667,6.63553819444444,0.0017885127863352
2021-08-28,384.788153811688,-120.659408497173,349.346167482941,-144.939058686874,264.128745314515,1.7970195638865,34.469853756349,156.883961359066,-0.556476968919165,96,0.0074531861415917,0.00610945154018404,0.00872189864753811,3.6896875,6.39972800925926,0.00261244710735407
2021-08-27,471.324951871877,-191.710420252069,397.949285976875,-233.402932203441,279.614531619808,1.28596222836476,57.9617296273074,311.960950794447,-0.777627816698479,96,0.00634271388176698,0.00488460013736793,0.0080049431562865,1.36510416666667,6.61960069444445,0.00312034301891857
2021-08-25,515.262063612368,-203.851027911495,485.610043002143,-220.843197357671,311.411035700872,1.67115880625725,28.2515011875948,93.3974732250469,-0.598387176763658,96,0.00537873595618013,0.0048420893820371,0.00577922830422652,0.663958333333333,8.29659722222222,0.00093713892218942
2021-08-24,420.955976997536,-138.471201163554,382.018172762217,-171.1156677308,282.484775833982,3.8188210376714,48.2600033886185,143.447690225269,-0.261860922555766,96,0.00627011698930185,0.00545362689485982,0.00713329421408347,2.86708333333333,7.68018518518518,0.00167966731922365
2021-08-23,379.10823480539,-127.149124762664,356.218180973107,-143.04706481404,251.959110042727,1.72573790227947,20.2871826359933,76.0507448611973,-0.579462268678883,96,0.00714635675225085,0.00614824869402687,0.00853378426364536,3.32239583333333,7.16431712962963,0.00238553556961849
2021-08-20,379.670808511777,-144.24412334799,339.835731977199,-204.723872114124,235.426685163786,1.11053704058974,32.0677518734485,174.790316468457,-0.900465237493529,96,0.00687180978946521,0.00587246263128404,0.00775290856454544,2.6646875,7.88290509259259,0.0018804459332614
2021-08-19,305.535699291701,-108.285545286725,285.010370522484,-122.309396307015,197.250154004975,1.7436029800984,33.1901496938807,71.4825364943157,-0.573525057833732,96,0.00946422734718711,0.00741391085767788,0.0115757747887231,3.97614583333333,6.9995775462963,0.00416186393104522
2021-08-18,281.174795204127,-95.5748916418462,251.003213174752,-113.92161467708,185.599903562281,1.11788326901161,16.2172495936961,107.055892499919,-0.8945477830473,96,0.0126922087723197,0.0105093159518525,0.0148317964872759,4.3971875,6.92728587962963,0.0043224805354234
2021-08-17,286.554953002177,-91.4919610440932,262.272437478417,-111.484722895161,195.062991958083,0.987410932701267,11.4076281103646,108.888263900114,-1.01274957252528,96,0.0142056360911313,0.0120092273144131,0.0163444189521981,4.36677083333333,7.75233217592593,0.004335191637785
2021-08-15,456.254919850885,-194.41064335555,423.321037486289,-216.026444329033,261.844276495336,3.94534326195707,43.9303240994761,80.1334875587469,-0.253463370257917,96,0.00626864359094603,0.00554590644521525,0.00699835414793661,0.827916666666667,9.19201967592593,0.00145244770272136
2021-08-14,371.663980171442,-151.838314972702,332.777502388804,-174.880850365748,219.82566519874,3.62331086172888,66.8053816679252,126.213520725526,-0.275990672112203,96,0.00784979346944876,0.00667280056533651,0.00984462759312098,2.32489583333333,8.51433449074074,0.00317182702778447
2021-08-13,293.703184554528,-94.2062613727426,249.607401707314,-121.204055997053,199.496923181785,1.33155982071101,44.7950373874758,167.541394581028,-0.750998929560693,96,0.0124487757627691,0.00884775791535208,0.0161342680243951,4.3509375,7.55392939814815,0.00728651010904302
2021-08-12,332.042311069658,-105.240032486059,289.862464868965,-125.072031216456,226.802278583599,2.02215428863753,30.631836300011,151.257047339307,-0.494522107249182,96,0.0107875911644952,0.00912550324553353,0.0134031867827916,4.32104166666667,5.70671296296296,0.00427768353725807
2021-08-11,416.545738956837,-130.26700937638,322.991057690535,-219.041001982056,286.278729580457,1.88921242249318,31.9788671384502,464.622240611081,-0.529321101266266,96,0.00986768495489392,0.00577767868060569,0.014203664222814,3.33385416666667,6.66879050925926,0.00842598554220831
2021-08-10,657.846801998546,-215.448879894503,591.923436413119,-225.827501899715,442.397922104042,5.79941768350449,39.173631448527,107.94806820862,0.172431105082212,96,0.00484244248902087,0.00435676831377936,0.0056520337492658,0.4146875,7.71431134259259,0.00129526543548644
2021-08-09,653.863270438393,-193.274158567816,635.796185123807,-200.582989153538,460.589111870577,25.7500657425181,25.0726000657403,43.0331365460281,0.0388348523067581,96,0.00458488343647697,0.00438441539823941,0.00483557139334271,1.1003125,7.84893518518518,0.0004511559951033
2021-08-08,599.30349829643,-191.77108332679,565.820874655757,-208.798901956178,407.532414969639,3.49738321515718,48.816475041278,99.495117140574,0.285928060632914,96,0.00476783588967378,0.00450551880435768,0.0052548978495466,1.09802083333333,8.14130787037037,0.00074937904518892
2021-08-07,533.497185501473,-182.050848036894,508.120242414245,-209.7842347833,351.446337464579,1.39608729241131,21.4493468869864,83.4712403258445,-0.716287588487974,96,0.0050894668264922,0.00471862301985267,0.00556867276340207,1.49666666666667,7.66401041666667,0.0008500497435494
2021-08-06,476.316556412824,-171.02304629369,442.680383494964,-183.643451718905,305.293510119134,12.5094781997585,35.4122408544945,83.9245220822291,-0.0799393854828656,96,0.00565340936645623,0.00513528956092041,0.00627572527500593,1.82645833333333,7.79936342592592,0.00114043571408552
2021-08-05,378.142211565287,-130.391601358621,345.882226291761,-152.747584457478,247.750610206666,2.84583072059933,60.7723256938622,131.684379823158,-0.351391245010314,96,0.00704303536806299,0.00583898887841715,0.00801612009920014,3.08041666666667,8.16079282407407,0.00217713122078299
2021-08-04,286.755772114141,-99.462455592731,253.984540385868,-125.616794401543,187.29331652141,1.80905183001685,46.2208634767775,140.217830324678,-0.552775759880073,96,0.0102293319272756,0.00747180773052454,0.0127626997690972,4.28510416666667,7.00321759259259,0.00529089203857266
2021-08-03,228.671824694181,-82.9532345560371,199.045688872749,-95.4151045748758,145.718590138144,1.75765041903171,29.6125020590797,99.8522761365161,-0.568941348730141,96,0.0177226783832807,0.0124540783589435,0.0217849943670175,5.03885416666667,5.76147569444444,0.009330916008074
2021-08-02,269.459472844318,-94.8680346953245,192.763171604133,-169.686678330171,174.591438148994,1.59021999092086,32.7335711315298,376.493201146852,-0.628843811365321,96,0.0186202299333038,0.00788955522091178,0.0253286902093262,4.49020833333333,6.58651041666667,0.0174391349884144
2021-08-01,466.308703990304,-160.025328354571,415.251047677716,-178.513543104769,306.283375635734,26.4042229206169,35.8964826616269,101.013077387812,0.0378727297904753,96,0.00648086950261369,0.00571657281045064,0.00800171280699143,2.11854166666667,8.15361111111111,0.00228513999654079
2021-07-31,405.723590729658,-136.804802101349,382.433261324997,-154.512932282938,268.918788628309,1.67551698194574,57.0042065075573,95.8168651957458,-0.596830715997115,96,0.00744214186971217,0.00636740079976274,0.00835600080864943,2.74666666666667,8.82347800925926,0.00198860000888669
2021-07-30,358.284545645806,-123.692106424005,338.61250014438,-145.705965698906,234.592439221802,0.777125789106544,26.6907841122108,100.205971747907,-1.28679296713302,96,0.00867006918295632,0.00782941577334268,0.00930120209221306,3.200625,8.56261574074074,0.00147178631887038
2021-07-29,316.589588865776,-111.962597485055,286.254033133732,-136.438493198638,204.626991380721,0.836263051797872,40.8609501915428,129.19716862134,-1.19579598530643,96,0.010487357047511,0.0087098442938255,0.0122330897752559,3.55895833333333,8.65295138888889,0.0035232454814304
2021-07-12,202.019267203122,-63.2768358206239,146.812074750404,-92.2899816808222,138.742431382498,1.27938299893281,16.7618392124881,195.944889838965,-0.781626769180256,96,0.0341895579875837,0.0281219468661257,0.0388649302695661,5.26864583333333,7.83096875,0.0107429834034404
2021-07-11,208.723081619425,-62.441015770554,146.544254677305,-115.714139245847,146.282065848871,1.22763005799973,25.5598835545592,277.543860355477,-0.814577643715711,96,0.0373704917077932,0.0226003855267212,0.0518401064917438,5.3621875,7.36686458333333,0.0292397209650226
2021-07-10,267.050786666593,-116.858767627406,197.803367143384,-146.159448812099,150.192019039188,3.12452437807198,82.0491408364701,237.599743726873,-0.320048711099211,96,0.0240063252721333,0.0176904766402219,0.0309373852904614,3.54177083333333,7.80772916666667,0.0132469086502395
2021-07-09,346.722734865114,-111.43771981305,255.130696333331,-145.998842156753,235.285015052064,2.40326257813444,46.3549423547096,353.482631551971,-0.416101015801719,90,0.0163036050267048,0.0107959416285161,0.0232247139257469,3.63473684210526,8.10041052631579,0.0124287722972308
2021-07-08,472.577119101736,-162.125821574928,444.853764929484,-177.342386616966,310.451297526808,1.82441492910662,23.1845506103906,96.5436191943629,-0.548120925808077,96,0.00960460284361518,0.00850281722086704,0.0110787664722516,2.04177083333333,8.06827083333333,0.00257594925138456
2021-07-07,420.075497339357,-151.284102523158,393.748667556554,-189.552948739363,268.791394816199,1.71076351500317,26.9850541608082,120.162858495023,-0.584534327059311,96,0.0103496259142052,0.00917255018386161,0.0113690924695945,2.3940625,8.07797916666667,0.00219654228573289
2021-07-06,344.983843116816,-117.574630602027,303.168718745802,-140.995560145856,227.409212514789,1.23285309331608,30.8637066958998,154.598601510081,-0.811126650386412,96,0.0127595681361106,0.0108181982730037,0.0146334948249996,3.46395833333333,8.17060416666667,0.0038152965519959
2021-07-05,285.65000009866,-99.6945107910751,235.64673674892,-132.894677782226,185.955489307585,1.18846949867849,58.2635449508293,194.543349542505,-0.8414183124699,96,0.0163197497161288,0.012452558721012,0.0190495733098563,4.11260416666667,7.92547916666667,0.0065970145888443
2021-07-04,212.577343280601,-69.5817604747031,159.104766013406,-109.771344420128,142.995582805898,1.11033918532111,25.3421614660581,204.124604044244,-0.900625694580706,96,0.0260316590567789,0.0186563904821464,0.0316486433650983,5.04958333333333,8.11928125,0.0129922528829519
2021-07-03,199.940539948494,-65.272841174199,157.181425927388,-96.2173153990481,134.667698774295,1.01131300620597,21.0249000035737,173.703164497734,-0.988813546215119,96,0.0314305186246372,0.0290381863833746,0.0346699488029918,5.39604166666667,6.82820833333333,0.0056317624196172
2021-07-02,181.504363897468,-58.6580098218755,132.058072598646,-94.0274982287248,122.846354075593,0.962565082647635,21.9561315491364,203.332694521529,-1.0388907908953,95,0.0418535023736446,0.0334128860769224,0.0546659881066846,5.6028125,6.94336458333333,0.0212531020297622
2021-07-01,163.857114425032,-49.1115572659677,108.549597550767,-86.1192493421427,114.745557159064,1.10026153617971,19.4123902773325,214.510809683567,-0.90887481486644,96,0.0847744256746574,0.0514629882404873,0.105332069965237,6.08197916666667,5.9394375,0.0538690817247497
2021-06-30,243.73501152803,-72.5656792097603,145.87698009242,-145.418370236346,171.16933231827,1.83918170909622,55.872801324042,483.020347794685,-0.543720065860923,96,0.0484472910772637,0.0167766314539469,0.0946653331535212,5.12145833333333,6.95870833333333,0.0778887016995743
2021-06-29,404.656817456413,-129.07824020464,376.108158733649,-145.926204121015,275.578577251772,1.61803986035917,56.2777970568947,90.0107830169605,-0.618031746002858,96,0.0171570563709242,0.0153742943242052,0.0188923463003414,3.1378125,7.9696875,0.0035180519761362
2021-06-28,371.735084725644,-121.720745378549,322.14067258275,-147.771620597486,250.014339347095,1.48071400634657,24.3014824525458,163.019930421843,-0.675349862102908,96,0.0186393631971511,0.0163338266658581,0.0219159747081888,3.319375,8.24129166666667,0.0055821480423307
2021-06-27,333.061366875094,-107.975029130246,305.757811956082,-134.526338912164,225.086337744848,1.32722785535638,46.4704520333517,121.910445317013,-0.753450129881042,96,0.0210658880245894,0.0170067974111659,0.0248589556113986,3.68322916666667,8.64188541666667,0.0078521582002327
2021-06-26,298.634318512561,-95.455122145717,249.817246350487,-123.770700891689,203.179196366844,1.22265980622805,25.8545002719869,171.561592637236,-0.817888994883239,96,0.0238745829389963,0.021374556097457,0.0264910460938225,4.00135416666667,9.09734375,0.0051164899963655
2021-06-18,469.687559291835,-139.40308823569,426.973622216994,-156.029370576281,330.284471056145,3.52821242446702,19.6856479410424,165.84439760993,-0.283429646430958,92,0.0137736430267706,0.0117282207820761,0.0159848833547756,2.71957894736842,8.45155319148936,0.0042566625726995
2021-06-17,490.651656363039,-143.483908633473,460.56236372383,-156.939915549683,347.167747729566,42.328399646191,47.4943782477084,81.8370502146036,-0.0236248005679087,96,0.0141867031302061,0.0131376974184044,0.0150885389429796,2.4771875,9.03065625,0.0019508415245752
2021-06-16,399.174884716876,-126.565695120115,348.219589996737,-167.751011899168,272.60918959676,1.64983734524847,47.0868003454624,163.060034472843,-0.606120356579392,96,0.0174123860247809,0.0146389571788917,0.0211376223133794,3.04864583333333,8.90735416666667,0.0064986651344877
2021-06-15,377.78239335043,-120.835361499971,283.438772568161,-209.094101830945,256.947031850459,1.65116677476906,45.4135291767497,423.828261975926,-0.605632341493707,96,0.0200088795491005,0.0150245742453342,0.0252139827404339,3.17072916666667,9.28585416666667,0.0101894084950997
2021-06-14,432.151135509956,-132.208746384329,368.458061809347,-178.075618617741,299.942389125627,3.04626396564923,63.9573851679378,199.838975541369,-0.328270961176169,90,0.0168730837240052,0.0147128270523202,0.0200028075465228,2.7484375,10.0945483870968,0.0052899804942026
2021-06-13,391.333182763038,-121.448603022657,293.343644299713,-211.351799054033,269.884579740382,2.17722456746407,67.937188286973,534.622388816114,-0.459300347306273,96,0.0208983489325796,0.0141392279958448,0.025445919488675,3.21302083333333,8.94005208333333,0.0113066914928302
2021-06-12,629.79787958503,-210.505270806194,592.381938120791,-222.544169711595,419.292608778836,2.41023262031426,27.0878983483587,90.9588103128081,0.414897712184152,94,0.0143507908774141,0.0137396411536575,0.0151526767254865,0.329148936170213,9.06633333333333,0.001413035571829
2019-08-13,247.341380847738,-92.1121041679655,172.960902332511,-129.329055709579,155.229276679772,1.99077267803947,30.710266367829,297.104722932409,-0.502317522754435,96,0.00934850849971073,0.00789250555597924,0.0182866616128032,4.873125,4.98802083333333,0.010394156056824
2019-08-12,267.208350154839,-91.2799940709817,213.872274293708,-126.071468578006,175.928356083858,1.04929668842867,23.1249389437269,201.193976689229,-0.953019304289911,96,0.00849617019054799,0.00788993735132594,0.00943719250409457,4.57791666666667,6.70770833333333,0.00154725515276863
2019-08-11,236.723659827151,-78.9218844803683,173.861058399286,-117.768303078888,157.801775346782,1.22771577276532,13.6893173378852,240.885486839407,-0.814520772790587,96,0.00825791879113263,0.00789003695652325,0.00878442458688974,5.02770833333333,6.4575,0.00089438763036649
2019-08-10,239.774954134917,-79.0269378960342,180.16261704279,-114.853671496297,160.748016238883,1.22616509788522,17.2136554553727,235.00312257032,-0.815550859932898,96,0.00827284191864938,0.00788935457216448,0.00869488364064021,5.1428125,5.85567708333333,0.00080552906847573
2019-08-09,247.171985063793,-85.0639585887996,193.889659684535,-115.339517456758,162.108026474993,1.31600301530716,13.9399781948466,211.487728509431,-0.759876678372651,93,0.00838414425071088,0.00789270822826633,0.0089746847582154,5.05425531914894,5.33092553191489,0.00108197652994907
2019-08-07,237.172615621044,-87.5913741838004,183.285269780744,-124.448560727083,149.581241437244,1.00479459214722,20.6959707999661,207.473743469618,-0.995228286273938,96,0.00808118416573475,0.00788925042008318,0.00841131548988006,4.89697916666667,5.75898958333333,0.000522065069796879
2019-08-06,198.470257997426,-77.4297560607942,147.683156738596,-114.929612352282,121.040501936632,0.965277471967943,21.3623023097471,215.364348337471,-1.03597155122793,95,0.0083687417476777,0.00788915267428018,0.00963552323916068,5.1009375,6.43141666666667,0.0017463705648805
2019-08-04,150.063461600134,-59.4029911373478,89.7169875621648,-93.9339171442869,90.6604704627857,1.23279849161341,21.4768024247509,218.111588141097,-0.811162575881533,96,0.01514914646227,0.00943646779137795,0.0295482394917144,5.71572916666667,6.12194791666667,0.0201117717003364
2019-08-03,176.924409063179,-60.305116423459,103.732767156139,-105.475816265781,116.61929263972,1.57257907672303,35.4137778135703,309.984494748753,-0.635898070120468,96,0.0112400623319436,0.00790266441917491,0.0176194141069179,5.5028125,7.04035416666667,0.00971674968774299
2019-08-02,267.498858775949,-96.7401988942421,213.551781105168,-135.104971344623,170.758659881707,1.09683397165986,20.9851400236366,217.424549742205,-0.911715014157228,94,0.00821329669155907,0.00788916722728009,0.00861739138681555,4.27031578947368,7.49071578947368,0.000728224159535461
2019-07-31,216.831400888989,-79.2254792109023,145.117327259623,-129.767730935088,137.605921678086,1.34080262771892,41.984953738404,299.214100016732,-0.745821927349054,96,0.0115717313730614,0.00799999111694523,0.0190296848706446,5.25375,5.20921875,0.0110296937536994
2019-07-30,256.277283627126,-95.7660210523401,191.352116675293,-142.945028962219,160.511262574786,1.05630989699873,24.5423446040145,265.44387425725,-0.94669187786773,96,0.00867543083381247,0.00800385115529044,0.0106850834499514,4.43552083333333,6.72015625,0.00268123229466096
2019-07-29,208.859206532427,-80.5621001876717,135.227758711924,-124.456380457114,128.297106344755,1.07774158856074,31.8651498511301,277.642821573546,-0.927866207089069,96,0.0116006575340831,0.0088838423409698,0.0175157063813395,4.64177083333333,8.38972916666667,0.0086318640403697
2019-07-28,166.846677460287,-65.2948958199708,106.346086414325,-103.934688276505,101.551781640316,1.04209179084103,20.7355833145442,237.363629830553,-0.959608365394508,96,0.0165829363564792,0.0124219380414524,0.0235359647510511,5.33927083333333,7.14640625,0.0111140267095987
2019-07-27,158.97591119288,-64.5553159932414,106.595161632213,-108.403442897344,94.4205951996383,1.03053762736316,21.0475623418052,231.316524541133,-0.970367285432079,96,0.0199190733810332,0.0151623780915561,0.0267107972974132,5.48197916666667,6.48865625,0.0115484192058571
2019-07-25,137.146445083694,-57.7792483005688,77.3896090492268,-95.9537054739103,79.3671967831255,1.08322712153069,13.7279249091546,224.413456247434,-0.923167431948084,89,0.0425272105352464,0.0306752776527979,0.0601784451789287,5.72777777777778,6.39772222222222,0.0295031675261308
2019-07-24,117.541128450398,-50.8384439805346,56.082488788001,-87.8967814799847,66.7026844698631,1.24472560680571,15.7335034265814,246.321556606746,-0.803389915441895,96,0.062559922777765,0.0435658218697898,0.128606773252923,5.90833333333333,6.53705208333333,0.0850409513831332
2019-07-23,134.269359312258,-57.1361709631381,70.2158694093829,-98.0709823381881,77.1331883491203,1.31968081290853,20.3234813903685,265.743596400745,-0.757758990066721,93,0.043490085040429,0.0268156704918273,0.0684537123877261,5.69957446808511,6.60913829787234,0.0416380418958988
2019-07-15,113.835980611117,-49.0265509294182,61.5289721242106,-79.517121537837,64.8094296816991,1.28477722067129,12.3470968966783,219.493108054428,-0.778345057734993,96,0.0641178493973036,0.0363454268440431,0.157822342021841,6.22052083333333,5.193375,0.121476915177798
2019-07-14,173.857397615501,-63.7579439131125,85.677321249359,-110.73936872935,110.099453702389,2.05783817854753,44.7237269204061,390.897515008244,-0.485946859390968,96,0.0510847852872437,0.010608728003782,0.173719830155942,5.52270833333333,6.30195833333333,0.16311110215216
2019-07-13,241.433071814432,-77.2185324324238,152.794614530337,-123.060919729173,164.214539382008,1.4505526552754,32.0627377881806,332.322143545859,-0.689392416306418,96,0.0103286889965198,0.00807807841137977,0.0135956287105633,4.65458333333333,8.69130208333333,0.00551755029918353
NA,NA,NA,NA,NA,NA,NA,NA,NA,NA,NA,NA,NA,NA,NA,NA,NA
