Plot Title: LUXabajo_04,,,,,,,
#,"Date Time, GMT-05:00","Temp, °C (LGR S/N: 10801154, SEN S/N: 10801154, LBL: Blue)","Intensity, Lux (LGR S/N: 10801154, SEN S/N: 10801154)",Coupler Attached (LGR S/N: 10801154),Host Connected (LGR S/N: 10801154),Stopped (LGR S/N: 10801154),End Of File (LGR S/N: 10801154)
1,7/14/2021 14:15,10.846,4650,,,,
2,7/14/2021 14:30,10.748,2497.2,,,,
3,7/14/2021 14:45,10.846,3444.5,,,,
4,7/14/2021 15:00,10.748,3272.2,,,,
5,7/14/2021 15:15,10.748,7577.8,,,,
6,7/14/2021 15:30,10.651,5166.7,,,,
7,7/14/2021 15:45,10.553,1980.6,,,,
8,7/14/2021 16:00,10.553,4650,,,,
9,7/14/2021 16:15,10.357,4994.5,,,,
10,7/14/2021 16:30,10.357,3444.5,,,,
11,7/14/2021 16:45,10.259,3788.9,,,,
12,7/14/2021 17:00,10.161,2411.1,,,,
13,7/14/2021 17:15,10.063,882.6,,,,
14,7/14/2021 17:30,9.866,376.7,,,,
15,7/14/2021 17:45,9.669,516.7,,,,
16,7/14/2021 18:00,9.571,279.9,,,,
17,7/14/2021 18:15,9.373,64.6,,,,
18,7/14/2021 18:30,9.275,10.8,,,,
19,7/14/2021 18:45,9.077,0,,,,
20,7/14/2021 19:00,8.879,0,,,,
21,7/14/2021 19:15,8.779,0,,,,
22,7/14/2021 19:30,8.68,0,,,,
23,7/14/2021 19:45,8.581,0,,,,
24,7/14/2021 20:00,8.481,0,,,,
25,7/14/2021 20:15,8.382,0,,,,
26,7/14/2021 20:30,8.282,0,,,,
27,7/14/2021 20:45,8.282,0,,,,
28,7/14/2021 21:00,8.182,0,,,,
29,7/14/2021 21:15,8.082,0,,,,
30,7/14/2021 21:30,8.082,0,,,,
31,7/14/2021 21:45,7.983,0,,,,
32,7/14/2021 22:00,7.983,0,,,,
33,7/14/2021 22:15,7.983,0,,,,
34,7/14/2021 22:30,7.882,0,,,,
35,7/14/2021 22:45,7.882,0,,,,
36,7/14/2021 23:00,7.782,0,,,,
37,7/14/2021 23:15,7.782,0,,,,
38,7/14/2021 23:30,7.682,0,,,,
39,7/14/2021 23:45,7.682,0,,,,
40,7/15/2021 0:00,7.682,0,,,,
41,7/15/2021 0:15,7.582,0,,,,
42,7/15/2021 0:30,7.582,0,,,,
43,7/15/2021 0:45,7.481,0,,,,
44,7/15/2021 1:00,7.481,0,,,,
45,7/15/2021 1:15,7.381,0,,,,
46,7/15/2021 1:30,7.28,0,,,,
47,7/15/2021 1:45,7.28,0,,,,
48,7/15/2021 2:00,7.179,0,,,,
49,7/15/2021 2:15,7.179,0,,,,
50,7/15/2021 2:30,7.179,0,,,,
51,7/15/2021 2:45,7.179,0,,,,
52,7/15/2021 3:00,7.079,0,,,,
53,7/15/2021 3:15,7.079,0,,,,
54,7/15/2021 3:30,7.079,0,,,,
55,7/15/2021 3:45,7.079,0,,,,
56,7/15/2021 4:00,6.978,0,,,,
57,7/15/2021 4:15,6.978,0,,,,
58,7/15/2021 4:30,6.978,0,,,,
59,7/15/2021 4:45,6.978,0,,,,
60,7/15/2021 5:00,6.877,0,,,,
61,7/15/2021 5:15,6.877,0,,,,
62,7/15/2021 5:30,6.877,0,,,,
63,7/15/2021 5:45,6.877,0,,,,
64,7/15/2021 6:00,6.775,0,,,,
65,7/15/2021 6:15,6.775,32.3,,,,
66,7/15/2021 6:30,6.775,107.6,,,,
67,7/15/2021 6:45,6.775,269.1,,,,
68,7/15/2021 7:00,6.775,269.1,,,,
69,7/15/2021 7:15,6.775,775,,,,
70,7/15/2021 7:30,6.775,1237.9,,,,
71,7/15/2021 7:45,6.775,3272.2,,,,
72,7/15/2021 8:00,6.775,2497.2,,,,
73,7/15/2021 8:15,6.877,2411.1,,,,
74,7/15/2021 8:30,6.877,2927.8,,,,
75,7/15/2021 8:45,6.978,4822.3,,,,
76,7/15/2021 9:00,7.079,4822.3,,,,
77,7/15/2021 9:15,7.079,3616.7,,,,
78,7/15/2021 9:30,7.179,5166.7,,,,
79,7/15/2021 9:45,7.28,7233.4,,,,
80,7/15/2021 10:00,7.481,3961.1,,,,
81,7/15/2021 10:15,7.682,7577.8,,,,
82,7/15/2021 10:30,7.882,9300.1,,,,
83,7/15/2021 10:45,8.182,17222.3,,,,
84,7/15/2021 11:00,9.965,104711.8,,,,
85,7/15/2021 11:15,10.455,66133.8,,,,
86,7/15/2021 11:30,11.139,132267.5,,,,
87,7/15/2021 11:45,10.357,14466.8,,,,
88,7/15/2021 12:00,10.553,49600.3,,,,
89,7/15/2021 12:15,10.748,9644.5,,,,
90,7/15/2021 12:30,10.846,19289,,,,
91,7/15/2021 12:45,11.916,38578,,,,
92,7/15/2021 13:00,12.787,71644.9,,,,
93,7/15/2021 13:15,11.625,22044.6,,,,
94,7/15/2021 13:30,11.722,13777.9,,,,
95,7/15/2021 13:45,11.819,14466.8,,,,
96,7/15/2021 14:00,11.819,16533.4,,,,
97,7/15/2021 14:15,11.819,5166.7,,,,
98,7/15/2021 14:30,12.11,16533.4,,,,
99,7/15/2021 14:45,11.819,6200,,,,
100,7/15/2021 15:00,11.722,5166.7,,,,
101,7/15/2021 15:15,11.625,8611.2,,,,
102,7/15/2021 15:30,11.528,5511.1,,,,
103,7/15/2021 15:45,11.528,6200,,,,
104,7/15/2021 16:00,11.334,7577.8,,,,
105,7/15/2021 16:15,11.139,2583.4,,,,
106,7/15/2021 16:30,11.041,4477.8,,,,
107,7/15/2021 16:45,10.944,3788.9,,,,
108,7/15/2021 17:00,10.748,1248.6,,,,
109,7/15/2021 17:15,10.651,958,,,,
110,7/15/2021 17:30,10.553,710.4,,,,
111,7/15/2021 17:45,10.357,925.7,,,,
112,7/15/2021 18:00,10.259,161.5,,,,
113,7/15/2021 18:15,10.161,32.3,,,,
114,7/15/2021 18:30,9.965,0,,,,
115,7/15/2021 18:45,9.866,0,,,,
116,7/15/2021 19:00,9.669,0,,,,
117,7/15/2021 19:15,9.571,0,,,,
118,7/15/2021 19:30,9.373,0,,,,
119,7/15/2021 19:45,9.275,0,,,,
120,7/15/2021 20:00,9.176,0,,,,
121,7/15/2021 20:15,8.978,0,,,,
122,7/15/2021 20:30,8.879,0,,,,
123,7/15/2021 20:45,8.779,0,,,,
124,7/15/2021 21:00,8.68,0,,,,
125,7/15/2021 21:15,8.481,0,,,,
126,7/15/2021 21:30,8.382,0,,,,
127,7/15/2021 21:45,8.282,0,,,,
128,7/15/2021 22:00,8.282,0,,,,
129,7/15/2021 22:15,8.182,0,,,,
130,7/15/2021 22:30,8.182,0,,,,
131,7/15/2021 22:45,8.182,0,,,,
132,7/15/2021 23:00,8.082,0,,,,
133,7/15/2021 23:15,8.082,0,,,,
134,7/15/2021 23:30,8.082,0,,,,
135,7/15/2021 23:45,8.082,0,,,,
136,7/16/2021 0:00,8.082,0,,,,
137,7/16/2021 0:15,8.082,0,,,,
138,7/16/2021 0:30,8.082,0,,,,
139,7/16/2021 0:45,7.983,0,,,,
140,7/16/2021 1:00,7.983,0,,,,
141,7/16/2021 1:15,7.983,0,,,,
142,7/16/2021 1:30,7.882,0,,,,
143,7/16/2021 1:45,7.882,0,,,,
144,7/16/2021 2:00,7.882,0,,,,
145,7/16/2021 2:15,7.782,0,,,,
146,7/16/2021 2:30,7.782,0,,,,
147,7/16/2021 2:45,7.682,0,,,,
148,7/16/2021 3:00,7.682,0,,,,
149,7/16/2021 3:15,7.682,0,,,,
150,7/16/2021 3:30,7.682,0,,,,
151,7/16/2021 3:45,7.582,0,,,,
152,7/16/2021 4:00,7.582,0,,,,
153,7/16/2021 4:15,7.582,0,,,,
154,7/16/2021 4:30,7.582,0,,,,
155,7/16/2021 4:45,7.481,0,,,,
156,7/16/2021 5:00,7.481,0,,,,
157,7/16/2021 5:15,7.481,0,,,,
158,7/16/2021 5:30,7.481,0,,,,
159,7/16/2021 5:45,7.481,0,,,,
160,7/16/2021 6:00,7.381,0,,,,
161,7/16/2021 6:15,7.381,43.1,,,,
162,7/16/2021 6:30,7.381,129.2,,,,
163,7/16/2021 6:45,7.381,355.2,,,,
164,7/16/2021 7:00,7.381,516.7,,,,
165,7/16/2021 7:15,7.381,893.4,,,,
166,7/16/2021 7:30,7.381,1722.2,,,,
167,7/16/2021 7:45,7.381,1119.5,,,,
168,7/16/2021 8:00,7.381,2497.2,,,,
169,7/16/2021 8:15,7.381,1722.2,,,,
170,7/16/2021 8:30,7.381,1808.3,,,,
171,7/16/2021 8:45,7.481,3444.5,,,,
172,7/16/2021 9:00,7.481,2066.7,,,,
173,7/16/2021 9:15,7.481,2669.5,,,,
174,7/16/2021 9:30,7.481,2325,,,,
175,7/16/2021 9:45,7.481,1894.5,,,,
176,7/16/2021 10:00,7.582,3444.5,,,,
177,7/16/2021 10:15,7.582,3100,,,,
178,7/16/2021 10:30,7.582,2927.8,,,,
179,7/16/2021 10:45,7.582,3616.7,,,,
180,7/16/2021 11:00,7.582,3100,,,,
181,7/16/2021 11:15,7.582,1980.6,,,,
182,7/16/2021 11:30,7.682,3272.2,,,,
183,7/16/2021 11:45,7.782,4822.3,,,,
184,7/16/2021 12:00,7.782,4133.4,,,,
185,7/16/2021 12:15,7.882,3616.7,,,,
186,7/16/2021 12:30,7.882,5166.7,,,,
187,7/16/2021 12:45,7.983,7233.4,,,,
188,7/16/2021 13:00,7.983,2927.8,,,,
189,7/16/2021 13:15,8.082,2152.8,,,,
190,7/16/2021 13:30,8.082,3100,,,,
191,7/16/2021 13:45,8.082,2755.6,,,,
192,7/16/2021 14:00,8.382,18600.1,,,,
193,7/16/2021 14:15,8.382,2755.6,,,,
194,7/16/2021 14:30,8.382,2152.8,,,,
195,7/16/2021 14:45,8.481,2927.8,,,,
196,7/16/2021 15:00,8.481,2669.5,,,,
197,7/16/2021 15:15,8.481,3788.9,,,,
198,7/16/2021 15:30,8.481,1894.5,,,,
199,7/16/2021 15:45,8.481,3788.9,,,,
200,7/16/2021 16:00,8.68,5338.9,,,,
201,7/16/2021 16:15,8.779,5166.7,,,,
202,7/16/2021 16:30,8.68,1097.9,,,,
203,7/16/2021 16:45,8.68,699.7,,,,
204,7/16/2021 17:00,8.68,4994.5,,,,
205,7/16/2021 17:15,8.779,559.7,,,,
206,7/16/2021 17:30,8.779,452.1,,,,
207,7/16/2021 17:45,8.68,118.4,,,,
208,7/16/2021 18:00,8.581,161.5,,,,
209,7/16/2021 18:15,8.581,43.1,,,,
210,7/16/2021 18:30,8.481,0,,,,
211,7/16/2021 18:45,8.382,0,,,,
212,7/16/2021 19:00,8.282,0,,,,
213,7/16/2021 19:15,8.182,0,,,,
214,7/16/2021 19:30,8.082,0,,,,
215,7/16/2021 19:45,8.082,0,,,,
216,7/16/2021 20:00,7.983,0,,,,
217,7/16/2021 20:15,7.882,0,,,,
218,7/16/2021 20:30,7.882,0,,,,
219,7/16/2021 20:45,7.782,0,,,,
220,7/16/2021 21:00,7.782,0,,,,
221,7/16/2021 21:15,7.782,0,,,,
222,7/16/2021 21:30,7.782,0,,,,
223,7/16/2021 21:45,7.682,0,,,,
224,7/16/2021 22:00,7.682,0,,,,
225,7/16/2021 22:15,7.682,0,,,,
226,7/16/2021 22:30,7.582,0,,,,
227,7/16/2021 22:45,7.582,0,,,,
228,7/16/2021 23:00,7.481,0,,,,
229,7/16/2021 23:15,7.481,0,,,,
230,7/16/2021 23:30,7.481,0,,,,
231,7/16/2021 23:45,7.481,0,,,,
232,7/17/2021 0:00,7.381,0,,,,
233,7/17/2021 0:15,7.381,0,,,,
234,7/17/2021 0:30,7.381,0,,,,
235,7/17/2021 0:45,7.381,0,,,,
236,7/17/2021 1:00,7.28,0,,,,
237,7/17/2021 1:15,7.28,0,,,,
238,7/17/2021 1:30,7.28,0,,,,
239,7/17/2021 1:45,7.28,0,,,,
240,7/17/2021 2:00,7.28,0,,,,
241,7/17/2021 2:15,7.28,0,,,,
242,7/17/2021 2:30,7.179,0,,,,
243,7/17/2021 2:45,7.179,0,,,,
244,7/17/2021 3:00,7.179,0,,,,
245,7/17/2021 3:15,7.179,0,,,,
246,7/17/2021 3:30,7.179,0,,,,
247,7/17/2021 3:45,7.079,0,,,,
248,7/17/2021 4:00,7.079,0,,,,
249,7/17/2021 4:15,7.079,0,,,,
250,7/17/2021 4:30,7.079,0,,,,
251,7/17/2021 4:45,6.978,0,,,,
252,7/17/2021 5:00,6.978,0,,,,
253,7/17/2021 5:15,6.978,0,,,,
254,7/17/2021 5:30,6.978,0,,,,
255,7/17/2021 5:45,6.978,0,,,,
256,7/17/2021 6:00,6.877,0,,,,
257,7/17/2021 6:15,6.877,10.8,,,,
258,7/17/2021 6:30,6.877,64.6,,,,
259,7/17/2021 6:45,6.877,172.2,,,,
260,7/17/2021 7:00,6.877,226,,,,
261,7/17/2021 7:15,6.877,204.5,,,,
262,7/17/2021 7:30,6.877,753.5,,,,
263,7/17/2021 7:45,6.877,1054.9,,,,
264,7/17/2021 8:00,6.877,2755.6,,,,
265,7/17/2021 8:15,6.877,1280.9,,,,
266,7/17/2021 8:30,6.877,1550,,,,
267,7/17/2021 8:45,6.978,3272.2,,,,
268,7/17/2021 9:00,6.978,1173.3,,,,
269,7/17/2021 9:15,6.978,2497.2,,,,
270,7/17/2021 9:30,7.079,3100,,,,
271,7/17/2021 9:45,7.079,2238.9,,,,
272,7/17/2021 10:00,7.179,5166.7,,,,
273,7/17/2021 10:15,7.179,2066.7,,,,
274,7/17/2021 10:30,7.179,2066.7,,,,
275,7/17/2021 10:45,7.28,3788.9,,,,
276,7/17/2021 11:00,7.28,2669.5,,,,
277,7/17/2021 11:15,7.381,3444.5,,,,
278,7/17/2021 11:30,7.381,6544.5,,,,
279,7/17/2021 11:45,7.582,5166.7,,,,
280,7/17/2021 12:00,7.582,4133.4,,,,
281,7/17/2021 12:15,7.782,7233.4,,,,
282,7/17/2021 12:30,7.782,6544.5,,,,
283,7/17/2021 12:45,7.983,7233.4,,,,
284,7/17/2021 13:00,8.082,6200,,,,
285,7/17/2021 13:15,8.182,9300.1,,,,
286,7/17/2021 13:30,8.382,6544.5,,,,
287,7/17/2021 13:45,8.581,7233.4,,,,
288,7/17/2021 14:00,8.68,7577.8,,,,
289,7/17/2021 14:15,8.779,4650,,,,
290,7/17/2021 14:30,8.978,10333.4,,,,
291,7/17/2021 14:45,8.978,6200,,,,
292,7/17/2021 15:00,8.879,2927.8,,,,
293,7/17/2021 15:15,8.879,1894.5,,,,
294,7/17/2021 15:30,8.879,2755.6,,,,
295,7/17/2021 15:45,8.978,3961.1,,,,
296,7/17/2021 16:00,8.879,4133.4,,,,
297,7/17/2021 16:15,8.879,1377.8,,,,
298,7/17/2021 16:30,8.779,1097.9,,,,
299,7/17/2021 16:45,8.779,2066.7,,,,
300,7/17/2021 17:00,8.779,2669.5,,,,
301,7/17/2021 17:15,8.779,1280.9,,,,
302,7/17/2021 17:30,8.68,624.3,,,,
303,7/17/2021 17:45,8.581,721.2,,,,
304,7/17/2021 18:00,8.481,505.9,,,,
305,7/17/2021 18:15,8.382,32.3,,,,
306,7/17/2021 18:30,8.282,0,,,,
307,7/17/2021 18:45,8.182,0,,,,
308,7/17/2021 19:00,8.082,0,,,,
309,7/17/2021 19:15,8.082,0,,,,
310,7/17/2021 19:30,7.983,0,,,,
311,7/17/2021 19:45,7.882,0,,,,
312,7/17/2021 20:00,7.882,0,,,,
313,7/17/2021 20:15,7.782,0,,,,
314,7/17/2021 20:30,7.682,0,,,,
315,7/17/2021 20:45,7.682,0,,,,
316,7/17/2021 21:00,7.582,0,,,,
317,7/17/2021 21:15,7.582,0,,,,
318,7/17/2021 21:30,7.481,0,,,,
319,7/17/2021 21:45,7.481,0,,,,
320,7/17/2021 22:00,7.381,0,,,,
321,7/17/2021 22:15,7.381,0,,,,
322,7/17/2021 22:30,7.28,0,,,,
323,7/17/2021 22:45,7.28,0,,,,
324,7/17/2021 23:00,7.179,0,,,,
325,7/17/2021 23:15,7.179,0,,,,
326,7/17/2021 23:30,7.179,0,,,,
327,7/17/2021 23:45,7.079,0,,,,
328,7/18/2021 0:00,7.079,0,,,,
329,7/18/2021 0:15,7.079,0,,,,
330,7/18/2021 0:30,6.978,0,,,,
331,7/18/2021 0:45,6.978,0,,,,
332,7/18/2021 1:00,6.978,0,,,,
333,7/18/2021 1:15,6.877,0,,,,
334,7/18/2021 1:30,6.877,0,,,,
335,7/18/2021 1:45,6.877,0,,,,
336,7/18/2021 2:00,6.775,0,,,,
337,7/18/2021 2:15,6.775,0,,,,
338,7/18/2021 2:30,6.674,0,,,,
339,7/18/2021 2:45,6.674,0,,,,
340,7/18/2021 3:00,6.573,0,,,,
341,7/18/2021 3:15,6.471,0,,,,
342,7/18/2021 3:30,6.37,0,,,,
343,7/18/2021 3:45,6.37,0,,,,
344,7/18/2021 4:00,6.268,0,,,,
345,7/18/2021 4:15,6.268,0,,,,
346,7/18/2021 4:30,6.166,0,,,,
347,7/18/2021 4:45,6.166,0,,,,
348,7/18/2021 5:00,6.166,0,,,,
349,7/18/2021 5:15,6.166,0,,,,
350,7/18/2021 5:30,6.166,0,,,,
351,7/18/2021 5:45,6.064,0,,,,
352,7/18/2021 6:00,5.962,0,,,,
353,7/18/2021 6:15,5.86,0,,,,
354,7/18/2021 6:30,5.86,10.8,,,,
355,7/18/2021 6:45,5.86,75.3,,,,
356,7/18/2021 7:00,5.86,86.1,,,,
357,7/18/2021 7:15,5.86,183,,,,
358,7/18/2021 7:30,5.962,139.9,,,,
359,7/18/2021 7:45,5.962,75.3,,,,
360,7/18/2021 8:00,6.064,96.9,,,,
361,7/18/2021 8:15,5.962,193.8,,,,
362,7/18/2021 8:30,5.962,322.9,,,,
363,7/18/2021 8:45,6.064,183,,,,
364,7/18/2021 9:00,6.064,161.5,,,,
365,7/18/2021 9:15,6.166,279.9,,,,
366,7/18/2021 9:30,6.166,366,,,,
367,7/18/2021 9:45,6.166,204.5,,,,
368,7/18/2021 10:00,6.166,592,,,,
369,7/18/2021 10:15,6.166,333.7,,,,
370,7/18/2021 10:30,6.268,376.7,,,,
371,7/18/2021 10:45,6.37,376.7,,,,
372,7/18/2021 11:00,6.471,473.6,,,,
373,7/18/2021 11:15,6.573,301.4,,,,
374,7/18/2021 11:30,6.573,376.7,,,,
375,7/18/2021 11:45,6.674,430.6,,,,
376,7/18/2021 12:00,6.775,236.8,,,,
377,7/18/2021 12:15,6.877,710.4,,,,
378,7/18/2021 12:30,6.877,409,,,,
379,7/18/2021 12:45,6.978,667.4,,,,
380,7/18/2021 13:00,6.978,635.1,,,,
381,7/18/2021 13:15,7.179,430.6,,,,
382,7/18/2021 13:30,7.28,656.6,,,,
383,7/18/2021 13:45,7.481,1291.7,,,,
384,7/18/2021 14:00,7.682,839.6,,,,
385,7/18/2021 14:15,7.782,516.7,,,,
386,7/18/2021 14:30,7.782,549,,,,
387,7/18/2021 14:45,7.782,333.7,,,,
388,7/18/2021 15:00,7.782,602.8,,,,
389,7/18/2021 15:15,7.782,495.1,,,,
390,7/18/2021 15:30,7.782,452.1,,,,
391,7/18/2021 15:45,7.682,258.3,,,,
392,7/18/2021 16:00,7.582,279.9,,,,
393,7/18/2021 16:15,7.481,279.9,,,,
394,7/18/2021 16:30,7.481,204.5,,,,
395,7/18/2021 16:45,7.481,172.2,,,,
396,7/18/2021 17:00,7.381,150.7,,,,
397,7/18/2021 17:15,7.28,43.1,,,,
398,7/18/2021 17:30,7.28,118.4,,,,
399,7/18/2021 17:45,7.179,32.3,,,,
400,7/18/2021 18:00,7.179,0,,,,
401,7/18/2021 18:15,7.079,0,,,,
402,7/18/2021 18:30,6.978,0,,,,
403,7/18/2021 18:45,6.877,0,,,,
404,7/18/2021 19:00,6.775,0,,,,
405,7/18/2021 19:15,6.674,0,,,,
406,7/18/2021 19:30,6.674,0,,,,
407,7/18/2021 19:45,6.573,0,,,,
408,7/18/2021 20:00,6.471,0,,,,
409,7/18/2021 20:15,6.471,0,,,,
410,7/18/2021 20:30,6.37,0,,,,
411,7/18/2021 20:45,6.37,0,,,,
412,7/18/2021 21:00,6.37,0,,,,
413,7/18/2021 21:15,6.268,0,,,,
414,7/18/2021 21:30,6.166,0,,,,
415,7/18/2021 21:45,6.166,0,,,,
416,7/18/2021 22:00,6.064,0,,,,
417,7/18/2021 22:15,6.064,0,,,,
418,7/18/2021 22:30,5.962,0,,,,
419,7/18/2021 22:45,5.86,0,,,,
420,7/18/2021 23:00,5.86,0,,,,
421,7/18/2021 23:15,5.757,0,,,,
422,7/18/2021 23:30,5.757,0,,,,
423,7/18/2021 23:45,5.757,0,,,,
424,7/19/2021 0:00,5.655,0,,,,
425,7/19/2021 0:15,5.655,0,,,,
426,7/19/2021 0:30,5.655,0,,,,
427,7/19/2021 0:45,5.552,0,,,,
428,7/19/2021 1:00,5.552,0,,,,
429,7/19/2021 1:15,5.45,0,,,,
430,7/19/2021 1:30,5.45,0,,,,
431,7/19/2021 1:45,5.45,0,,,,
432,7/19/2021 2:00,5.347,0,,,,
433,7/19/2021 2:15,5.347,0,,,,
434,7/19/2021 2:30,5.347,0,,,,
435,7/19/2021 2:45,5.244,0,,,,
436,7/19/2021 3:00,5.244,0,,,,
437,7/19/2021 3:15,5.244,0,,,,
438,7/19/2021 3:30,5.244,0,,,,
439,7/19/2021 3:45,5.141,0,,,,
440,7/19/2021 4:00,5.141,0,,,,
441,7/19/2021 4:15,5.141,0,,,,
442,7/19/2021 4:30,5.037,0,,,,
443,7/19/2021 4:45,5.037,0,,,,
444,7/19/2021 5:00,5.037,0,,,,
445,7/19/2021 5:15,4.934,0,,,,
446,7/19/2021 5:30,4.934,0,,,,
447,7/19/2021 5:45,4.934,0,,,,
448,7/19/2021 6:00,4.934,0,,,,
449,7/19/2021 6:15,4.831,0,,,,
450,7/19/2021 6:30,4.831,0,,,,
451,7/19/2021 6:45,4.831,0,,,,
452,7/19/2021 7:00,4.831,0,,,,
453,7/19/2021 7:15,4.831,53.8,,,,
454,7/19/2021 7:30,4.831,43.1,,,,
455,7/19/2021 7:45,4.831,32.3,,,,
456,7/19/2021 8:00,4.934,53.8,,,,
457,7/19/2021 8:15,4.934,64.6,,,,
458,7/19/2021 8:30,5.037,64.6,,,,
459,7/19/2021 8:45,5.037,75.3,,,,
460,7/19/2021 9:00,5.141,75.3,,,,
461,7/19/2021 9:15,5.141,21.5,,,,
462,7/19/2021 9:30,5.244,75.3,,,,
463,7/19/2021 9:45,5.244,43.1,,,,
464,7/19/2021 10:00,5.347,118.4,,,,
465,7/19/2021 10:15,5.45,183,,,,
466,7/19/2021 10:30,5.552,53.8,,,,
467,7/19/2021 10:45,5.552,32.3,,,,
468,7/19/2021 11:00,5.655,118.4,,,,
469,7/19/2021 11:15,5.757,139.9,,,,
470,7/19/2021 11:30,5.962,161.5,,,,
471,7/19/2021 11:45,6.166,107.6,,,,
472,7/19/2021 12:00,6.37,183,,,,
473,7/19/2021 12:15,6.471,236.8,,,,
474,7/19/2021 12:30,6.573,215.3,,,,
475,7/19/2021 12:45,6.674,236.8,,,,
476,7/19/2021 13:00,6.775,247.6,,,,
477,7/19/2021 13:15,6.775,204.5,,,,
478,7/19/2021 13:30,6.877,161.5,,,,
479,7/19/2021 13:45,6.775,193.8,,,,
480,7/19/2021 14:00,6.877,215.3,,,,
481,7/19/2021 14:15,6.877,226,,,,
482,7/19/2021 14:30,6.877,183,,,,
483,7/19/2021 14:45,6.877,86.1,,,,
484,7/19/2021 15:00,6.877,64.6,,,,
485,7/19/2021 15:15,6.877,86.1,,,,
486,7/19/2021 15:30,6.978,118.4,,,,
487,7/19/2021 15:45,6.978,75.3,,,,
488,7/19/2021 16:00,6.978,75.3,,,,
489,7/19/2021 16:15,6.978,43.1,,,,
490,7/19/2021 16:30,6.978,86.1,,,,
491,7/19/2021 16:45,6.877,86.1,,,,
492,7/19/2021 17:00,6.877,107.6,,,,
493,7/19/2021 17:15,6.775,75.3,,,,
494,7/19/2021 17:30,6.775,96.9,,,,
495,7/19/2021 17:45,6.674,32.3,,,,
496,7/19/2021 18:00,6.573,43.1,,,,
497,7/19/2021 18:15,6.471,0,,,,
498,7/19/2021 18:30,6.37,0,,,,
499,7/19/2021 18:45,6.268,0,,,,
500,7/19/2021 19:00,6.166,0,,,,
501,7/19/2021 19:15,6.166,0,,,,
502,7/19/2021 19:30,6.064,0,,,,
503,7/19/2021 19:45,5.962,0,,,,
504,7/19/2021 20:00,5.962,0,,,,
505,7/19/2021 20:15,5.86,0,,,,
506,7/19/2021 20:30,5.86,0,,,,
507,7/19/2021 20:45,5.757,0,,,,
508,7/19/2021 21:00,5.757,0,,,,
509,7/19/2021 21:15,5.655,0,,,,
510,7/19/2021 21:30,5.655,0,,,,
511,7/19/2021 21:45,5.655,0,,,,
512,7/19/2021 22:00,5.552,0,,,,
513,7/19/2021 22:15,5.552,0,,,,
514,7/19/2021 22:30,5.552,0,,,,
515,7/19/2021 22:45,5.552,0,,,,
516,7/19/2021 23:00,5.45,0,,,,
517,7/19/2021 23:15,5.45,0,,,,
518,7/19/2021 23:30,5.347,0,,,,
519,7/19/2021 23:45,5.347,0,,,,
520,7/20/2021 0:00,5.347,0,,,,
521,7/20/2021 0:15,5.347,0,,,,
522,7/20/2021 0:30,5.244,0,,,,
523,7/20/2021 0:45,5.244,0,,,,
524,7/20/2021 1:00,5.244,0,,,,
525,7/20/2021 1:15,5.244,0,,,,
526,7/20/2021 1:30,5.141,0,,,,
527,7/20/2021 1:45,5.141,0,,,,
528,7/20/2021 2:00,5.141,0,,,,
529,7/20/2021 2:15,5.037,0,,,,
530,7/20/2021 2:30,5.037,0,,,,
531,7/20/2021 2:45,5.037,0,,,,
532,7/20/2021 3:00,5.037,0,,,,
533,7/20/2021 3:15,4.934,0,,,,
534,7/20/2021 3:30,4.934,0,,,,
535,7/20/2021 3:45,4.934,0,,,,
536,7/20/2021 4:00,4.934,0,,,,
537,7/20/2021 4:15,4.831,0,,,,
538,7/20/2021 4:30,4.831,0,,,,
539,7/20/2021 4:45,4.831,0,,,,
540,7/20/2021 5:00,4.831,0,,,,
541,7/20/2021 5:15,4.831,0,,,,
542,7/20/2021 5:30,4.727,0,,,,
543,7/20/2021 5:45,4.727,0,,,,
544,7/20/2021 6:00,4.727,0,,,,
545,7/20/2021 6:15,4.727,0,,,,
546,7/20/2021 6:30,4.727,0,,,,
547,7/20/2021 6:45,4.727,10.8,,,,
548,7/20/2021 7:00,4.727,21.5,,,,
549,7/20/2021 7:15,4.727,64.6,,,,
550,7/20/2021 7:30,4.727,64.6,,,,
551,7/20/2021 7:45,4.831,118.4,,,,
552,7/20/2021 8:00,4.831,75.3,,,,
553,7/20/2021 8:15,4.831,161.5,,,,
554,7/20/2021 8:30,4.934,247.6,,,,
555,7/20/2021 8:45,5.037,290.6,,,,
556,7/20/2021 9:00,5.141,366,,,,
557,7/20/2021 9:15,5.244,258.3,,,,
558,7/20/2021 9:30,5.347,236.8,,,,
559,7/20/2021 9:45,5.45,538.2,,,,
560,7/20/2021 10:00,5.552,355.2,,,,
561,7/20/2021 10:15,5.655,366,,,,
562,7/20/2021 10:30,5.86,398.3,,,,
563,7/20/2021 10:45,5.962,366,,,,
564,7/20/2021 11:00,6.064,549,,,,
565,7/20/2021 11:15,6.268,775,,,,
566,7/20/2021 11:30,6.674,1270.1,,,,
567,7/20/2021 11:45,6.978,656.6,,,,
568,7/20/2021 12:00,7.179,570.5,,,,
569,7/20/2021 12:15,7.481,699.7,,,,
570,7/20/2021 12:30,7.682,1227.1,,,,
571,7/20/2021 12:45,7.882,904.2,,,,
572,7/20/2021 13:00,8.182,828.8,,,,
573,7/20/2021 13:15,8.382,1119.5,,,,
574,7/20/2021 13:30,8.581,914.9,,,,
575,7/20/2021 13:45,8.68,4305.6,,,,
576,7/20/2021 14:00,8.978,1463.9,,,,
577,7/20/2021 14:15,9.077,452.1,,,,
578,7/20/2021 14:30,9.373,678.1,,,,
579,7/20/2021 14:45,9.373,409,,,,
580,7/20/2021 15:00,9.472,505.9,,,,
581,7/20/2021 15:15,9.472,505.9,,,,
582,7/20/2021 15:30,9.571,355.2,,,,
583,7/20/2021 15:45,9.669,645.8,,,,
584,7/20/2021 16:00,9.571,559.7,,,,
585,7/20/2021 16:15,9.571,505.9,,,,
586,7/20/2021 16:30,9.472,301.4,,,,
587,7/20/2021 16:45,9.472,322.9,,,,
588,7/20/2021 17:00,9.472,258.3,,,,
589,7/20/2021 17:15,9.275,96.9,,,,
590,7/20/2021 17:30,9.176,172.2,,,,
591,7/20/2021 17:45,8.978,96.9,,,,
592,7/20/2021 18:00,8.879,43.1,,,,
593,7/20/2021 18:15,8.68,10.8,,,,
594,7/20/2021 18:30,8.481,0,,,,
595,7/20/2021 18:45,8.382,0,,,,
596,7/20/2021 19:00,8.182,0,,,,
597,7/20/2021 19:15,8.082,0,,,,
598,7/20/2021 19:30,7.983,0,,,,
599,7/20/2021 19:45,7.882,0,,,,
600,7/20/2021 20:00,7.782,0,,,,
601,7/20/2021 20:15,7.682,0,,,,
602,7/20/2021 20:30,7.582,0,,,,
603,7/20/2021 20:45,7.582,0,,,,
604,7/20/2021 21:00,7.481,0,,,,
605,7/20/2021 21:15,7.381,0,,,,
606,7/20/2021 21:30,7.28,0,,,,
607,7/20/2021 21:45,7.28,0,,,,
608,7/20/2021 22:00,7.179,0,,,,
609,7/20/2021 22:15,7.079,0,,,,
610,7/20/2021 22:30,6.978,0,,,,
611,7/20/2021 22:45,6.978,0,,,,
612,7/20/2021 23:00,6.877,0,,,,
613,7/20/2021 23:15,6.775,0,,,,
614,7/20/2021 23:30,6.775,0,,,,
615,7/20/2021 23:45,6.674,0,,,,
616,7/21/2021 0:00,6.674,0,,,,
617,7/21/2021 0:15,6.573,0,,,,
618,7/21/2021 0:30,6.471,0,,,,
619,7/21/2021 0:45,6.471,0,,,,
620,7/21/2021 1:00,6.37,0,,,,
621,7/21/2021 1:15,6.37,0,,,,
622,7/21/2021 1:30,6.268,0,,,,
623,7/21/2021 1:45,6.268,0,,,,
624,7/21/2021 2:00,6.166,0,,,,
625,7/21/2021 2:15,6.166,0,,,,
626,7/21/2021 2:30,6.064,0,,,,
627,7/21/2021 2:45,5.962,0,,,,
628,7/21/2021 3:00,5.962,0,,,,
629,7/21/2021 3:15,5.962,0,,,,
630,7/21/2021 3:30,5.86,0,,,,
631,7/21/2021 3:45,5.86,0,,,,
632,7/21/2021 4:00,5.757,0,,,,
633,7/21/2021 4:15,5.757,0,,,,
634,7/21/2021 4:30,5.655,0,,,,
635,7/21/2021 4:45,5.655,0,,,,
636,7/21/2021 5:00,5.655,0,,,,
637,7/21/2021 5:15,5.552,0,,,,
638,7/21/2021 5:30,5.552,0,,,,
639,7/21/2021 5:45,5.45,0,,,,
640,7/21/2021 6:00,5.45,0,,,,
641,7/21/2021 6:15,5.45,0,,,,
642,7/21/2021 6:30,5.347,0,,,,
643,7/21/2021 6:45,5.347,0,,,,
644,7/21/2021 7:00,5.347,21.5,,,,
645,7/21/2021 7:15,5.347,64.6,,,,
646,7/21/2021 7:30,5.347,53.8,,,,
647,7/21/2021 7:45,5.347,75.3,,,,
648,7/21/2021 8:00,5.347,193.8,,,,
649,7/21/2021 8:15,5.347,150.7,,,,
650,7/21/2021 8:30,5.347,183,,,,
651,7/21/2021 8:45,5.45,430.6,,,,
652,7/21/2021 9:00,5.552,312.2,,,,
653,7/21/2021 9:15,5.757,570.5,,,,
654,7/21/2021 9:30,5.962,592,,,,
655,7/21/2021 9:45,6.064,387.5,,,,
656,7/21/2021 10:00,6.268,624.3,,,,
657,7/21/2021 10:15,6.37,602.8,,,,
658,7/21/2021 10:30,6.573,559.7,,,,
659,7/21/2021 10:45,6.674,602.8,,,,
660,7/21/2021 11:00,6.674,516.7,,,,
661,7/21/2021 11:15,6.877,721.2,,,,
662,7/21/2021 11:30,7.079,861.1,,,,
663,7/21/2021 11:45,7.381,1345.5,,,,
664,7/21/2021 12:00,7.782,1011.8,,,,
665,7/21/2021 12:15,8.282,3100,,,,
666,7/21/2021 12:30,8.581,2152.8,,,,
667,7/21/2021 12:45,8.879,1463.9,,,,
668,7/21/2021 13:00,9.176,882.6,,,,
669,7/21/2021 13:15,9.176,828.8,,,,
670,7/21/2021 13:30,9.472,1808.3,,,,
671,7/21/2021 13:45,9.571,1894.5,,,,
672,7/21/2021 14:00,9.866,1324,,,,
673,7/21/2021 14:15,9.965,656.6,,,,
674,7/21/2021 14:30,10.161,1173.3,,,,
675,7/21/2021 14:45,10.259,850.4,,,,
676,7/21/2021 15:00,10.161,538.2,,,,
677,7/21/2021 15:15,10.063,592,,,,
678,7/21/2021 15:30,9.866,226,,,,
679,7/21/2021 15:45,9.669,172.2,,,,
680,7/21/2021 16:00,9.472,258.3,,,,
681,7/21/2021 16:15,9.275,258.3,,,,
682,7/21/2021 16:30,9.176,107.6,,,,
683,7/21/2021 16:45,8.978,107.6,,,,
684,7/21/2021 17:00,8.779,161.5,,,,
685,7/21/2021 17:15,8.581,193.8,,,,
686,7/21/2021 17:30,8.481,129.2,,,,
687,7/21/2021 17:45,8.382,32.3,,,,
688,7/21/2021 18:00,8.282,10.8,,,,
689,7/21/2021 18:15,8.082,0,,,,
690,7/21/2021 18:30,7.882,0,,,,
691,7/21/2021 18:45,7.682,0,,,,
692,7/21/2021 19:00,7.582,0,,,,
693,7/21/2021 19:15,7.481,0,,,,
694,7/21/2021 19:30,7.28,0,,,,
695,7/21/2021 19:45,7.179,0,,,,
696,7/21/2021 20:00,6.978,0,,,,
697,7/21/2021 20:15,6.877,0,,,,
698,7/21/2021 20:30,6.775,0,,,,
699,7/21/2021 20:45,6.674,0,,,,
700,7/21/2021 21:00,6.573,0,,,,
701,7/21/2021 21:15,6.573,0,,,,
702,7/21/2021 21:30,6.471,0,,,,
703,7/21/2021 21:45,6.37,0,,,,
704,7/21/2021 22:00,6.37,0,,,,
705,7/21/2021 22:15,6.37,0,,,,
706,7/21/2021 22:30,6.268,0,,,,
707,7/21/2021 22:45,6.268,0,,,,
708,7/21/2021 23:00,6.268,0,,,,
709,7/21/2021 23:15,6.166,0,,,,
710,7/21/2021 23:30,6.166,0,,,,
711,7/21/2021 23:45,6.166,0,,,,
712,7/22/2021 0:00,6.064,0,,,,
713,7/22/2021 0:15,6.064,0,,,,
714,7/22/2021 0:30,6.064,0,,,,
715,7/22/2021 0:45,5.962,0,,,,
716,7/22/2021 1:00,5.962,0,,,,
717,7/22/2021 1:15,5.86,0,,,,
718,7/22/2021 1:30,5.757,0,,,,
719,7/22/2021 1:45,5.757,0,,,,
720,7/22/2021 2:00,5.655,0,,,,
721,7/22/2021 2:15,5.655,0,,,,
722,7/22/2021 2:30,5.552,0,,,,
723,7/22/2021 2:45,5.552,0,,,,
724,7/22/2021 3:00,5.45,0,,,,
725,7/22/2021 3:15,5.347,0,,,,
726,7/22/2021 3:30,5.347,0,,,,
727,7/22/2021 3:45,5.244,0,,,,
728,7/22/2021 4:00,5.244,0,,,,
729,7/22/2021 4:15,5.141,0,,,,
730,7/22/2021 4:30,5.141,0,,,,
731,7/22/2021 4:45,5.037,0,,,,
732,7/22/2021 5:00,5.037,0,,,,
733,7/22/2021 5:15,5.037,0,,,,
734,7/22/2021 5:30,4.934,0,,,,
735,7/22/2021 5:45,4.934,0,,,,
736,7/22/2021 6:00,4.934,0,,,,
737,7/22/2021 6:15,4.831,0,,,,
738,7/22/2021 6:30,4.831,0,,,,
739,7/22/2021 6:45,4.727,0,,,,
740,7/22/2021 7:00,4.727,0,,,,
741,7/22/2021 7:15,4.727,0,,,,
742,7/22/2021 7:30,4.727,43.1,,,,
743,7/22/2021 7:45,4.623,53.8,,,,
744,7/22/2021 8:00,4.623,86.1,,,,
745,7/22/2021 8:15,4.623,107.6,,,,
746,7/22/2021 8:30,4.623,96.9,,,,
747,7/22/2021 8:45,4.623,129.2,,,,
748,7/22/2021 9:00,4.623,215.3,,,,
749,7/22/2021 9:15,4.623,172.2,,,,
750,7/22/2021 9:30,4.623,161.5,,,,
751,7/22/2021 9:45,4.623,193.8,,,,
752,7/22/2021 10:00,4.623,269.1,,,,
753,7/22/2021 10:15,4.623,398.3,,,,
754,7/22/2021 10:30,4.623,441.3,,,,
755,7/22/2021 10:45,4.623,301.4,,,,
756,7/22/2021 11:00,4.727,398.3,,,,
757,7/22/2021 11:15,4.727,430.6,,,,
758,7/22/2021 11:30,4.727,376.7,,,,
759,7/22/2021 11:45,4.831,366,,,,
760,7/22/2021 12:00,4.831,893.4,,,,
761,7/22/2021 12:15,4.934,236.8,,,,
762,7/22/2021 12:30,5.037,850.4,,,,
763,7/22/2021 12:45,5.141,441.3,,,,
764,7/22/2021 13:00,5.244,409,,,,
765,7/22/2021 13:15,5.347,258.3,,,,
766,7/22/2021 13:30,5.347,247.6,,,,
767,7/22/2021 13:45,5.45,366,,,,
768,7/22/2021 14:00,5.552,387.5,,,,
769,7/22/2021 14:15,5.552,161.5,,,,
770,7/22/2021 14:30,5.552,312.2,,,,
771,7/22/2021 14:45,5.655,527.4,,,,
772,7/22/2021 15:00,5.757,1377.8,,,,
773,7/22/2021 15:15,5.962,258.3,,,,
774,7/22/2021 15:30,6.166,387.5,,,,
775,7/22/2021 15:45,6.166,333.7,,,,
776,7/22/2021 16:00,6.268,161.5,,,,
777,7/22/2021 16:15,6.268,344.4,,,,
778,7/22/2021 16:30,6.166,172.2,,,,
779,7/22/2021 16:45,6.268,731.9,,,,
780,7/22/2021 17:00,6.166,269.1,,,,
781,7/22/2021 17:15,6.064,96.9,,,,
782,7/22/2021 17:30,5.962,96.9,,,,
783,7/22/2021 17:45,5.86,53.8,,,,
784,7/22/2021 18:00,5.757,129.2,,,,
785,7/22/2021 18:15,5.655,0,,,,
786,7/22/2021 18:30,5.552,0,,,,
787,7/22/2021 18:45,5.45,0,,,,
788,7/22/2021 19:00,5.347,0,,,,
789,7/22/2021 19:15,5.244,0,,,,
790,7/22/2021 19:30,5.244,0,,,,
791,7/22/2021 19:45,5.141,0,,,,
792,7/22/2021 20:00,5.141,0,,,,
793,7/22/2021 20:15,5.037,0,,,,
794,7/22/2021 20:30,5.037,0,,,,
795,7/22/2021 20:45,4.934,0,,,,
796,7/22/2021 21:00,4.934,0,,,,
797,7/22/2021 21:15,4.934,0,,,,
798,7/22/2021 21:30,4.831,0,,,,
799,7/22/2021 21:45,4.831,0,,,,
800,7/22/2021 22:00,4.831,0,,,,
801,7/22/2021 22:15,4.727,0,,,,
802,7/22/2021 22:30,4.727,0,,,,
803,7/22/2021 22:45,4.727,0,,,,
804,7/22/2021 23:00,4.727,0,,,,
805,7/22/2021 23:15,4.623,0,,,,
806,7/22/2021 23:30,4.623,0,,,,
807,7/22/2021 23:45,4.623,0,,,,
808,7/23/2021 0:00,4.519,0,,,,
809,7/23/2021 0:15,4.519,0,,,,
810,7/23/2021 0:30,4.519,0,,,,
811,7/23/2021 0:45,4.519,0,,,,
812,7/23/2021 1:00,4.415,0,,,,
813,7/23/2021 1:15,4.415,0,,,,
814,7/23/2021 1:30,4.311,0,,,,
815,7/23/2021 1:45,4.311,0,,,,
816,7/23/2021 2:00,4.311,0,,,,
817,7/23/2021 2:15,4.311,0,,,,
818,7/23/2021 2:30,4.311,0,,,,
819,7/23/2021 2:45,4.207,0,,,,
820,7/23/2021 3:00,4.207,0,,,,
821,7/23/2021 3:15,4.207,0,,,,
822,7/23/2021 3:30,4.207,0,,,,
823,7/23/2021 3:45,4.207,0,,,,
824,7/23/2021 4:00,4.102,0,,,,
825,7/23/2021 4:15,4.102,0,,,,
826,7/23/2021 4:30,4.102,0,,,,
827,7/23/2021 4:45,4.102,0,,,,
828,7/23/2021 5:00,4.102,0,,,,
829,7/23/2021 5:15,3.998,0,,,,
830,7/23/2021 5:30,3.998,0,,,,
831,7/23/2021 5:45,3.998,0,,,,
832,7/23/2021 6:00,3.998,0,,,,
833,7/23/2021 6:15,3.893,0,,,,
834,7/23/2021 6:30,3.893,0,,,,
835,7/23/2021 6:45,3.893,0,,,,
836,7/23/2021 7:00,3.893,0,,,,
837,7/23/2021 7:15,3.788,0,,,,
838,7/23/2021 7:30,3.893,53.8,,,,
839,7/23/2021 7:45,3.893,43.1,,,,
840,7/23/2021 8:00,3.893,53.8,,,,
841,7/23/2021 8:15,3.893,107.6,,,,
842,7/23/2021 8:30,3.893,150.7,,,,
843,7/23/2021 8:45,3.893,86.1,,,,
844,7/23/2021 9:00,3.893,139.9,,,,
845,7/23/2021 9:15,3.893,107.6,,,,
846,7/23/2021 9:30,3.788,64.6,,,,
847,7/23/2021 9:45,3.893,150.7,,,,
848,7/23/2021 10:00,3.893,215.3,,,,
849,7/23/2021 10:15,3.893,183,,,,
850,7/23/2021 10:30,3.893,204.5,,,,
851,7/23/2021 10:45,3.998,215.3,,,,
852,7/23/2021 11:00,4.102,322.9,,,,
853,7/23/2021 11:15,4.207,269.1,,,,
854,7/23/2021 11:30,4.311,215.3,,,,
855,7/23/2021 11:45,4.415,430.6,,,,
856,7/23/2021 12:00,4.415,387.5,,,,
857,7/23/2021 12:15,4.519,204.5,,,,
858,7/23/2021 12:30,4.623,333.7,,,,
859,7/23/2021 12:45,4.623,398.3,,,,
860,7/23/2021 13:00,4.623,215.3,,,,
861,7/23/2021 13:15,4.727,355.2,,,,
862,7/23/2021 13:30,4.727,193.8,,,,
863,7/23/2021 13:45,4.727,215.3,,,,
864,7/23/2021 14:00,4.727,505.9,,,,
865,7/23/2021 14:15,4.831,290.6,,,,
866,7/23/2021 14:30,4.831,258.3,,,,
867,7/23/2021 14:45,4.934,258.3,,,,
868,7/23/2021 15:00,5.037,355.2,,,,
869,7/23/2021 15:15,5.037,290.6,,,,
870,7/23/2021 15:30,5.037,430.6,,,,
871,7/23/2021 15:45,5.037,322.9,,,,
872,7/23/2021 16:00,5.141,301.4,,,,
873,7/23/2021 16:15,5.244,366,,,,
874,7/23/2021 16:30,5.244,129.2,,,,
875,7/23/2021 16:45,5.244,150.7,,,,
876,7/23/2021 17:00,5.244,150.7,,,,
877,7/23/2021 17:15,5.244,150.7,,,,
878,7/23/2021 17:30,5.141,86.1,,,,
879,7/23/2021 17:45,5.141,53.8,,,,
880,7/23/2021 18:00,5.037,0,,,,
881,7/23/2021 18:15,5.037,0,,,,
882,7/23/2021 18:30,4.934,0,,,,
883,7/23/2021 18:45,4.934,0,,,,
884,7/23/2021 19:00,4.831,0,,,,
885,7/23/2021 19:15,4.831,0,,,,
886,7/23/2021 19:30,4.831,0,,,,
887,7/23/2021 19:45,4.727,0,,,,
888,7/23/2021 20:00,4.727,0,,,,
889,7/23/2021 20:15,4.727,0,,,,
890,7/23/2021 20:30,4.727,0,,,,
891,7/23/2021 20:45,4.623,0,,,,
892,7/23/2021 21:00,4.623,0,,,,
893,7/23/2021 21:15,4.623,0,,,,
894,7/23/2021 21:30,4.623,0,,,,
895,7/23/2021 21:45,4.519,0,,,,
896,7/23/2021 22:00,4.519,0,,,,
897,7/23/2021 22:15,4.519,0,,,,
898,7/23/2021 22:30,4.519,0,,,,
899,7/23/2021 22:45,4.519,0,,,,
900,7/23/2021 23:00,4.519,0,,,,
901,7/23/2021 23:15,4.415,0,,,,
902,7/23/2021 23:30,4.415,0,,,,
903,7/23/2021 23:45,4.415,0,,,,
904,7/24/2021 0:00,4.415,0,,,,
905,7/24/2021 0:15,4.415,0,,,,
906,7/24/2021 0:30,4.415,0,,,,
907,7/24/2021 0:45,4.415,0,,,,
908,7/24/2021 1:00,4.415,0,,,,
909,7/24/2021 1:15,4.415,0,,,,
910,7/24/2021 1:30,4.311,0,,,,
911,7/24/2021 1:45,4.311,0,,,,
912,7/24/2021 2:00,4.311,0,,,,
913,7/24/2021 2:15,4.311,0,,,,
914,7/24/2021 2:30,4.311,0,,,,
915,7/24/2021 2:45,4.311,0,,,,
916,7/24/2021 3:00,4.311,0,,,,
917,7/24/2021 3:15,4.311,0,,,,
918,7/24/2021 3:30,4.311,0,,,,
919,7/24/2021 3:45,4.207,0,,,,
920,7/24/2021 4:00,4.207,0,,,,
921,7/24/2021 4:15,4.207,0,,,,
922,7/24/2021 4:30,4.207,0,,,,
923,7/24/2021 4:45,4.207,0,,,,
924,7/24/2021 5:00,4.207,0,,,,
925,7/24/2021 5:15,4.207,0,,,,
926,7/24/2021 5:30,4.207,0,,,,
927,7/24/2021 5:45,4.207,0,,,,
928,7/24/2021 6:00,4.207,0,,,,
929,7/24/2021 6:15,4.207,0,,,,
930,7/24/2021 6:30,4.207,0,,,,
931,7/24/2021 6:45,4.207,10.8,,,,
932,7/24/2021 7:00,4.207,21.5,,,,
933,7/24/2021 7:15,4.207,32.3,,,,
934,7/24/2021 7:30,4.311,96.9,,,,
935,7/24/2021 7:45,4.311,204.5,,,,
936,7/24/2021 8:00,4.415,172.2,,,,
937,7/24/2021 8:15,4.519,183,,,,
938,7/24/2021 8:30,4.519,226,,,,
939,7/24/2021 8:45,4.623,226,,,,
940,7/24/2021 9:00,4.831,376.7,,,,
941,7/24/2021 9:15,4.934,290.6,,,,
942,7/24/2021 9:30,5.037,387.5,,,,
943,7/24/2021 9:45,5.141,419.8,,,,
944,7/24/2021 10:00,5.347,366,,,,
945,7/24/2021 10:15,5.45,462.9,,,,
946,7/24/2021 10:30,5.655,882.6,,,,
947,7/24/2021 10:45,5.86,441.3,,,,
948,7/24/2021 11:00,6.064,322.9,,,,
949,7/24/2021 11:15,6.268,322.9,,,,
950,7/24/2021 11:30,6.37,355.2,,,,
951,7/24/2021 11:45,6.471,559.7,,,,
952,7/24/2021 12:00,6.573,882.6,,,,
953,7/24/2021 12:15,6.877,958,,,,
954,7/24/2021 12:30,7.179,721.2,,,,
955,7/24/2021 12:45,7.481,322.9,,,,
956,7/24/2021 13:00,7.782,258.3,,,,
957,7/24/2021 13:15,7.882,549,,,,
958,7/24/2021 13:30,7.983,1463.9,,,,
959,7/24/2021 13:45,7.882,1237.9,,,,
960,7/24/2021 14:00,7.983,419.8,,,,
961,7/24/2021 14:15,7.983,258.3,,,,
962,7/24/2021 14:30,7.882,236.8,,,,
963,7/24/2021 14:45,7.882,215.3,,,,
964,7/24/2021 15:00,7.983,355.2,,,,
965,7/24/2021 15:15,7.983,290.6,,,,
966,7/24/2021 15:30,8.082,150.7,,,,
967,7/24/2021 15:45,8.082,161.5,,,,
968,7/24/2021 16:00,8.082,129.2,,,,
969,7/24/2021 16:15,8.082,258.3,,,,
970,7/24/2021 16:30,8.082,161.5,,,,
971,7/24/2021 16:45,7.983,355.2,,,,
972,7/24/2021 17:00,7.882,64.6,,,,
973,7/24/2021 17:15,7.782,21.5,,,,
974,7/24/2021 17:30,7.782,21.5,,,,
975,7/24/2021 17:45,7.682,10.8,,,,
976,7/24/2021 18:00,7.582,10.8,,,,
977,7/24/2021 18:15,7.481,0,,,,
978,7/24/2021 18:30,7.381,0,,,,
979,7/24/2021 18:45,7.179,0,,,,
980,7/24/2021 19:00,6.978,0,,,,
981,7/24/2021 19:15,6.877,0,,,,
982,7/24/2021 19:30,6.674,0,,,,
983,7/24/2021 19:45,6.674,0,,,,
984,7/24/2021 20:00,6.573,0,,,,
985,7/24/2021 20:15,6.573,0,,,,
986,7/24/2021 20:30,6.573,0,,,,
987,7/24/2021 20:45,6.573,0,,,,
988,7/24/2021 21:00,6.471,0,,,,
989,7/24/2021 21:15,6.471,0,,,,
990,7/24/2021 21:30,6.37,0,,,,
991,7/24/2021 21:45,6.37,0,,,,
992,7/24/2021 22:00,6.37,0,,,,
993,7/24/2021 22:15,6.37,0,,,,
994,7/24/2021 22:30,6.268,0,,,,
995,7/24/2021 22:45,6.268,0,,,,
996,7/24/2021 23:00,6.166,0,,,,
997,7/24/2021 23:15,6.166,0,,,,
998,7/24/2021 23:30,6.064,0,,,,
999,7/24/2021 23:45,6.064,0,,,,
1000,7/25/2021 0:00,5.962,0,,,,
1001,7/25/2021 0:15,5.962,0,,,,
1002,7/25/2021 0:30,5.962,0,,,,
1003,7/25/2021 0:45,5.86,0,,,,
1004,7/25/2021 1:00,5.86,0,,,,
1005,7/25/2021 1:15,5.86,0,,,,
1006,7/25/2021 1:30,5.757,0,,,,
1007,7/25/2021 1:45,5.757,0,,,,
1008,7/25/2021 2:00,5.757,0,,,,
1009,7/25/2021 2:15,5.757,0,,,,
1010,7/25/2021 2:30,5.655,0,,,,
1011,7/25/2021 2:45,5.655,0,,,,
1012,7/25/2021 3:00,5.655,0,,,,
1013,7/25/2021 3:15,5.655,0,,,,
1014,7/25/2021 3:30,5.552,0,,,,
1015,7/25/2021 3:45,5.552,0,,,,
1016,7/25/2021 4:00,5.552,0,,,,
1017,7/25/2021 4:15,5.45,0,,,,
1018,7/25/2021 4:30,5.45,0,,,,
1019,7/25/2021 4:45,5.45,0,,,,
1020,7/25/2021 5:00,5.45,0,,,,
1021,7/25/2021 5:15,5.347,0,,,,
1022,7/25/2021 5:30,5.347,0,,,,
1023,7/25/2021 5:45,5.347,0,,,,
1024,7/25/2021 6:00,5.347,0,,,,
1025,7/25/2021 6:15,5.244,0,,,,
1026,7/25/2021 6:30,5.244,0,,,,
1027,7/25/2021 6:45,5.141,53.8,,,,
1028,7/25/2021 7:00,5.244,96.9,,,,
1029,7/25/2021 7:15,5.244,150.7,,,,
1030,7/25/2021 7:30,5.347,215.3,,,,
1031,7/25/2021 7:45,5.347,236.8,,,,
1032,7/25/2021 8:00,5.45,139.9,,,,
1033,7/25/2021 8:15,5.552,355.2,,,,
1034,7/25/2021 8:30,5.655,161.5,,,,
1035,7/25/2021 8:45,5.757,226,,,,
1036,7/25/2021 9:00,5.86,301.4,,,,
1037,7/25/2021 9:15,5.962,1162.5,,,,
1038,7/25/2021 9:30,6.166,1054.9,,,,
1039,7/25/2021 9:45,6.37,1151.7,,,,
1040,7/25/2021 10:00,6.674,1808.3,,,,
1041,7/25/2021 10:15,6.877,721.2,,,,
1042,7/25/2021 10:30,7.179,559.7,,,,
1043,7/25/2021 10:45,7.381,549,,,,
1044,7/25/2021 11:00,7.682,1076.4,,,,
1045,7/25/2021 11:15,7.782,1108.7,,,,
1046,7/25/2021 11:30,7.983,1194.8,,,,
1047,7/25/2021 11:45,8.282,1270.1,,,,
1048,7/25/2021 12:00,8.382,904.2,,,,
1049,7/25/2021 12:15,8.68,785.8,,,,
1050,7/25/2021 12:30,9.176,2238.9,,,,
1051,7/25/2021 12:45,9.472,6200,,,,
1052,7/25/2021 13:00,9.866,2152.8,,,,
1053,7/25/2021 13:15,9.768,1463.9,,,,
1054,7/25/2021 13:30,9.768,667.4,,,,
1055,7/25/2021 13:45,9.965,581.3,,,,
1056,7/25/2021 14:00,10.161,688.9,,,,
1057,7/25/2021 14:15,10.161,344.4,,,,
1058,7/25/2021 14:30,10.259,430.6,,,,
1059,7/25/2021 14:45,10.357,1173.3,,,,
1060,7/25/2021 15:00,10.455,635.1,,,,
1061,7/25/2021 15:15,10.455,462.9,,,,
1062,7/25/2021 15:30,10.455,452.1,,,,
1063,7/25/2021 15:45,10.553,1550,,,,
1064,7/25/2021 16:00,10.553,602.8,,,,
1065,7/25/2021 16:15,10.455,1205.6,,,,
1066,7/25/2021 16:30,10.357,441.3,,,,
1067,7/25/2021 16:45,10.357,602.8,,,,
1068,7/25/2021 17:00,10.161,215.3,,,,
1069,7/25/2021 17:15,10.063,118.4,,,,
1070,7/25/2021 17:30,9.965,75.3,,,,
1071,7/25/2021 17:45,9.768,355.2,,,,
1072,7/25/2021 18:00,9.669,107.6,,,,
1073,7/25/2021 18:15,9.472,10.8,,,,
1074,7/25/2021 18:30,9.373,0,,,,
1075,7/25/2021 18:45,9.176,0,,,,
1076,7/25/2021 19:00,9.077,0,,,,
1077,7/25/2021 19:15,8.879,0,,,,
1078,7/25/2021 19:30,8.779,0,,,,
1079,7/25/2021 19:45,8.68,0,,,,
1080,7/25/2021 20:00,8.581,0,,,,
1081,7/25/2021 20:15,8.382,0,,,,
1082,7/25/2021 20:30,8.282,0,,,,
1083,7/25/2021 20:45,8.182,0,,,,
1084,7/25/2021 21:00,8.082,0,,,,
1085,7/25/2021 21:15,7.983,0,,,,
1086,7/25/2021 21:30,7.882,0,,,,
1087,7/25/2021 21:45,7.882,0,,,,
1088,7/25/2021 22:00,7.882,0,,,,
1089,7/25/2021 22:15,7.782,0,,,,
1090,7/25/2021 22:30,7.782,0,,,,
1091,7/25/2021 22:45,7.782,0,,,,
1092,7/25/2021 23:00,7.682,0,,,,
1093,7/25/2021 23:15,7.682,0,,,,
1094,7/25/2021 23:30,7.582,0,,,,
1095,7/25/2021 23:45,7.582,0,,,,
1096,7/26/2021 0:00,7.582,0,,,,
1097,7/26/2021 0:15,7.481,0,,,,
1098,7/26/2021 0:30,7.481,0,,,,
1099,7/26/2021 0:45,7.381,0,,,,
1100,7/26/2021 1:00,7.381,0,,,,
1101,7/26/2021 1:15,7.381,0,,,,
1102,7/26/2021 1:30,7.28,0,,,,
1103,7/26/2021 1:45,7.28,0,,,,
1104,7/26/2021 2:00,7.28,0,,,,
1105,7/26/2021 2:15,7.179,0,,,,
1106,7/26/2021 2:30,7.179,0,,,,
1107,7/26/2021 2:45,7.179,0,,,,
1108,7/26/2021 3:00,7.079,0,,,,
1109,7/26/2021 3:15,7.079,0,,,,
1110,7/26/2021 3:30,7.079,0,,,,
1111,7/26/2021 3:45,6.978,0,,,,
1112,7/26/2021 4:00,6.978,0,,,,
1113,7/26/2021 4:15,6.877,0,,,,
1114,7/26/2021 4:30,6.877,0,,,,
1115,7/26/2021 4:45,6.775,0,,,,
1116,7/26/2021 5:00,6.775,0,,,,
1117,7/26/2021 5:15,6.775,0,,,,
1118,7/26/2021 5:30,6.674,0,,,,
1119,7/26/2021 5:45,6.674,0,,,,
1120,7/26/2021 6:00,6.674,0,,,,
1121,7/26/2021 6:15,6.674,0,,,,
1122,7/26/2021 6:30,6.573,0,,,,
1123,7/26/2021 6:45,6.573,32.3,,,,
1124,7/26/2021 7:00,6.573,204.5,,,,
1125,7/26/2021 7:15,6.573,312.2,,,,
1126,7/26/2021 7:30,6.674,398.3,,,,
1127,7/26/2021 7:45,6.674,344.4,,,,
1128,7/26/2021 8:00,6.674,785.8,,,,
1129,7/26/2021 8:15,6.775,290.6,,,,
1130,7/26/2021 8:30,6.877,409,,,,
1131,7/26/2021 8:45,6.978,721.2,,,,
1132,7/26/2021 9:00,6.978,645.8,,,,
1133,7/26/2021 9:15,7.079,753.5,,,,
1134,7/26/2021 9:30,7.179,527.4,,,,
1135,7/26/2021 9:45,7.28,1808.3,,,,
1136,7/26/2021 10:00,7.381,1550,,,,
1137,7/26/2021 10:15,7.481,871.9,,,,
1138,7/26/2021 10:30,7.582,1636.1,,,,
1139,7/26/2021 10:45,7.682,1722.2,,,,
1140,7/26/2021 11:00,7.782,602.8,,,,
1141,7/26/2021 11:15,7.882,495.1,,,,
1142,7/26/2021 11:30,7.882,645.8,,,,
1143,7/26/2021 11:45,8.082,710.4,,,,
1144,7/26/2021 12:00,8.082,624.3,,,,
1145,7/26/2021 12:15,8.182,581.3,,,,
1146,7/26/2021 12:30,8.282,785.8,,,,
1147,7/26/2021 12:45,8.282,936.5,,,,
1148,7/26/2021 13:00,8.581,1248.6,,,,
1149,7/26/2021 13:15,8.581,818.1,,,,
1150,7/26/2021 13:30,8.68,1636.1,,,,
1151,7/26/2021 13:45,8.779,549,,,,
1152,7/26/2021 14:00,8.779,1356.3,,,,
1153,7/26/2021 14:15,8.879,785.8,,,,
1154,7/26/2021 14:30,9.077,2066.7,,,,
1155,7/26/2021 14:45,9.077,387.5,,,,
1156,7/26/2021 15:00,9.176,688.9,,,,
1157,7/26/2021 15:15,9.373,1259.4,,,,
1158,7/26/2021 15:30,9.472,1033.3,,,,
1159,7/26/2021 15:45,9.571,1377.8,,,,
1160,7/26/2021 16:00,9.571,1044.1,,,,
1161,7/26/2021 16:15,9.669,1205.6,,,,
1162,7/26/2021 16:30,9.669,1980.6,,,,
1163,7/26/2021 16:45,9.571,516.7,,,,
1164,7/26/2021 17:00,9.472,1001,,,,
1165,7/26/2021 17:15,9.472,398.3,,,,
1166,7/26/2021 17:30,9.373,667.4,,,,
1167,7/26/2021 17:45,9.275,441.3,,,,
1168,7/26/2021 18:00,9.176,64.6,,,,
1169,7/26/2021 18:15,9.077,0,,,,
1170,7/26/2021 18:30,8.978,0,,,,
1171,7/26/2021 18:45,8.779,0,,,,
1172,7/26/2021 19:00,8.68,0,,,,
1173,7/26/2021 19:15,8.481,0,,,,
1174,7/26/2021 19:30,8.382,0,,,,
1175,7/26/2021 19:45,8.282,0,,,,
1176,7/26/2021 20:00,8.182,0,,,,
1177,7/26/2021 20:15,8.082,0,,,,
1178,7/26/2021 20:30,8.082,0,,,,
1179,7/26/2021 20:45,7.983,0,,,,
1180,7/26/2021 21:00,7.882,0,,,,
1181,7/26/2021 21:15,7.882,0,,,,
1182,7/26/2021 21:30,7.782,0,,,,
1183,7/26/2021 21:45,7.682,0,,,,
1184,7/26/2021 22:00,7.682,0,,,,
1185,7/26/2021 22:15,7.582,0,,,,
1186,7/26/2021 22:30,7.582,0,,,,
1187,7/26/2021 22:45,7.481,0,,,,
1188,7/26/2021 23:00,7.481,0,,,,
1189,7/26/2021 23:15,7.381,0,,,,
1190,7/26/2021 23:30,7.381,0,,,,
1191,7/26/2021 23:45,7.381,0,,,,
1192,7/27/2021 0:00,7.28,0,,,,
1193,7/27/2021 0:15,7.28,0,,,,
1194,7/27/2021 0:30,7.179,0,,,,
1195,7/27/2021 0:45,7.179,0,,,,
1196,7/27/2021 1:00,7.179,0,,,,
1197,7/27/2021 1:15,7.079,0,,,,
1198,7/27/2021 1:30,7.079,0,,,,
1199,7/27/2021 1:45,7.079,0,,,,
1200,7/27/2021 2:00,7.079,0,,,,
1201,7/27/2021 2:15,6.978,0,,,,
1202,7/27/2021 2:30,6.978,0,,,,
1203,7/27/2021 2:45,6.978,0,,,,
1204,7/27/2021 3:00,6.978,0,,,,
1205,7/27/2021 3:15,6.877,0,,,,
1206,7/27/2021 3:30,6.877,0,,,,
1207,7/27/2021 3:45,6.877,0,,,,
1208,7/27/2021 4:00,6.877,0,,,,
1209,7/27/2021 4:15,6.775,0,,,,
1210,7/27/2021 4:30,6.775,0,,,,
1211,7/27/2021 4:45,6.775,0,,,,
1212,7/27/2021 5:00,6.674,0,,,,
1213,7/27/2021 5:15,6.674,0,,,,
1214,7/27/2021 5:30,6.573,0,,,,
1215,7/27/2021 5:45,6.573,0,,,,
1216,7/27/2021 6:00,6.573,0,,,,
1217,7/27/2021 6:15,6.471,0,,,,
1218,7/27/2021 6:30,6.471,10.8,,,,
1219,7/27/2021 6:45,6.37,32.3,,,,
1220,7/27/2021 7:00,6.37,32.3,,,,
1221,7/27/2021 7:15,6.37,96.9,,,,
1222,7/27/2021 7:30,6.37,139.9,,,,
1223,7/27/2021 7:45,6.37,322.9,,,,
1224,7/27/2021 8:00,6.37,333.7,,,,
1225,7/27/2021 8:15,6.37,204.5,,,,
1226,7/27/2021 8:30,6.471,269.1,,,,
1227,7/27/2021 8:45,6.471,699.7,,,,
1228,7/27/2021 9:00,6.573,462.9,,,,
1229,7/27/2021 9:15,6.674,861.1,,,,
1230,7/27/2021 9:30,6.674,366,,,,
1231,7/27/2021 9:45,6.877,2152.8,,,,
1232,7/27/2021 10:00,6.877,807.3,,,,
1233,7/27/2021 10:15,6.978,1173.3,,,,
1234,7/27/2021 10:30,7.079,592,,,,
1235,7/27/2021 10:45,7.381,850.4,,,,
1236,7/27/2021 11:00,7.582,1463.9,,,,
1237,7/27/2021 11:04,,,Logged,,,
1238,7/27/2021 11:04,,,,Logged,,
1239,7/27/2021 11:04,,,,,Logged,Logged
