Plot Title: LUXarriba_04,,,,,,,
#,"Date Time, GMT-05:00",temp,"Intensity, Lux (LGR S/N: 10801151, SEN S/N: 10801151)",Coupler Attached (LGR S/N: 10801151),Host Connected (LGR S/N: 10801151),Stopped (LGR S/N: 10801151),End Of File (LGR S/N: 10801151)
1,7/14/2021 14:15,,60622.6,,,,
2,7/14/2021 14:30,,30311.3,,,,
3,7/14/2021 14:45,,57867,,,,
4,7/14/2021 15:00,,55111.5,,,,
5,7/14/2021 15:15,,170845.6,,,,
6,7/14/2021 15:30,,38578,,,,
7,7/14/2021 15:45,,34444.7,,,,
8,7/14/2021 16:00,,42711.4,,,,
9,7/14/2021 16:15,,33066.9,,,,
10,7/14/2021 16:30,,110223,,,,
11,7/14/2021 16:45,,52355.9,,,,
12,7/14/2021 17:00,,16533.4,,,,
13,7/14/2021 17:15,,22044.6,,,,
14,7/14/2021 17:30,,2497.2,,,,
15,7/14/2021 17:45,,4133.4,,,,
16,7/14/2021 18:00,,2755.6,,,,
17,7/14/2021 18:15,,710.4,,,,
18,7/14/2021 18:30,,161.5,,,,
19,7/14/2021 18:45,,0,,,,
20,7/14/2021 19:00,,0,,,,
21,7/14/2021 19:15,,0,,,,
22,7/14/2021 19:30,,0,,,,
23,7/14/2021 19:45,,0,,,,
24,7/14/2021 20:00,,0,,,,
25,7/14/2021 20:15,,0,,,,
26,7/14/2021 20:30,,0,,,,
27,7/14/2021 20:45,,0,,,,
28,7/14/2021 21:00,,0,,,,
29,7/14/2021 21:15,,0,,,,
30,7/14/2021 21:30,,0,,,,
31,7/14/2021 21:45,,0,,,,
32,7/14/2021 22:00,,0,,,,
33,7/14/2021 22:15,,0,,,,
34,7/14/2021 22:30,,0,,,,
35,7/14/2021 22:45,,0,,,,
36,7/14/2021 23:00,,0,,,,
37,7/14/2021 23:15,,0,,,,
38,7/14/2021 23:30,,0,,,,
39,7/14/2021 23:45,,0,,,,
40,7/15/2021 0:00,,0,,,,
41,7/15/2021 0:15,,0,,,,
42,7/15/2021 0:30,,0,,,,
43,7/15/2021 0:45,,0,,,,
44,7/15/2021 1:00,,0,,,,
45,7/15/2021 1:15,,0,,,,
46,7/15/2021 1:30,,0,,,,
47,7/15/2021 1:45,,0,,,,
48,7/15/2021 2:00,,0,,,,
49,7/15/2021 2:15,,0,,,,
50,7/15/2021 2:30,,0,,,,
51,7/15/2021 2:45,,0,,,,
52,7/15/2021 3:00,,0,,,,
53,7/15/2021 3:15,,0,,,,
54,7/15/2021 3:30,,0,,,,
55,7/15/2021 3:45,,0,,,,
56,7/15/2021 4:00,,0,,,,
57,7/15/2021 4:15,,0,,,,
58,7/15/2021 4:30,,0,,,,
59,7/15/2021 4:45,,0,,,,
60,7/15/2021 5:00,,0,,,,
61,7/15/2021 5:15,,0,,,,
62,7/15/2021 5:30,,0,,,,
63,7/15/2021 5:45,,0,,,,
64,7/15/2021 6:00,,0,,,,
65,7/15/2021 6:15,,258.3,,,,
66,7/15/2021 6:30,,796.5,,,,
67,7/15/2021 6:45,,1722.2,,,,
68,7/15/2021 7:00,,1808.3,,,,
69,7/15/2021 7:15,,3788.9,,,,
70,7/15/2021 7:30,,6200,,,,
71,7/15/2021 7:45,,17911.2,,,,
72,7/15/2021 8:00,,17222.3,,,,
73,7/15/2021 8:15,,19977.9,,,,
74,7/15/2021 8:30,,16533.4,,,,
75,7/15/2021 8:45,,27555.7,,,,
76,7/15/2021 9:00,,24800.2,,,,
77,7/15/2021 9:15,,24800.2,,,,
78,7/15/2021 9:30,,26178,,,,
79,7/15/2021 9:45,,34444.7,,,,
80,7/15/2021 10:00,,35822.5,,,,
81,7/15/2021 10:15,,176356.7,,,,
82,7/15/2021 10:30,,104711.8,,,,
83,7/15/2021 10:45,,231468.2,,,,
84,7/15/2021 11:00,,242490.5,,,,
85,7/15/2021 11:15,,198401.3,,,,
86,7/15/2021 11:30,,231468.2,,,,
87,7/15/2021 11:45,,44089.2,,,,
88,7/15/2021 12:00,,220445.9,,,,
89,7/15/2021 12:15,,242490.5,,,,
90,7/15/2021 12:30,,264535.1,,,,
91,7/15/2021 12:45,,242490.5,,,,
92,7/15/2021 13:00,,253512.8,,,,
93,7/15/2021 13:15,,275557.4,,,,
94,7/15/2021 13:30,,275557.4,,,,
95,7/15/2021 13:45,,275557.4,,,,
96,7/15/2021 14:00,,85422.8,,,,
97,7/15/2021 14:15,,209423.6,,,,
98,7/15/2021 14:30,,88178.4,,,,
99,7/15/2021 14:45,,30311.3,,,,
100,7/15/2021 15:00,,21355.7,,,,
101,7/15/2021 15:15,,57867,,,,
102,7/15/2021 15:30,,27555.7,,,,
103,7/15/2021 15:45,,31689.1,,,,
104,7/15/2021 16:00,,49600.3,,,,
105,7/15/2021 16:15,,13777.9,,,,
106,7/15/2021 16:30,,26178,,,,
107,7/15/2021 16:45,,20666.8,,,,
108,7/15/2021 17:00,,6200,,,,
109,7/15/2021 17:15,,4822.3,,,,
110,7/15/2021 17:30,,3961.1,,,,
111,7/15/2021 17:45,,5166.7,,,,
112,7/15/2021 18:00,,914.9,,,,
113,7/15/2021 18:15,,258.3,,,,
114,7/15/2021 18:30,,43.1,,,,
115,7/15/2021 18:45,,0,,,,
116,7/15/2021 19:00,,0,,,,
117,7/15/2021 19:15,,0,,,,
118,7/15/2021 19:30,,0,,,,
119,7/15/2021 19:45,,0,,,,
120,7/15/2021 20:00,,0,,,,
121,7/15/2021 20:15,,0,,,,
122,7/15/2021 20:30,,0,,,,
123,7/15/2021 20:45,,0,,,,
124,7/15/2021 21:00,,0,,,,
125,7/15/2021 21:15,,0,,,,
126,7/15/2021 21:30,,0,,,,
127,7/15/2021 21:45,,0,,,,
128,7/15/2021 22:00,,0,,,,
129,7/15/2021 22:15,,0,,,,
130,7/15/2021 22:30,,0,,,,
131,7/15/2021 22:45,,0,,,,
132,7/15/2021 23:00,,0,,,,
133,7/15/2021 23:15,,0,,,,
134,7/15/2021 23:30,,0,,,,
135,7/15/2021 23:45,,0,,,,
136,7/16/2021 0:00,,0,,,,
137,7/16/2021 0:15,,0,,,,
138,7/16/2021 0:30,,0,,,,
139,7/16/2021 0:45,,0,,,,
140,7/16/2021 1:00,,0,,,,
141,7/16/2021 1:15,,0,,,,
142,7/16/2021 1:30,,0,,,,
143,7/16/2021 1:45,,0,,,,
144,7/16/2021 2:00,,0,,,,
145,7/16/2021 2:15,,0,,,,
146,7/16/2021 2:30,,0,,,,
147,7/16/2021 2:45,,0,,,,
148,7/16/2021 3:00,,0,,,,
149,7/16/2021 3:15,,0,,,,
150,7/16/2021 3:30,,0,,,,
151,7/16/2021 3:45,,0,,,,
152,7/16/2021 4:00,,0,,,,
153,7/16/2021 4:15,,0,,,,
154,7/16/2021 4:30,,0,,,,
155,7/16/2021 4:45,,0,,,,
156,7/16/2021 5:00,,0,,,,
157,7/16/2021 5:15,,0,,,,
158,7/16/2021 5:30,,0,,,,
159,7/16/2021 5:45,,0,,,,
160,7/16/2021 6:00,,0,,,,
161,7/16/2021 6:15,,258.3,,,,
162,7/16/2021 6:30,,753.5,,,,
163,7/16/2021 6:45,,1894.5,,,,
164,7/16/2021 7:00,,2927.8,,,,
165,7/16/2021 7:15,,4650,,,,
166,7/16/2021 7:30,,8611.2,,,,
167,7/16/2021 7:45,,5511.1,,,,
168,7/16/2021 8:00,,11711.2,,,,
169,7/16/2021 8:15,,7577.8,,,,
170,7/16/2021 8:30,,9300.1,,,,
171,7/16/2021 8:45,,19977.9,,,,
172,7/16/2021 9:00,,9644.5,,,,
173,7/16/2021 9:15,,13777.9,,,,
174,7/16/2021 9:30,,12400.1,,,,
175,7/16/2021 9:45,,9300.1,,,,
176,7/16/2021 10:00,,17911.2,,,,
177,7/16/2021 10:15,,15844.5,,,,
178,7/16/2021 10:30,,14466.8,,,,
179,7/16/2021 10:45,,17222.3,,,,
180,7/16/2021 11:00,,15155.7,,,,
181,7/16/2021 11:15,,9644.5,,,,
182,7/16/2021 11:30,,17911.2,,,,
183,7/16/2021 11:45,,23422.4,,,,
184,7/16/2021 12:00,,20666.8,,,,
185,7/16/2021 12:15,,18600.1,,,,
186,7/16/2021 12:30,,27555.7,,,,
187,7/16/2021 12:45,,42711.4,,,,
188,7/16/2021 13:00,,14466.8,,,,
189,7/16/2021 13:15,,16533.4,,,,
190,7/16/2021 13:30,,18600.1,,,,
191,7/16/2021 13:45,,14466.8,,,,
192,7/16/2021 14:00,,242490.5,,,,
193,7/16/2021 14:15,,24800.2,,,,
194,7/16/2021 14:30,,16533.4,,,,
195,7/16/2021 14:45,,23422.4,,,,
196,7/16/2021 15:00,,28933.5,,,,
197,7/16/2021 15:15,,22044.6,,,,
198,7/16/2021 15:30,,13777.9,,,,
199,7/16/2021 15:45,,68889.3,,,,
200,7/16/2021 16:00,,176356.7,,,,
201,7/16/2021 16:15,,74400.5,,,,
202,7/16/2021 16:30,,9300.1,,,,
203,7/16/2021 16:45,,6544.5,,,,
204,7/16/2021 17:00,,44089.2,,,,
205,7/16/2021 17:15,,4477.8,,,,
206,7/16/2021 17:30,,8611.2,,,,
207,7/16/2021 17:45,,2927.8,,,,
208,7/16/2021 18:00,,4305.6,,,,
209,7/16/2021 18:15,,688.9,,,,
210,7/16/2021 18:30,,53.8,,,,
211,7/16/2021 18:45,,0,,,,
212,7/16/2021 19:00,,0,,,,
213,7/16/2021 19:15,,0,,,,
214,7/16/2021 19:30,,0,,,,
215,7/16/2021 19:45,,0,,,,
216,7/16/2021 20:00,,0,,,,
217,7/16/2021 20:15,,0,,,,
218,7/16/2021 20:30,,0,,,,
219,7/16/2021 20:45,,0,,,,
220,7/16/2021 21:00,,0,,,,
221,7/16/2021 21:15,,0,,,,
222,7/16/2021 21:30,,0,,,,
223,7/16/2021 21:45,,0,,,,
224,7/16/2021 22:00,,0,,,,
225,7/16/2021 22:15,,0,,,,
226,7/16/2021 22:30,,0,,,,
227,7/16/2021 22:45,,0,,,,
228,7/16/2021 23:00,,0,,,,
229,7/16/2021 23:15,,0,,,,
230,7/16/2021 23:30,,0,,,,
231,7/16/2021 23:45,,0,,,,
232,7/17/2021 0:00,,0,,,,
233,7/17/2021 0:15,,0,,,,
234,7/17/2021 0:30,,0,,,,
235,7/17/2021 0:45,,0,,,,
236,7/17/2021 1:00,,0,,,,
237,7/17/2021 1:15,,0,,,,
238,7/17/2021 1:30,,0,,,,
239,7/17/2021 1:45,,0,,,,
240,7/17/2021 2:00,,0,,,,
241,7/17/2021 2:15,,0,,,,
242,7/17/2021 2:30,,0,,,,
243,7/17/2021 2:45,,0,,,,
244,7/17/2021 3:00,,0,,,,
245,7/17/2021 3:15,,0,,,,
246,7/17/2021 3:30,,0,,,,
247,7/17/2021 3:45,,0,,,,
248,7/17/2021 4:00,,0,,,,
249,7/17/2021 4:15,,0,,,,
250,7/17/2021 4:30,,0,,,,
251,7/17/2021 4:45,,0,,,,
252,7/17/2021 5:00,,0,,,,
253,7/17/2021 5:15,,0,,,,
254,7/17/2021 5:30,,0,,,,
255,7/17/2021 5:45,,0,,,,
256,7/17/2021 6:00,,0,,,,
257,7/17/2021 6:15,,107.6,,,,
258,7/17/2021 6:30,,441.3,,,,
259,7/17/2021 6:45,,1162.5,,,,
260,7/17/2021 7:00,,1377.8,,,,
261,7/17/2021 7:15,,1377.8,,,,
262,7/17/2021 7:30,,4650,,,,
263,7/17/2021 7:45,,5511.1,,,,
264,7/17/2021 8:00,,13777.9,,,,
265,7/17/2021 8:15,,5511.1,,,,
266,7/17/2021 8:30,,7233.4,,,,
267,7/17/2021 8:45,,15844.5,,,,
268,7/17/2021 9:00,,6544.5,,,,
269,7/17/2021 9:15,,14466.8,,,,
270,7/17/2021 9:30,,15155.7,,,,
271,7/17/2021 9:45,,15844.5,,,,
272,7/17/2021 10:00,,37200.2,,,,
273,7/17/2021 10:15,,13089,,,,
274,7/17/2021 10:30,,16533.4,,,,
275,7/17/2021 10:45,,15844.5,,,,
276,7/17/2021 11:00,,15844.5,,,,
277,7/17/2021 11:15,,12400.1,,,,
278,7/17/2021 11:30,,35822.5,,,,
279,7/17/2021 11:45,,30311.3,,,,
280,7/17/2021 12:00,,26178,,,,
281,7/17/2021 12:15,,55111.5,,,,
282,7/17/2021 12:30,,46844.8,,,,
283,7/17/2021 12:45,,52355.9,,,,
284,7/17/2021 13:00,,44089.2,,,,
285,7/17/2021 13:15,,57867,,,,
286,7/17/2021 13:30,,44089.2,,,,
287,7/17/2021 13:45,,44089.2,,,,
288,7/17/2021 14:00,,41333.6,,,,
289,7/17/2021 14:15,,28933.5,,,,
290,7/17/2021 14:30,,46844.8,,,,
291,7/17/2021 14:45,,42711.4,,,,
292,7/17/2021 15:00,,17222.3,,,,
293,7/17/2021 15:15,,14466.8,,,,
294,7/17/2021 15:30,,24800.2,,,,
295,7/17/2021 15:45,,38578,,,,
296,7/17/2021 16:00,,33066.9,,,,
297,7/17/2021 16:15,,22044.6,,,,
298,7/17/2021 16:30,,11022.3,,,,
299,7/17/2021 16:45,,15155.7,,,,
300,7/17/2021 17:00,,16533.4,,,,
301,7/17/2021 17:15,,11022.3,,,,
302,7/17/2021 17:30,,4994.5,,,,
303,7/17/2021 17:45,,5511.1,,,,
304,7/17/2021 18:00,,2669.5,,,,
305,7/17/2021 18:15,,301.4,,,,
306,7/17/2021 18:30,,32.3,,,,
307,7/17/2021 18:45,,0,,,,
308,7/17/2021 19:00,,0,,,,
309,7/17/2021 19:15,,0,,,,
310,7/17/2021 19:30,,0,,,,
311,7/17/2021 19:45,,0,,,,
312,7/17/2021 20:00,,0,,,,
313,7/17/2021 20:15,,0,,,,
314,7/17/2021 20:30,,0,,,,
315,7/17/2021 20:45,,0,,,,
316,7/17/2021 21:00,,0,,,,
317,7/17/2021 21:15,,0,,,,
318,7/17/2021 21:30,,0,,,,
319,7/17/2021 21:45,,0,,,,
320,7/17/2021 22:00,,0,,,,
321,7/17/2021 22:15,,0,,,,
322,7/17/2021 22:30,,0,,,,
323,7/17/2021 22:45,,0,,,,
324,7/17/2021 23:00,,0,,,,
325,7/17/2021 23:15,,0,,,,
326,7/17/2021 23:30,,0,,,,
327,7/17/2021 23:45,,0,,,,
328,7/18/2021 0:00,,0,,,,
329,7/18/2021 0:15,,0,,,,
330,7/18/2021 0:30,,0,,,,
331,7/18/2021 0:45,,0,,,,
332,7/18/2021 1:00,,0,,,,
333,7/18/2021 1:15,,0,,,,
334,7/18/2021 1:30,,0,,,,
335,7/18/2021 1:45,,0,,,,
336,7/18/2021 2:00,,0,,,,
337,7/18/2021 2:15,,0,,,,
338,7/18/2021 2:30,,0,,,,
339,7/18/2021 2:45,,0,,,,
340,7/18/2021 3:00,,0,,,,
341,7/18/2021 3:15,,0,,,,
342,7/18/2021 3:30,,0,,,,
343,7/18/2021 3:45,,0,,,,
344,7/18/2021 4:00,,0,,,,
345,7/18/2021 4:15,,0,,,,
346,7/18/2021 4:30,,0,,,,
347,7/18/2021 4:45,,0,,,,
348,7/18/2021 5:00,,0,,,,
349,7/18/2021 5:15,,0,,,,
350,7/18/2021 5:30,,0,,,,
351,7/18/2021 5:45,,0,,,,
352,7/18/2021 6:00,,0,,,,
353,7/18/2021 6:15,,86.1,,,,
354,7/18/2021 6:30,,882.6,,,,
355,7/18/2021 6:45,,3272.2,,,,
356,7/18/2021 7:00,,4305.6,,,,
357,7/18/2021 7:15,,8611.2,,,,
358,7/18/2021 7:30,,5166.7,,,,
359,7/18/2021 7:45,,5166.7,,,,
360,7/18/2021 8:00,,4305.6,,,,
361,7/18/2021 8:15,,9644.5,,,,
362,7/18/2021 8:30,,17222.3,,,,
363,7/18/2021 8:45,,8611.2,,,,
364,7/18/2021 9:00,,9300.1,,,,
365,7/18/2021 9:15,,11711.2,,,,
366,7/18/2021 9:30,,13089,,,,
367,7/18/2021 9:45,,11022.3,,,,
368,7/18/2021 10:00,,20666.8,,,,
369,7/18/2021 10:15,,19289,,,,
370,7/18/2021 10:30,,21355.7,,,,
371,7/18/2021 10:45,,22044.6,,,,
372,7/18/2021 11:00,,20666.8,,,,
373,7/18/2021 11:15,,20666.8,,,,
374,7/18/2021 11:30,,22044.6,,,,
375,7/18/2021 11:45,,20666.8,,,,
376,7/18/2021 12:00,,15844.5,,,,
377,7/18/2021 12:15,,30311.3,,,,
378,7/18/2021 12:30,,33066.9,,,,
379,7/18/2021 12:45,,28933.5,,,,
380,7/18/2021 13:00,,28933.5,,,,
381,7/18/2021 13:15,,21355.7,,,,
382,7/18/2021 13:30,,39955.8,,,,
383,7/18/2021 13:45,,49600.3,,,,
384,7/18/2021 14:00,,31689.1,,,,
385,7/18/2021 14:15,,22044.6,,,,
386,7/18/2021 14:30,,28933.5,,,,
387,7/18/2021 14:45,,19289,,,,
388,7/18/2021 15:00,,27555.7,,,,
389,7/18/2021 15:15,,24800.2,,,,
390,7/18/2021 15:30,,22044.6,,,,
391,7/18/2021 15:45,,10677.8,,,,
392,7/18/2021 16:00,,10333.4,,,,
393,7/18/2021 16:15,,12400.1,,,,
394,7/18/2021 16:30,,9300.1,,,,
395,7/18/2021 16:45,,10333.4,,,,
396,7/18/2021 17:00,,7233.4,,,,
397,7/18/2021 17:15,,2238.9,,,,
398,7/18/2021 17:30,,6544.5,,,,
399,7/18/2021 17:45,,1894.5,,,,
400,7/18/2021 18:00,,527.4,,,,
401,7/18/2021 18:15,,204.5,,,,
402,7/18/2021 18:30,,21.5,,,,
403,7/18/2021 18:45,,0,,,,
404,7/18/2021 19:00,,0,,,,
405,7/18/2021 19:15,,0,,,,
406,7/18/2021 19:30,,0,,,,
407,7/18/2021 19:45,,0,,,,
408,7/18/2021 20:00,,0,,,,
409,7/18/2021 20:15,,0,,,,
410,7/18/2021 20:30,,0,,,,
411,7/18/2021 20:45,,0,,,,
412,7/18/2021 21:00,,0,,,,
413,7/18/2021 21:15,,0,,,,
414,7/18/2021 21:30,,0,,,,
415,7/18/2021 21:45,,0,,,,
416,7/18/2021 22:00,,0,,,,
417,7/18/2021 22:15,,0,,,,
418,7/18/2021 22:30,,0,,,,
419,7/18/2021 22:45,,0,,,,
420,7/18/2021 23:00,,0,,,,
421,7/18/2021 23:15,,0,,,,
422,7/18/2021 23:30,,0,,,,
423,7/18/2021 23:45,,0,,,,
424,7/19/2021 0:00,,0,,,,
425,7/19/2021 0:15,,0,,,,
426,7/19/2021 0:30,,0,,,,
427,7/19/2021 0:45,,0,,,,
428,7/19/2021 1:00,,0,,,,
429,7/19/2021 1:15,,0,,,,
430,7/19/2021 1:30,,0,,,,
431,7/19/2021 1:45,,0,,,,
432,7/19/2021 2:00,,0,,,,
433,7/19/2021 2:15,,0,,,,
434,7/19/2021 2:30,,0,,,,
435,7/19/2021 2:45,,0,,,,
436,7/19/2021 3:00,,0,,,,
437,7/19/2021 3:15,,0,,,,
438,7/19/2021 3:30,,0,,,,
439,7/19/2021 3:45,,0,,,,
440,7/19/2021 4:00,,0,,,,
441,7/19/2021 4:15,,0,,,,
442,7/19/2021 4:30,,0,,,,
443,7/19/2021 4:45,,0,,,,
444,7/19/2021 5:00,,0,,,,
445,7/19/2021 5:15,,0,,,,
446,7/19/2021 5:30,,0,,,,
447,7/19/2021 5:45,,0,,,,
448,7/19/2021 6:00,,0,,,,
449,7/19/2021 6:15,,107.6,,,,
450,7/19/2021 6:30,,958,,,,
451,7/19/2021 6:45,,893.4,,,,
452,7/19/2021 7:00,,1808.3,,,,
453,7/19/2021 7:15,,5166.7,,,,
454,7/19/2021 7:30,,6200,,,,
455,7/19/2021 7:45,,6200,,,,
456,7/19/2021 8:00,,9300.1,,,,
457,7/19/2021 8:15,,9644.5,,,,
458,7/19/2021 8:30,,12400.1,,,,
459,7/19/2021 8:45,,16533.4,,,,
460,7/19/2021 9:00,,16533.4,,,,
461,7/19/2021 9:15,,11022.3,,,,
462,7/19/2021 9:30,,20666.8,,,,
463,7/19/2021 9:45,,15155.7,,,,
464,7/19/2021 10:00,,24800.2,,,,
465,7/19/2021 10:15,,31689.1,,,,
466,7/19/2021 10:30,,28933.5,,,,
467,7/19/2021 10:45,,22044.6,,,,
468,7/19/2021 11:00,,28933.5,,,,
469,7/19/2021 11:15,,37200.2,,,,
470,7/19/2021 11:30,,63378.2,,,,
471,7/19/2021 11:45,,30311.3,,,,
472,7/19/2021 12:00,,42711.4,,,,
473,7/19/2021 12:15,,49600.3,,,,
474,7/19/2021 12:30,,37200.2,,,,
475,7/19/2021 12:45,,46844.8,,,,
476,7/19/2021 13:00,,39955.8,,,,
477,7/19/2021 13:15,,33066.9,,,,
478,7/19/2021 13:30,,24800.2,,,,
479,7/19/2021 13:45,,28933.5,,,,
480,7/19/2021 14:00,,28933.5,,,,
481,7/19/2021 14:15,,28933.5,,,,
482,7/19/2021 14:30,,33066.9,,,,
483,7/19/2021 14:45,,14466.8,,,,
484,7/19/2021 15:00,,12400.1,,,,
485,7/19/2021 15:15,,13089,,,,
486,7/19/2021 15:30,,21355.7,,,,
487,7/19/2021 15:45,,18600.1,,,,
488,7/19/2021 16:00,,15155.7,,,,
489,7/19/2021 16:15,,9300.1,,,,
490,7/19/2021 16:30,,13089,,,,
491,7/19/2021 16:45,,12400.1,,,,
492,7/19/2021 17:00,,14466.8,,,,
493,7/19/2021 17:15,,6544.5,,,,
494,7/19/2021 17:30,,10333.4,,,,
495,7/19/2021 17:45,,3272.2,,,,
496,7/19/2021 18:00,,3272.2,,,,
497,7/19/2021 18:15,,1022.6,,,,
498,7/19/2021 18:30,,43.1,,,,
499,7/19/2021 18:45,,0,,,,
500,7/19/2021 19:00,,0,,,,
501,7/19/2021 19:15,,0,,,,
502,7/19/2021 19:30,,0,,,,
503,7/19/2021 19:45,,0,,,,
504,7/19/2021 20:00,,0,,,,
505,7/19/2021 20:15,,0,,,,
506,7/19/2021 20:30,,0,,,,
507,7/19/2021 20:45,,0,,,,
508,7/19/2021 21:00,,0,,,,
509,7/19/2021 21:15,,0,,,,
510,7/19/2021 21:30,,0,,,,
511,7/19/2021 21:45,,0,,,,
512,7/19/2021 22:00,,0,,,,
513,7/19/2021 22:15,,0,,,,
514,7/19/2021 22:30,,0,,,,
515,7/19/2021 22:45,,0,,,,
516,7/19/2021 23:00,,0,,,,
517,7/19/2021 23:15,,0,,,,
518,7/19/2021 23:30,,0,,,,
519,7/19/2021 23:45,,0,,,,
520,7/20/2021 0:00,,0,,,,
521,7/20/2021 0:15,,0,,,,
522,7/20/2021 0:30,,0,,,,
523,7/20/2021 0:45,,0,,,,
524,7/20/2021 1:00,,0,,,,
525,7/20/2021 1:15,,0,,,,
526,7/20/2021 1:30,,0,,,,
527,7/20/2021 1:45,,0,,,,
528,7/20/2021 2:00,,0,,,,
529,7/20/2021 2:15,,0,,,,
530,7/20/2021 2:30,,0,,,,
531,7/20/2021 2:45,,0,,,,
532,7/20/2021 3:00,,0,,,,
533,7/20/2021 3:15,,0,,,,
534,7/20/2021 3:30,,0,,,,
535,7/20/2021 3:45,,0,,,,
536,7/20/2021 4:00,,0,,,,
537,7/20/2021 4:15,,0,,,,
538,7/20/2021 4:30,,0,,,,
539,7/20/2021 4:45,,0,,,,
540,7/20/2021 5:00,,0,,,,
541,7/20/2021 5:15,,0,,,,
542,7/20/2021 5:30,,0,,,,
543,7/20/2021 5:45,,0,,,,
544,7/20/2021 6:00,,0,,,,
545,7/20/2021 6:15,,107.6,,,,
546,7/20/2021 6:30,,366,,,,
547,7/20/2021 6:45,,1141,,,,
548,7/20/2021 7:00,,2238.9,,,,
549,7/20/2021 7:15,,5166.7,,,,
550,7/20/2021 7:30,,3961.1,,,,
551,7/20/2021 7:45,,6200,,,,
552,7/20/2021 8:00,,5511.1,,,,
553,7/20/2021 8:15,,8611.2,,,,
554,7/20/2021 8:30,,14466.8,,,,
555,7/20/2021 8:45,,13777.9,,,,
556,7/20/2021 9:00,,17222.3,,,,
557,7/20/2021 9:15,,15844.5,,,,
558,7/20/2021 9:30,,17222.3,,,,
559,7/20/2021 9:45,,24800.2,,,,
560,7/20/2021 10:00,,19289,,,,
561,7/20/2021 10:15,,22044.6,,,,
562,7/20/2021 10:30,,26178,,,,
563,7/20/2021 10:45,,24800.2,,,,
564,7/20/2021 11:00,,28933.5,,,,
565,7/20/2021 11:15,,35822.5,,,,
566,7/20/2021 11:30,,57867,,,,
567,7/20/2021 11:45,,34444.7,,,,
568,7/20/2021 12:00,,34444.7,,,,
569,7/20/2021 12:15,,49600.3,,,,
570,7/20/2021 12:30,,66133.8,,,,
571,7/20/2021 12:45,,52355.9,,,,
572,7/20/2021 13:00,,44089.2,,,,
573,7/20/2021 13:15,,57867,,,,
574,7/20/2021 13:30,,46844.8,,,,
575,7/20/2021 13:45,,187379,,,,
576,7/20/2021 14:00,,66133.8,,,,
577,7/20/2021 14:15,,30311.3,,,,
578,7/20/2021 14:30,,49600.3,,,,
579,7/20/2021 14:45,,24800.2,,,,
580,7/20/2021 15:00,,35822.5,,,,
581,7/20/2021 15:15,,33066.9,,,,
582,7/20/2021 15:30,,22044.6,,,,
583,7/20/2021 15:45,,44089.2,,,,
584,7/20/2021 16:00,,39955.8,,,,
585,7/20/2021 16:15,,39955.8,,,,
586,7/20/2021 16:30,,24800.2,,,,
587,7/20/2021 16:45,,28933.5,,,,
588,7/20/2021 17:00,,20666.8,,,,
589,7/20/2021 17:15,,12400.1,,,,
590,7/20/2021 17:30,,15844.5,,,,
591,7/20/2021 17:45,,11022.3,,,,
592,7/20/2021 18:00,,3961.1,,,,
593,7/20/2021 18:15,,1463.9,,,,
594,7/20/2021 18:30,,107.6,,,,
595,7/20/2021 18:45,,0,,,,
596,7/20/2021 19:00,,0,,,,
597,7/20/2021 19:15,,0,,,,
598,7/20/2021 19:30,,0,,,,
599,7/20/2021 19:45,,0,,,,
600,7/20/2021 20:00,,0,,,,
601,7/20/2021 20:15,,0,,,,
602,7/20/2021 20:30,,0,,,,
603,7/20/2021 20:45,,0,,,,
604,7/20/2021 21:00,,0,,,,
605,7/20/2021 21:15,,0,,,,
606,7/20/2021 21:30,,0,,,,
607,7/20/2021 21:45,,0,,,,
608,7/20/2021 22:00,,0,,,,
609,7/20/2021 22:15,,0,,,,
610,7/20/2021 22:30,,0,,,,
611,7/20/2021 22:45,,0,,,,
612,7/20/2021 23:00,,0,,,,
613,7/20/2021 23:15,,0,,,,
614,7/20/2021 23:30,,0,,,,
615,7/20/2021 23:45,,0,,,,
616,7/21/2021 0:00,,0,,,,
617,7/21/2021 0:15,,0,,,,
618,7/21/2021 0:30,,0,,,,
619,7/21/2021 0:45,,0,,,,
620,7/21/2021 1:00,,0,,,,
621,7/21/2021 1:15,,0,,,,
622,7/21/2021 1:30,,0,,,,
623,7/21/2021 1:45,,0,,,,
624,7/21/2021 2:00,,0,,,,
625,7/21/2021 2:15,,0,,,,
626,7/21/2021 2:30,,0,,,,
627,7/21/2021 2:45,,0,,,,
628,7/21/2021 3:00,,0,,,,
629,7/21/2021 3:15,,0,,,,
630,7/21/2021 3:30,,0,,,,
631,7/21/2021 3:45,,0,,,,
632,7/21/2021 4:00,,0,,,,
633,7/21/2021 4:15,,0,,,,
634,7/21/2021 4:30,,0,,,,
635,7/21/2021 4:45,,0,,,,
636,7/21/2021 5:00,,0,,,,
637,7/21/2021 5:15,,0,,,,
638,7/21/2021 5:30,,0,,,,
639,7/21/2021 5:45,,0,,,,
640,7/21/2021 6:00,,0,,,,
641,7/21/2021 6:15,,107.6,,,,
642,7/21/2021 6:30,,269.1,,,,
643,7/21/2021 6:45,,914.9,,,,
644,7/21/2021 7:00,,2325,,,,
645,7/21/2021 7:15,,4305.6,,,,
646,7/21/2021 7:30,,3100,,,,
647,7/21/2021 7:45,,4650,,,,
648,7/21/2021 8:00,,9644.5,,,,
649,7/21/2021 8:15,,9644.5,,,,
650,7/21/2021 8:30,,8611.2,,,,
651,7/21/2021 8:45,,23422.4,,,,
652,7/21/2021 9:00,,20666.8,,,,
653,7/21/2021 9:15,,30311.3,,,,
654,7/21/2021 9:30,,33066.9,,,,
655,7/21/2021 9:45,,27555.7,,,,
656,7/21/2021 10:00,,31689.1,,,,
657,7/21/2021 10:15,,28933.5,,,,
658,7/21/2021 10:30,,37200.2,,,,
659,7/21/2021 10:45,,39955.8,,,,
660,7/21/2021 11:00,,35822.5,,,,
661,7/21/2021 11:15,,39955.8,,,,
662,7/21/2021 11:30,,57867,,,,
663,7/21/2021 11:45,,104711.8,,,,
664,7/21/2021 12:00,,74400.5,,,,
665,7/21/2021 12:15,,159823.3,,,,
666,7/21/2021 12:30,,110223,,,,
667,7/21/2021 12:45,,115734.1,,,,
668,7/21/2021 13:00,,52355.9,,,,
669,7/21/2021 13:15,,52355.9,,,,
670,7/21/2021 13:30,,126756.4,,,,
671,7/21/2021 13:45,,88178.4,,,,
672,7/21/2021 14:00,,104711.8,,,,
673,7/21/2021 14:15,,42711.4,,,,
674,7/21/2021 14:30,,82667.2,,,,
675,7/21/2021 14:45,,44089.2,,,,
676,7/21/2021 15:00,,28933.5,,,,
677,7/21/2021 15:15,,34444.7,,,,
678,7/21/2021 15:30,,14466.8,,,,
679,7/21/2021 15:45,,11711.2,,,,
680,7/21/2021 16:00,,15155.7,,,,
681,7/21/2021 16:15,,10677.8,,,,
682,7/21/2021 16:30,,5166.7,,,,
683,7/21/2021 16:45,,6200,,,,
684,7/21/2021 17:00,,8266.7,,,,
685,7/21/2021 17:15,,9300.1,,,,
686,7/21/2021 17:30,,9300.1,,,,
687,7/21/2021 17:45,,2927.8,,,,
688,7/21/2021 18:00,,1722.2,,,,
689,7/21/2021 18:15,,139.9,,,,
690,7/21/2021 18:30,,32.3,,,,
691,7/21/2021 18:45,,0,,,,
692,7/21/2021 19:00,,0,,,,
693,7/21/2021 19:15,,0,,,,
694,7/21/2021 19:30,,0,,,,
695,7/21/2021 19:45,,0,,,,
696,7/21/2021 20:00,,0,,,,
697,7/21/2021 20:15,,0,,,,
698,7/21/2021 20:30,,0,,,,
699,7/21/2021 20:45,,0,,,,
700,7/21/2021 21:00,,0,,,,
701,7/21/2021 21:15,,0,,,,
702,7/21/2021 21:30,,0,,,,
703,7/21/2021 21:45,,0,,,,
704,7/21/2021 22:00,,0,,,,
705,7/21/2021 22:15,,0,,,,
706,7/21/2021 22:30,,0,,,,
707,7/21/2021 22:45,,0,,,,
708,7/21/2021 23:00,,0,,,,
709,7/21/2021 23:15,,0,,,,
710,7/21/2021 23:30,,0,,,,
711,7/21/2021 23:45,,0,,,,
712,7/22/2021 0:00,,0,,,,
713,7/22/2021 0:15,,0,,,,
714,7/22/2021 0:30,,0,,,,
715,7/22/2021 0:45,,0,,,,
716,7/22/2021 1:00,,0,,,,
717,7/22/2021 1:15,,0,,,,
718,7/22/2021 1:30,,0,,,,
719,7/22/2021 1:45,,0,,,,
720,7/22/2021 2:00,,0,,,,
721,7/22/2021 2:15,,0,,,,
722,7/22/2021 2:30,,0,,,,
723,7/22/2021 2:45,,0,,,,
724,7/22/2021 3:00,,0,,,,
725,7/22/2021 3:15,,0,,,,
726,7/22/2021 3:30,,0,,,,
727,7/22/2021 3:45,,0,,,,
728,7/22/2021 4:00,,0,,,,
729,7/22/2021 4:15,,0,,,,
730,7/22/2021 4:30,,0,,,,
731,7/22/2021 4:45,,0,,,,
732,7/22/2021 5:00,,0,,,,
733,7/22/2021 5:15,,0,,,,
734,7/22/2021 5:30,,0,,,,
735,7/22/2021 5:45,,0,,,,
736,7/22/2021 6:00,,0,,,,
737,7/22/2021 6:15,,32.3,,,,
738,7/22/2021 6:30,,215.3,,,,
739,7/22/2021 6:45,,549,,,,
740,7/22/2021 7:00,,861.1,,,,
741,7/22/2021 7:15,,1022.6,,,,
742,7/22/2021 7:30,,3100,,,,
743,7/22/2021 7:45,,4477.8,,,,
744,7/22/2021 8:00,,5511.1,,,,
745,7/22/2021 8:15,,5166.7,,,,
746,7/22/2021 8:30,,5166.7,,,,
747,7/22/2021 8:45,,6200,,,,
748,7/22/2021 9:00,,9644.5,,,,
749,7/22/2021 9:15,,8266.7,,,,
750,7/22/2021 9:30,,10333.4,,,,
751,7/22/2021 9:45,,7577.8,,,,
752,7/22/2021 10:00,,17911.2,,,,
753,7/22/2021 10:15,,19289,,,,
754,7/22/2021 10:30,,28933.5,,,,
755,7/22/2021 10:45,,20666.8,,,,
756,7/22/2021 11:00,,19977.9,,,,
757,7/22/2021 11:15,,13089,,,,
758,7/22/2021 11:30,,12400.1,,,,
759,7/22/2021 11:45,,17222.3,,,,
760,7/22/2021 12:00,,26178,,,,
761,7/22/2021 12:15,,8266.7,,,,
762,7/22/2021 12:30,,46844.8,,,,
763,7/22/2021 12:45,,24800.2,,,,
764,7/22/2021 13:00,,21355.7,,,,
765,7/22/2021 13:15,,17222.3,,,,
766,7/22/2021 13:30,,17222.3,,,,
767,7/22/2021 13:45,,23422.4,,,,
768,7/22/2021 14:00,,24800.2,,,,
769,7/22/2021 14:15,,11022.3,,,,
770,7/22/2021 14:30,,18600.1,,,,
771,7/22/2021 14:45,,38578,,,,
772,7/22/2021 15:00,,110223,,,,
773,7/22/2021 15:15,,16533.4,,,,
774,7/22/2021 15:30,,26178,,,,
775,7/22/2021 15:45,,22044.6,,,,
776,7/22/2021 16:00,,15155.7,,,,
777,7/22/2021 16:15,,23422.4,,,,
778,7/22/2021 16:30,,9300.1,,,,
779,7/22/2021 16:45,,49600.3,,,,
780,7/22/2021 17:00,,12400.1,,,,
781,7/22/2021 17:15,,4650,,,,
782,7/22/2021 17:30,,8266.7,,,,
783,7/22/2021 17:45,,4994.5,,,,
784,7/22/2021 18:00,,5166.7,,,,
785,7/22/2021 18:15,,355.2,,,,
786,7/22/2021 18:30,,21.5,,,,
787,7/22/2021 18:45,,0,,,,
788,7/22/2021 19:00,,0,,,,
789,7/22/2021 19:15,,0,,,,
790,7/22/2021 19:30,,0,,,,
791,7/22/2021 19:45,,0,,,,
792,7/22/2021 20:00,,0,,,,
793,7/22/2021 20:15,,0,,,,
794,7/22/2021 20:30,,0,,,,
795,7/22/2021 20:45,,0,,,,
796,7/22/2021 21:00,,0,,,,
797,7/22/2021 21:15,,0,,,,
798,7/22/2021 21:30,,0,,,,
799,7/22/2021 21:45,,0,,,,
800,7/22/2021 22:00,,0,,,,
801,7/22/2021 22:15,,0,,,,
802,7/22/2021 22:30,,0,,,,
803,7/22/2021 22:45,,0,,,,
804,7/22/2021 23:00,,0,,,,
805,7/22/2021 23:15,,0,,,,
806,7/22/2021 23:30,,0,,,,
807,7/22/2021 23:45,,0,,,,
808,7/23/2021 0:00,,0,,,,
809,7/23/2021 0:15,,0,,,,
810,7/23/2021 0:30,,0,,,,
811,7/23/2021 0:45,,0,,,,
812,7/23/2021 1:00,,0,,,,
813,7/23/2021 1:15,,0,,,,
814,7/23/2021 1:30,,0,,,,
815,7/23/2021 1:45,,0,,,,
816,7/23/2021 2:00,,0,,,,
817,7/23/2021 2:15,,0,,,,
818,7/23/2021 2:30,,0,,,,
819,7/23/2021 2:45,,0,,,,
820,7/23/2021 3:00,,0,,,,
821,7/23/2021 3:15,,0,,,,
822,7/23/2021 3:30,,0,,,,
823,7/23/2021 3:45,,0,,,,
824,7/23/2021 4:00,,0,,,,
825,7/23/2021 4:15,,0,,,,
826,7/23/2021 4:30,,0,,,,
827,7/23/2021 4:45,,0,,,,
828,7/23/2021 5:00,,0,,,,
829,7/23/2021 5:15,,0,,,,
830,7/23/2021 5:30,,0,,,,
831,7/23/2021 5:45,,0,,,,
832,7/23/2021 6:00,,0,,,,
833,7/23/2021 6:15,,86.1,,,,
834,7/23/2021 6:30,,215.3,,,,
835,7/23/2021 6:45,,753.5,,,,
836,7/23/2021 7:00,,936.5,,,,
837,7/23/2021 7:15,,914.9,,,,
838,7/23/2021 7:30,,2411.1,,,,
839,7/23/2021 7:45,,3100,,,,
840,7/23/2021 8:00,,4650,,,,
841,7/23/2021 8:15,,5166.7,,,,
842,7/23/2021 8:30,,6200,,,,
843,7/23/2021 8:45,,5166.7,,,,
844,7/23/2021 9:00,,9644.5,,,,
845,7/23/2021 9:15,,6200,,,,
846,7/23/2021 9:30,,4994.5,,,,
847,7/23/2021 9:45,,8611.2,,,,
848,7/23/2021 10:00,,14466.8,,,,
849,7/23/2021 10:15,,8266.7,,,,
850,7/23/2021 10:30,,12400.1,,,,
851,7/23/2021 10:45,,11711.2,,,,
852,7/23/2021 11:00,,15844.5,,,,
853,7/23/2021 11:15,,13089,,,,
854,7/23/2021 11:30,,16533.4,,,,
855,7/23/2021 11:45,,20666.8,,,,
856,7/23/2021 12:00,,16533.4,,,,
857,7/23/2021 12:15,,10677.8,,,,
858,7/23/2021 12:30,,17911.2,,,,
859,7/23/2021 12:45,,16533.4,,,,
860,7/23/2021 13:00,,11022.3,,,,
861,7/23/2021 13:15,,19977.9,,,,
862,7/23/2021 13:30,,9300.1,,,,
863,7/23/2021 13:45,,12400.1,,,,
864,7/23/2021 14:00,,19977.9,,,,
865,7/23/2021 14:15,,15844.5,,,,
866,7/23/2021 14:30,,13089,,,,
867,7/23/2021 14:45,,17911.2,,,,
868,7/23/2021 15:00,,14466.8,,,,
869,7/23/2021 15:15,,10333.4,,,,
870,7/23/2021 15:30,,22044.6,,,,
871,7/23/2021 15:45,,16533.4,,,,
872,7/23/2021 16:00,,14466.8,,,,
873,7/23/2021 16:15,,19289,,,,
874,7/23/2021 16:30,,6544.5,,,,
875,7/23/2021 16:45,,7577.8,,,,
876,7/23/2021 17:00,,8611.2,,,,
877,7/23/2021 17:15,,5166.7,,,,
878,7/23/2021 17:30,,5338.9,,,,
879,7/23/2021 17:45,,2583.4,,,,
880,7/23/2021 18:00,,549,,,,
881,7/23/2021 18:15,,193.8,,,,
882,7/23/2021 18:30,,10.8,,,,
883,7/23/2021 18:45,,0,,,,
884,7/23/2021 19:00,,0,,,,
885,7/23/2021 19:15,,0,,,,
886,7/23/2021 19:30,,0,,,,
887,7/23/2021 19:45,,0,,,,
888,7/23/2021 20:00,,0,,,,
889,7/23/2021 20:15,,0,,,,
890,7/23/2021 20:30,,0,,,,
891,7/23/2021 20:45,,0,,,,
892,7/23/2021 21:00,,0,,,,
893,7/23/2021 21:15,,0,,,,
894,7/23/2021 21:30,,0,,,,
895,7/23/2021 21:45,,0,,,,
896,7/23/2021 22:00,,0,,,,
897,7/23/2021 22:15,,0,,,,
898,7/23/2021 22:30,,0,,,,
899,7/23/2021 22:45,,0,,,,
900,7/23/2021 23:00,,0,,,,
901,7/23/2021 23:15,,0,,,,
902,7/23/2021 23:30,,0,,,,
903,7/23/2021 23:45,,0,,,,
904,7/24/2021 0:00,,0,,,,
905,7/24/2021 0:15,,0,,,,
906,7/24/2021 0:30,,0,,,,
907,7/24/2021 0:45,,0,,,,
908,7/24/2021 1:00,,0,,,,
909,7/24/2021 1:15,,0,,,,
910,7/24/2021 1:30,,0,,,,
911,7/24/2021 1:45,,0,,,,
912,7/24/2021 2:00,,0,,,,
913,7/24/2021 2:15,,0,,,,
914,7/24/2021 2:30,,0,,,,
915,7/24/2021 2:45,,0,,,,
916,7/24/2021 3:00,,0,,,,
917,7/24/2021 3:15,,0,,,,
918,7/24/2021 3:30,,0,,,,
919,7/24/2021 3:45,,0,,,,
920,7/24/2021 4:00,,0,,,,
921,7/24/2021 4:15,,0,,,,
922,7/24/2021 4:30,,0,,,,
923,7/24/2021 4:45,,0,,,,
924,7/24/2021 5:00,,0,,,,
925,7/24/2021 5:15,,0,,,,
926,7/24/2021 5:30,,0,,,,
927,7/24/2021 5:45,,0,,,,
928,7/24/2021 6:00,,0,,,,
929,7/24/2021 6:15,,32.3,,,,
930,7/24/2021 6:30,,516.7,,,,
931,7/24/2021 6:45,,1463.9,,,,
932,7/24/2021 7:00,,1550,,,,
933,7/24/2021 7:15,,2583.4,,,,
934,7/24/2021 7:30,,5166.7,,,,
935,7/24/2021 7:45,,9300.1,,,,
936,7/24/2021 8:00,,9300.1,,,,
937,7/24/2021 8:15,,12400.1,,,,
938,7/24/2021 8:30,,13777.9,,,,
939,7/24/2021 8:45,,14466.8,,,,
940,7/24/2021 9:00,,20666.8,,,,
941,7/24/2021 9:15,,17911.2,,,,
942,7/24/2021 9:30,,18600.1,,,,
943,7/24/2021 9:45,,23422.4,,,,
944,7/24/2021 10:00,,24800.2,,,,
945,7/24/2021 10:15,,26178,,,,
946,7/24/2021 10:30,,52355.9,,,,
947,7/24/2021 10:45,,33066.9,,,,
948,7/24/2021 11:00,,22044.6,,,,
949,7/24/2021 11:15,,27555.7,,,,
950,7/24/2021 11:30,,23422.4,,,,
951,7/24/2021 11:45,,38578,,,,
952,7/24/2021 12:00,,49600.3,,,,
953,7/24/2021 12:15,,46844.8,,,,
954,7/24/2021 12:30,,46844.8,,,,
955,7/24/2021 12:45,,26178,,,,
956,7/24/2021 13:00,,14466.8,,,,
957,7/24/2021 13:15,,20666.8,,,,
958,7/24/2021 13:30,,41333.6,,,,
959,7/24/2021 13:45,,35822.5,,,,
960,7/24/2021 14:00,,19289,,,,
961,7/24/2021 14:15,,19289,,,,
962,7/24/2021 14:30,,16533.4,,,,
963,7/24/2021 14:45,,18600.1,,,,
964,7/24/2021 15:00,,26178,,,,
965,7/24/2021 15:15,,18600.1,,,,
966,7/24/2021 15:30,,12400.1,,,,
967,7/24/2021 15:45,,9300.1,,,,
968,7/24/2021 16:00,,10333.4,,,,
969,7/24/2021 16:15,,15844.5,,,,
970,7/24/2021 16:30,,6200,,,,
971,7/24/2021 16:45,,18600.1,,,,
972,7/24/2021 17:00,,4305.6,,,,
973,7/24/2021 17:15,,2152.8,,,,
974,7/24/2021 17:30,,2152.8,,,,
975,7/24/2021 17:45,,1722.2,,,,
976,7/24/2021 18:00,,1894.5,,,,
977,7/24/2021 18:15,,925.7,,,,
978,7/24/2021 18:30,,64.6,,,,
979,7/24/2021 18:45,,0,,,,
980,7/24/2021 19:00,,0,,,,
981,7/24/2021 19:15,,0,,,,
982,7/24/2021 19:30,,0,,,,
983,7/24/2021 19:45,,0,,,,
984,7/24/2021 20:00,,0,,,,
985,7/24/2021 20:15,,0,,,,
986,7/24/2021 20:30,,0,,,,
987,7/24/2021 20:45,,0,,,,
988,7/24/2021 21:00,,0,,,,
989,7/24/2021 21:15,,0,,,,
990,7/24/2021 21:30,,0,,,,
991,7/24/2021 21:45,,0,,,,
992,7/24/2021 22:00,,0,,,,
993,7/24/2021 22:15,,0,,,,
994,7/24/2021 22:30,,0,,,,
995,7/24/2021 22:45,,0,,,,
996,7/24/2021 23:00,,0,,,,
997,7/24/2021 23:15,,0,,,,
998,7/24/2021 23:30,,0,,,,
999,7/24/2021 23:45,,0,,,,
1000,7/25/2021 0:00,,0,,,,
1001,7/25/2021 0:15,,0,,,,
1002,7/25/2021 0:30,,0,,,,
1003,7/25/2021 0:45,,0,,,,
1004,7/25/2021 1:00,,0,,,,
1005,7/25/2021 1:15,,0,,,,
1006,7/25/2021 1:30,,0,,,,
1007,7/25/2021 1:45,,0,,,,
1008,7/25/2021 2:00,,0,,,,
1009,7/25/2021 2:15,,0,,,,
1010,7/25/2021 2:30,,0,,,,
1011,7/25/2021 2:45,,0,,,,
1012,7/25/2021 3:00,,0,,,,
1013,7/25/2021 3:15,,0,,,,
1014,7/25/2021 3:30,,0,,,,
1015,7/25/2021 3:45,,0,,,,
1016,7/25/2021 4:00,,0,,,,
1017,7/25/2021 4:15,,0,,,,
1018,7/25/2021 4:30,,0,,,,
1019,7/25/2021 4:45,,0,,,,
1020,7/25/2021 5:00,,0,,,,
1021,7/25/2021 5:15,,0,,,,
1022,7/25/2021 5:30,,0,,,,
1023,7/25/2021 5:45,,0,,,,
1024,7/25/2021 6:00,,0,,,,
1025,7/25/2021 6:15,,139.9,,,,
1026,7/25/2021 6:30,,1205.6,,,,
1027,7/25/2021 6:45,,3616.7,,,,
1028,7/25/2021 7:00,,5338.9,,,,
1029,7/25/2021 7:15,,9300.1,,,,
1030,7/25/2021 7:30,,9300.1,,,,
1031,7/25/2021 7:45,,10333.4,,,,
1032,7/25/2021 8:00,,13777.9,,,,
1033,7/25/2021 8:15,,13777.9,,,,
1034,7/25/2021 8:30,,13089,,,,
1035,7/25/2021 8:45,,18600.1,,,,
1036,7/25/2021 9:00,,20666.8,,,,
1037,7/25/2021 9:15,,49600.3,,,,
1038,7/25/2021 9:30,,31689.1,,,,
1039,7/25/2021 9:45,,46844.8,,,,
1040,7/25/2021 10:00,,52355.9,,,,
1041,7/25/2021 10:15,,23422.4,,,,
1042,7/25/2021 10:30,,34444.7,,,,
1043,7/25/2021 10:45,,41333.6,,,,
1044,7/25/2021 11:00,,60622.6,,,,
1045,7/25/2021 11:15,,60622.6,,,,
1046,7/25/2021 11:30,,55111.5,,,,
1047,7/25/2021 11:45,,79911.6,,,,
1048,7/25/2021 12:00,,39955.8,,,,
1049,7/25/2021 12:15,,74400.5,,,,
1050,7/25/2021 12:30,,115734.1,,,,
1051,7/25/2021 12:45,,154312.1,,,,
1052,7/25/2021 13:00,,110223,,,,
1053,7/25/2021 13:15,,104711.8,,,,
1054,7/25/2021 13:30,,42711.4,,,,
1055,7/25/2021 13:45,,44089.2,,,,
1056,7/25/2021 14:00,,49600.3,,,,
1057,7/25/2021 14:15,,24800.2,,,,
1058,7/25/2021 14:30,,37200.2,,,,
1059,7/25/2021 14:45,,55111.5,,,,
1060,7/25/2021 15:00,,41333.6,,,,
1061,7/25/2021 15:15,,42711.4,,,,
1062,7/25/2021 15:30,,28933.5,,,,
1063,7/25/2021 15:45,,71644.9,,,,
1064,7/25/2021 16:00,,20666.8,,,,
1065,7/25/2021 16:15,,37200.2,,,,
1066,7/25/2021 16:30,,22044.6,,,,
1067,7/25/2021 16:45,,24800.2,,,,
1068,7/25/2021 17:00,,11022.3,,,,
1069,7/25/2021 17:15,,5511.1,,,,
1070,7/25/2021 17:30,,6200,,,,
1071,7/25/2021 17:45,,9300.1,,,,
1072,7/25/2021 18:00,,3444.5,,,,
1073,7/25/2021 18:15,,699.7,,,,
1074,7/25/2021 18:30,,86.1,,,,
1075,7/25/2021 18:45,,0,,,,
1076,7/25/2021 19:00,,0,,,,
1077,7/25/2021 19:15,,0,,,,
1078,7/25/2021 19:30,,0,,,,
1079,7/25/2021 19:45,,0,,,,
1080,7/25/2021 20:00,,0,,,,
1081,7/25/2021 20:15,,0,,,,
1082,7/25/2021 20:30,,0,,,,
1083,7/25/2021 20:45,,0,,,,
1084,7/25/2021 21:00,,0,,,,
1085,7/25/2021 21:15,,0,,,,
1086,7/25/2021 21:30,,0,,,,
1087,7/25/2021 21:45,,0,,,,
1088,7/25/2021 22:00,,0,,,,
1089,7/25/2021 22:15,,0,,,,
1090,7/25/2021 22:30,,0,,,,
1091,7/25/2021 22:45,,0,,,,
1092,7/25/2021 23:00,,0,,,,
1093,7/25/2021 23:15,,0,,,,
1094,7/25/2021 23:30,,0,,,,
1095,7/25/2021 23:45,,0,,,,
1096,7/26/2021 0:00,,0,,,,
1097,7/26/2021 0:15,,0,,,,
1098,7/26/2021 0:30,,0,,,,
1099,7/26/2021 0:45,,0,,,,
1100,7/26/2021 1:00,,0,,,,
1101,7/26/2021 1:15,,0,,,,
1102,7/26/2021 1:30,,0,,,,
1103,7/26/2021 1:45,,0,,,,
1104,7/26/2021 2:00,,0,,,,
1105,7/26/2021 2:15,,0,,,,
1106,7/26/2021 2:30,,0,,,,
1107,7/26/2021 2:45,,0,,,,
1108,7/26/2021 3:00,,0,,,,
1109,7/26/2021 3:15,,0,,,,
1110,7/26/2021 3:30,,0,,,,
1111,7/26/2021 3:45,,0,,,,
1112,7/26/2021 4:00,,0,,,,
1113,7/26/2021 4:15,,0,,,,
1114,7/26/2021 4:30,,0,,,,
1115,7/26/2021 4:45,,0,,,,
1116,7/26/2021 5:00,,0,,,,
1117,7/26/2021 5:15,,0,,,,
1118,7/26/2021 5:30,,0,,,,
1119,7/26/2021 5:45,,0,,,,
1120,7/26/2021 6:00,,0,,,,
1121,7/26/2021 6:15,,150.7,,,,
1122,7/26/2021 6:30,,559.7,,,,
1123,7/26/2021 6:45,,1550,,,,
1124,7/26/2021 7:00,,5166.7,,,,
1125,7/26/2021 7:15,,10677.8,,,,
1126,7/26/2021 7:30,,10333.4,,,,
1127,7/26/2021 7:45,,10333.4,,,,
1128,7/26/2021 8:00,,15155.7,,,,
1129,7/26/2021 8:15,,10677.8,,,,
1130,7/26/2021 8:30,,14466.8,,,,
1131,7/26/2021 8:45,,22044.6,,,,
1132,7/26/2021 9:00,,26178,,,,
1133,7/26/2021 9:15,,24800.2,,,,
1134,7/26/2021 9:30,,17222.3,,,,
1135,7/26/2021 9:45,,37200.2,,,,
1136,7/26/2021 10:00,,44089.2,,,,
1137,7/26/2021 10:15,,38578,,,,
1138,7/26/2021 10:30,,33066.9,,,,
1139,7/26/2021 10:45,,44089.2,,,,
1140,7/26/2021 11:00,,28933.5,,,,
1141,7/26/2021 11:15,,17911.2,,,,
1142,7/26/2021 11:30,,24800.2,,,,
1143,7/26/2021 11:45,,42711.4,,,,
1144,7/26/2021 12:00,,37200.2,,,,
1145,7/26/2021 12:15,,37200.2,,,,
1146,7/26/2021 12:30,,31689.1,,,,
1147,7/26/2021 12:45,,31689.1,,,,
1148,7/26/2021 13:00,,63378.2,,,,
1149,7/26/2021 13:15,,34444.7,,,,
1150,7/26/2021 13:30,,41333.6,,,,
1151,7/26/2021 13:45,,18600.1,,,,
1152,7/26/2021 14:00,,37200.2,,,,
1153,7/26/2021 14:15,,34444.7,,,,
1154,7/26/2021 14:30,,71644.9,,,,
1155,7/26/2021 14:45,,16533.4,,,,
1156,7/26/2021 15:00,,33066.9,,,,
1157,7/26/2021 15:15,,30311.3,,,,
1158,7/26/2021 15:30,,49600.3,,,,
1159,7/26/2021 15:45,,46844.8,,,,
1160,7/26/2021 16:00,,20666.8,,,,
1161,7/26/2021 16:15,,41333.6,,,,
1162,7/26/2021 16:30,,46844.8,,,,
1163,7/26/2021 16:45,,8611.2,,,,
1164,7/26/2021 17:00,,26178,,,,
1165,7/26/2021 17:15,,18600.1,,,,
1166,7/26/2021 17:30,,15844.5,,,,
1167,7/26/2021 17:45,,18600.1,,,,
1168,7/26/2021 18:00,,3100,,,,
1169,7/26/2021 18:15,,495.1,,,,
1170,7/26/2021 18:30,,86.1,,,,
1171,7/26/2021 18:45,,0,,,,
1172,7/26/2021 19:00,,0,,,,
1173,7/26/2021 19:15,,0,,,,
1174,7/26/2021 19:30,,0,,,,
1175,7/26/2021 19:45,,0,,,,
1176,7/26/2021 20:00,,0,,,,
1177,7/26/2021 20:15,,0,,,,
1178,7/26/2021 20:30,,0,,,,
1179,7/26/2021 20:45,,0,,,,
1180,7/26/2021 21:00,,0,,,,
1181,7/26/2021 21:15,,0,,,,
1182,7/26/2021 21:30,,0,,,,
1183,7/26/2021 21:45,,0,,,,
1184,7/26/2021 22:00,,0,,,,
1185,7/26/2021 22:15,,0,,,,
1186,7/26/2021 22:30,,0,,,,
1187,7/26/2021 22:45,,0,,,,
1188,7/26/2021 23:00,,0,,,,
1189,7/26/2021 23:15,,0,,,,
1190,7/26/2021 23:30,,0,,,,
1191,7/26/2021 23:45,,0,,,,
1192,7/27/2021 0:00,,0,,,,
1193,7/27/2021 0:15,,0,,,,
1194,7/27/2021 0:30,,0,,,,
1195,7/27/2021 0:45,,0,,,,
1196,7/27/2021 1:00,,0,,,,
1197,7/27/2021 1:15,,0,,,,
1198,7/27/2021 1:30,,0,,,,
1199,7/27/2021 1:45,,0,,,,
1200,7/27/2021 2:00,,0,,,,
1201,7/27/2021 2:15,,0,,,,
1202,7/27/2021 2:30,,0,,,,
1203,7/27/2021 2:45,,0,,,,
1204,7/27/2021 3:00,,0,,,,
1205,7/27/2021 3:15,,0,,,,
1206,7/27/2021 3:30,,0,,,,
1207,7/27/2021 3:45,,0,,,,
1208,7/27/2021 4:00,,0,,,,
1209,7/27/2021 4:15,,0,,,,
1210,7/27/2021 4:30,,0,,,,
1211,7/27/2021 4:45,,0,,,,
1212,7/27/2021 5:00,,0,,,,
1213,7/27/2021 5:15,,0,,,,
1214,7/27/2021 5:30,,0,,,,
1215,7/27/2021 5:45,,0,,,,
1216,7/27/2021 6:00,,0,,,,
1217,7/27/2021 6:15,,118.4,,,,
1218,7/27/2021 6:30,,344.4,,,,
1219,7/27/2021 6:45,,1237.9,,,,
1220,7/27/2021 7:00,,936.5,,,,
1221,7/27/2021 7:15,,2669.5,,,,
1222,7/27/2021 7:30,,4477.8,,,,
1223,7/27/2021 7:45,,6200,,,,
1224,7/27/2021 8:00,,6200,,,,
1225,7/27/2021 8:15,,8266.7,,,,
1226,7/27/2021 8:30,,6544.5,,,,
1227,7/27/2021 8:45,,16533.4,,,,
1228,7/27/2021 9:00,,15844.5,,,,
1229,7/27/2021 9:15,,26178,,,,
1230,7/27/2021 9:30,,18600.1,,,,
1231,7/27/2021 9:45,,38578,,,,
1232,7/27/2021 10:00,,22044.6,,,,
1233,7/27/2021 10:15,,33066.9,,,,
1234,7/27/2021 10:30,,28933.5,,,,
1235,7/27/2021 10:45,,49600.3,,,,
1236,7/27/2021 11:00,,60622.6,,,,
1237,7/27/2021 11:03,,,Logged,,,
1238,7/27/2021 11:03,,,,Logged,,
1239,7/27/2021 11:03,,,,,Logged,Logged
