Plot Title: DO_2,,,,,,,,
#,"Date Time, GMT-05:00","DO conc, mg/L (LGR S/N: 20645540, SEN S/N: 20645540)",Temp C,Coupler Attached (LGR S/N: 20645540),Host Connected (LGR S/N: 20645540),Coupler Detached (LGR S/N: 20645540),Stopped (LGR S/N: 20645540),End Of File (LGR S/N: 20645540)
1,7/18/2019 14:00,6.51,10.38,,,,,
2,7/18/2019 14:15,6.43,10.395,,,,,
3,7/18/2019 14:30,6.44,10.485,,,,,
4,7/18/2019 14:45,6.41,10.485,,,,,
5,7/18/2019 15:00,6.43,10.505,,,,,
6,7/18/2019 15:15,6.43,10.595,,,,,
7,7/18/2019 15:30,6.42,10.65,,,,,
8,7/18/2019 15:45,6.42,10.665,,,,,
9,7/18/2019 16:00,6.41,10.665,,,,,
10,7/18/2019 16:15,6.37,10.61,,,,,
11,7/18/2019 16:30,6.35,10.56,,,,,
12,7/18/2019 16:45,6.33,10.52,,,,,
13,7/18/2019 17:00,6.25,10.36,,,,,
14,7/18/2019 17:15,6.17,10.145,,,,,
15,7/18/2019 17:30,6.12,9.945,,,,,
16,7/18/2019 17:45,6.05,9.785,,,,,
17,7/18/2019 18:00,5.94,9.605,,,,,
18,7/18/2019 18:15,5.84,9.405,,,,,
19,7/18/2019 18:30,5.72,9.245,,,,,
20,7/18/2019 18:45,5.62,9.065,,,,,
21,7/18/2019 19:00,5.52,8.92,,,,,
22,7/18/2019 19:15,5.44,8.775,,,,,
23,7/18/2019 19:30,5.36,8.67,,,,,
24,7/18/2019 19:45,5.29,8.56,,,,,
25,7/18/2019 20:00,5.22,8.45,,,,,
26,7/18/2019 20:15,5.15,8.36,,,,,
27,7/18/2019 20:30,5.1,8.29,,,,,
28,7/18/2019 20:45,5.04,8.2,,,,,
29,7/18/2019 21:00,4.99,8.11,,,,,
30,7/18/2019 21:15,4.95,8.04,,,,,
31,7/18/2019 21:30,4.91,7.95,,,,,
32,7/18/2019 21:45,4.87,7.86,,,,,
33,7/18/2019 22:00,4.84,7.785,,,,,
34,7/18/2019 22:15,4.81,7.695,,,,,
35,7/18/2019 22:30,4.78,7.625,,,,,
36,7/18/2019 22:45,4.76,7.535,,,,,
37,7/18/2019 23:00,4.76,7.445,,,,,
38,7/18/2019 23:15,4.75,7.37,,,,,
39,7/18/2019 23:30,4.73,7.3,,,,,
40,7/18/2019 23:45,4.72,7.21,,,,,
41,7/19/2019 0:00,4.69,7.155,,,,,
42,7/19/2019 0:15,4.66,7.1,,,,,
43,7/19/2019 0:30,4.63,7.065,,,,,
44,7/19/2019 0:45,4.61,7.03,,,,,
45,7/19/2019 1:00,4.6,6.995,,,,,
46,7/19/2019 1:15,4.59,6.94,,,,,
47,7/19/2019 1:30,4.59,6.885,,,,,
48,7/19/2019 1:45,4.59,6.85,,,,,
49,7/19/2019 2:00,4.59,6.795,,,,,
50,7/19/2019 2:15,4.57,6.76,,,,,
51,7/19/2019 2:30,4.55,6.725,,,,,
52,7/19/2019 2:45,4.53,6.69,,,,,
53,7/19/2019 3:00,4.51,6.65,,,,,
54,7/19/2019 3:15,4.48,6.615,,,,,
55,7/19/2019 3:30,4.47,6.58,,,,,
56,7/19/2019 3:45,4.46,6.545,,,,,
57,7/19/2019 4:00,4.44,6.49,,,,,
58,7/19/2019 4:15,4.43,6.435,,,,,
59,7/19/2019 4:30,4.43,6.33,,,,,
60,7/19/2019 4:45,4.44,6.15,,,,,
61,7/19/2019 5:00,4.44,5.985,,,,,
62,7/19/2019 5:15,4.44,5.84,,,,,
63,7/19/2019 5:30,4.43,5.77,,,,,
64,7/19/2019 5:45,4.45,5.625,,,,,
65,7/19/2019 6:00,4.45,5.57,,,,,
66,7/19/2019 6:15,4.45,5.535,,,,,
67,7/19/2019 6:30,4.44,5.535,,,,,
68,7/19/2019 6:45,4.44,5.535,,,,,
69,7/19/2019 7:00,4.46,5.555,,,,,
70,7/19/2019 7:15,4.49,5.57,,,,,
71,7/19/2019 7:30,4.55,5.59,,,,,
72,7/19/2019 7:45,4.61,5.625,,,,,
73,7/19/2019 8:00,4.71,5.66,,,,,
74,7/19/2019 8:15,4.81,5.715,,,,,
75,7/19/2019 8:30,4.91,5.77,,,,,
76,7/19/2019 8:45,5,5.825,,,,,
77,7/19/2019 9:00,5.1,5.895,,,,,
78,7/19/2019 9:15,5.23,6.02,,,,,
79,7/19/2019 9:30,5.35,6.24,,,,,
80,7/19/2019 9:45,5.48,6.47,,,,,
81,7/19/2019 10:00,5.58,6.725,,,,,
82,7/19/2019 10:15,5.67,6.885,,,,,
83,7/19/2019 10:30,5.75,7.05,,,,,
84,7/19/2019 10:45,5.82,7.14,,,,,
85,7/19/2019 11:00,5.89,7.245,,,,,
86,7/19/2019 11:15,5.98,7.46,,,,,
87,7/19/2019 11:30,6.04,7.66,,,,,
88,7/19/2019 11:45,6.07,7.77,,,,,
89,7/19/2019 12:00,6.09,7.77,,,,,
90,7/19/2019 12:15,6.23,8.145,,,,,
91,7/19/2019 12:30,6.25,8.525,,,,,
92,7/19/2019 12:45,6.28,8.705,,,,,
93,7/19/2019 13:00,6.34,8.92,,,,,
94,7/19/2019 13:15,6.35,9.155,,,,,
95,7/19/2019 13:30,6.38,9.39,,,,,
96,7/19/2019 13:45,6.4,9.495,,,,,
97,7/19/2019 14:00,6.41,9.53,,,,,
98,7/19/2019 14:15,6.42,9.73,,,,,
99,7/19/2019 14:18,,,Logged,,,,
100,7/19/2019 14:18,,,,Logged,,,
101,7/19/2019 14:19,,,,,Logged,,
102,7/19/2019 14:30,6.28,10.415,,,,,
103,7/19/2019 14:45,6.36,9.945,,,,,
104,7/19/2019 15:00,6.34,9.785,,,,,
105,7/19/2019 15:15,6.32,9.605,,,,,
106,7/19/2019 15:30,6.33,9.495,,,,,
107,7/19/2019 15:45,6.32,9.425,,,,,
108,7/19/2019 16:00,6.3,9.315,,,,,
109,7/19/2019 16:15,6.29,9.19,,,,,
110,7/19/2019 16:30,6.27,9.08,,,,,
111,7/19/2019 16:45,6.24,8.975,,,,,
112,7/19/2019 17:00,6.22,8.85,,,,,
113,7/19/2019 17:15,6.14,8.705,,,,,
114,7/19/2019 17:30,6.07,8.58,,,,,
115,7/19/2019 17:45,6,8.435,,,,,
116,7/19/2019 18:00,5.93,8.31,,,,,
117,7/19/2019 18:15,5.85,8.18,,,,,
118,7/19/2019 18:30,5.75,8.055,,,,,
119,7/19/2019 18:45,5.65,7.93,,,,,
120,7/19/2019 19:00,5.56,7.82,,,,,
121,7/19/2019 19:15,5.48,7.73,,,,,
122,7/19/2019 19:30,5.39,7.64,,,,,
123,7/19/2019 19:45,5.33,7.55,,,,,
124,7/19/2019 20:00,5.28,7.48,,,,,
125,7/19/2019 20:15,5.24,7.41,,,,,
126,7/19/2019 20:30,5.19,7.335,,,,,
127,7/19/2019 20:45,5.15,7.265,,,,,
128,7/19/2019 21:00,5.11,7.21,,,,,
129,7/19/2019 21:15,5.07,7.155,,,,,
130,7/19/2019 21:30,5.03,7.12,,,,,
131,7/19/2019 21:45,4.98,7.085,,,,,
132,7/19/2019 22:00,4.94,7.05,,,,,
133,7/19/2019 22:15,4.92,7.03,,,,,
134,7/19/2019 22:30,4.91,6.975,,,,,
135,7/19/2019 22:45,4.9,6.94,,,,,
136,7/19/2019 23:00,4.89,6.885,,,,,
137,7/19/2019 23:15,4.95,6.85,,,,,
138,7/19/2019 23:30,5.05,6.78,,,,,
139,7/19/2019 23:45,5.1,6.725,,,,,
140,7/20/2019 0:00,5.09,6.67,,,,,
141,7/20/2019 0:15,5.05,6.615,,,,,
142,7/20/2019 0:30,5.02,6.6,,,,,
143,7/20/2019 0:45,4.98,6.545,,,,,
144,7/20/2019 1:00,4.96,6.51,,,,,
145,7/20/2019 1:15,4.94,6.49,,,,,
146,7/20/2019 1:30,4.92,6.455,,,,,
147,7/20/2019 1:45,4.91,6.42,,,,,
148,7/20/2019 2:00,4.9,6.38,,,,,
149,7/20/2019 2:15,4.89,6.345,,,,,
150,7/20/2019 2:30,4.9,6.31,,,,,
151,7/20/2019 2:45,4.9,6.275,,,,,
152,7/20/2019 3:00,4.95,6.24,,,,,
153,7/20/2019 3:15,4.94,6.2,,,,,
154,7/20/2019 3:30,4.95,6.15,,,,,
155,7/20/2019 3:45,4.95,6.11,,,,,
156,7/20/2019 4:00,4.94,6.06,,,,,
157,7/20/2019 4:15,4.96,6.02,,,,,
158,7/20/2019 4:30,4.95,5.985,,,,,
159,7/20/2019 4:45,4.95,5.95,,,,,
160,7/20/2019 5:00,4.98,5.915,,,,,
161,7/20/2019 5:15,5.04,5.86,,,,,
162,7/20/2019 5:30,5.05,5.825,,,,,
163,7/20/2019 5:45,5.1,5.79,,,,,
164,7/20/2019 6:00,5.17,5.735,,,,,
165,7/20/2019 6:15,5.25,5.68,,,,,
166,7/20/2019 6:30,5.32,5.625,,,,,
167,7/20/2019 6:45,5.37,5.57,,,,,
168,7/20/2019 7:00,5.37,5.57,,,,,
169,7/20/2019 7:15,5.38,5.59,,,,,
170,7/20/2019 7:30,5.45,5.59,,,,,
171,7/20/2019 7:45,5.51,5.59,,,,,
172,7/20/2019 8:00,5.57,5.61,,,,,
173,7/20/2019 8:15,5.67,5.645,,,,,
174,7/20/2019 8:30,5.78,5.715,,,,,
175,7/20/2019 8:45,5.87,5.825,,,,,
176,7/20/2019 9:00,5.95,5.915,,,,,
177,7/20/2019 9:15,6.02,5.985,,,,,
178,7/20/2019 9:30,6.11,6.06,,,,,
179,7/20/2019 9:45,6.21,6.15,,,,,
180,7/20/2019 10:00,6.28,6.255,,,,,
181,7/20/2019 10:15,6.36,6.345,,,,,
182,7/20/2019 10:30,6.45,6.47,,,,,
183,7/20/2019 10:45,6.51,6.6,,,,,
184,7/20/2019 11:00,6.59,6.725,,,,,
185,7/20/2019 11:15,6.66,6.905,,,,,
186,7/20/2019 11:30,6.73,7.14,,,,,
187,7/20/2019 11:45,6.79,7.32,,,,,
188,7/20/2019 12:00,6.84,7.48,,,,,
189,7/20/2019 12:15,6.89,7.66,,,,,
190,7/20/2019 12:30,6.92,7.84,,,,,
191,7/20/2019 12:45,6.94,7.965,,,,,
192,7/20/2019 13:00,6.95,8.09,,,,,
193,7/20/2019 13:15,6.95,8.2,,,,,
194,7/20/2019 13:30,6.99,8.27,,,,,
195,7/20/2019 13:45,7.01,8.435,,,,,
196,7/20/2019 14:00,7,8.525,,,,,
197,7/20/2019 14:15,7,8.58,,,,,
198,7/20/2019 14:30,7.01,8.67,,,,,
199,7/20/2019 14:45,7.03,8.775,,,,,
200,7/20/2019 15:00,7.01,8.85,,,,,
201,7/20/2019 15:15,7,8.865,,,,,
202,7/20/2019 15:30,7,8.85,,,,,
203,7/20/2019 15:45,6.99,8.865,,,,,
204,7/20/2019 16:00,6.96,8.85,,,,,
205,7/20/2019 16:15,6.95,8.81,,,,,
206,7/20/2019 16:30,6.94,8.795,,,,,
207,7/20/2019 16:45,6.91,8.705,,,,,
208,7/20/2019 17:00,6.87,8.615,,,,,
209,7/20/2019 17:15,6.84,8.525,,,,,
210,7/20/2019 17:30,6.81,8.45,,,,,
211,7/20/2019 17:45,6.77,8.36,,,,,
212,7/20/2019 18:00,6.71,8.255,,,,,
213,7/20/2019 18:15,6.62,8.145,,,,,
214,7/20/2019 18:30,6.51,8,,,,,
215,7/20/2019 18:45,6.41,7.875,,,,,
216,7/20/2019 19:00,6.31,7.77,,,,,
217,7/20/2019 19:15,6.22,7.66,,,,,
218,7/20/2019 19:30,6.13,7.55,,,,,
219,7/20/2019 19:45,6.06,7.46,,,,,
220,7/20/2019 20:00,5.98,7.37,,,,,
221,7/20/2019 20:15,5.92,7.3,,,,,
222,7/20/2019 20:30,5.85,7.21,,,,,
223,7/20/2019 20:45,5.79,7.14,,,,,
224,7/20/2019 21:00,5.74,7.085,,,,,
225,7/20/2019 21:15,5.69,7.01,,,,,
226,7/20/2019 21:30,5.64,6.94,,,,,
227,7/20/2019 21:45,5.59,6.885,,,,,
228,7/20/2019 22:00,5.54,6.83,,,,,
229,7/20/2019 22:15,5.5,6.78,,,,,
230,7/20/2019 22:30,5.46,6.74,,,,,
231,7/20/2019 22:45,5.42,6.67,,,,,
232,7/20/2019 23:00,5.37,6.635,,,,,
233,7/20/2019 23:15,5.34,6.58,,,,,
234,7/20/2019 23:30,5.32,6.525,,,,,
235,7/20/2019 23:45,5.3,6.47,,,,,
236,7/21/2019 0:00,5.28,6.42,,,,,
237,7/21/2019 0:15,5.25,6.38,,,,,
238,7/21/2019 0:30,5.24,6.33,,,,,
239,7/21/2019 0:45,5.24,6.29,,,,,
240,7/21/2019 1:00,5.22,6.24,,,,,
241,7/21/2019 1:15,5.2,6.2,,,,,
242,7/21/2019 1:30,5.19,6.165,,,,,
243,7/21/2019 1:45,5.19,6.13,,,,,
244,7/21/2019 2:00,5.16,6.11,,,,,
245,7/21/2019 2:15,5.15,6.095,,,,,
246,7/21/2019 2:30,5.14,6.06,,,,,
247,7/21/2019 2:45,5.14,6.02,,,,,
248,7/21/2019 3:00,5.13,5.985,,,,,
249,7/21/2019 3:15,5.13,5.97,,,,,
250,7/21/2019 3:30,5.12,5.93,,,,,
251,7/21/2019 3:45,5.13,5.915,,,,,
252,7/21/2019 4:00,5.12,5.88,,,,,
253,7/21/2019 4:15,5.11,5.86,,,,,
254,7/21/2019 4:30,5.1,5.825,,,,,
255,7/21/2019 4:45,5.09,5.79,,,,,
256,7/21/2019 5:00,5.08,5.77,,,,,
257,7/21/2019 5:15,5.08,5.75,,,,,
258,7/21/2019 5:30,5.08,5.715,,,,,
259,7/21/2019 5:45,5.09,5.7,,,,,
260,7/21/2019 6:00,5.09,5.66,,,,,
261,7/21/2019 6:15,5.08,5.645,,,,,
262,7/21/2019 6:30,5.1,5.625,,,,,
263,7/21/2019 6:45,5.11,5.61,,,,,
264,7/21/2019 7:00,5.14,5.59,,,,,
265,7/21/2019 7:15,5.2,5.59,,,,,
266,7/21/2019 7:30,5.28,5.59,,,,,
267,7/21/2019 7:45,5.36,5.61,,,,,
268,7/21/2019 8:00,5.45,5.645,,,,,
269,7/21/2019 8:15,5.57,5.7,,,,,
270,7/21/2019 8:30,5.67,5.75,,,,,
271,7/21/2019 8:45,5.77,5.805,,,,,
272,7/21/2019 9:00,5.9,5.95,,,,,
273,7/21/2019 9:15,6.01,6.11,,,,,
274,7/21/2019 9:30,6.13,6.31,,,,,
275,7/21/2019 9:45,6.24,6.51,,,,,
276,7/21/2019 10:00,6.33,6.705,,,,,
277,7/21/2019 10:15,6.41,6.885,,,,,
278,7/21/2019 10:30,6.49,7.085,,,,,
279,7/21/2019 10:45,6.56,7.28,,,,,
280,7/21/2019 11:00,6.63,7.515,,,,,
281,7/21/2019 11:15,6.69,7.715,,,,,
282,7/21/2019 11:30,6.74,7.91,,,,,
283,7/21/2019 11:45,6.77,8.11,,,,,
284,7/21/2019 12:00,6.8,8.255,,,,,
285,7/21/2019 12:15,6.81,8.27,,,,,
286,7/21/2019 12:30,6.84,8.29,,,,,
287,7/21/2019 12:45,6.86,8.345,,,,,
288,7/21/2019 13:00,6.88,8.45,,,,,
289,7/21/2019 13:15,6.9,8.65,,,,,
290,7/21/2019 13:30,6.9,8.865,,,,,
291,7/21/2019 13:45,6.9,9.045,,,,,
292,7/21/2019 14:00,6.92,9.335,,,,,
293,7/21/2019 14:15,6.91,9.675,,,,,
294,7/21/2019 14:30,6.88,9.89,,,,,
295,7/21/2019 14:45,6.89,10.07,,,,,
296,7/21/2019 15:00,6.83,10.18,,,,,
297,7/21/2019 15:15,6.83,10.145,,,,,
298,7/21/2019 15:30,6.8,10.18,,,,,
299,7/21/2019 15:45,6.75,10.09,,,,,
300,7/21/2019 16:00,6.73,9.965,,,,,
301,7/21/2019 16:15,6.74,9.91,,,,,
302,7/21/2019 16:30,6.7,9.84,,,,,
303,7/21/2019 16:45,6.69,9.73,,,,,
304,7/21/2019 17:00,6.68,9.66,,,,,
305,7/21/2019 17:15,6.65,9.57,,,,,
306,7/21/2019 17:30,6.62,9.46,,,,,
307,7/21/2019 17:45,6.53,9.335,,,,,
308,7/21/2019 18:00,6.44,9.17,,,,,
309,7/21/2019 18:15,6.33,9.03,,,,,
310,7/21/2019 18:30,6.24,8.865,,,,,
311,7/21/2019 18:45,6.13,8.705,,,,,
312,7/21/2019 19:00,6.06,8.56,,,,,
313,7/21/2019 19:15,5.97,8.435,,,,,
314,7/21/2019 19:30,5.89,8.31,,,,,
315,7/21/2019 19:45,5.81,8.2,,,,,
316,7/21/2019 20:00,5.75,8.075,,,,,
317,7/21/2019 20:15,5.68,7.965,,,,,
318,7/21/2019 20:30,5.63,7.84,,,,,
319,7/21/2019 20:45,5.56,7.75,,,,,
320,7/21/2019 21:00,5.51,7.64,,,,,
321,7/21/2019 21:15,5.46,7.57,,,,,
322,7/21/2019 21:30,5.41,7.48,,,,,
323,7/21/2019 21:45,5.36,7.41,,,,,
324,7/21/2019 22:00,5.32,7.32,,,,,
325,7/21/2019 22:15,5.29,7.245,,,,,
326,7/21/2019 22:30,5.25,7.175,,,,,
327,7/21/2019 22:45,5.22,7.1,,,,,
328,7/21/2019 23:00,5.18,7.03,,,,,
329,7/21/2019 23:15,5.15,6.96,,,,,
330,7/21/2019 23:30,5.11,6.905,,,,,
331,7/21/2019 23:45,5.09,6.85,,,,,
332,7/22/2019 0:00,5.06,6.815,,,,,
333,7/22/2019 0:15,5.04,6.76,,,,,
334,7/22/2019 0:30,5.03,6.705,,,,,
335,7/22/2019 0:45,5,6.65,,,,,
336,7/22/2019 1:00,4.97,6.615,,,,,
337,7/22/2019 1:15,4.95,6.56,,,,,
338,7/22/2019 1:30,4.93,6.525,,,,,
339,7/22/2019 1:45,4.91,6.49,,,,,
340,7/22/2019 2:00,4.89,6.455,,,,,
341,7/22/2019 2:15,4.86,6.42,,,,,
342,7/22/2019 2:30,4.84,6.38,,,,,
343,7/22/2019 2:45,4.83,6.345,,,,,
344,7/22/2019 3:00,4.8,6.33,,,,,
345,7/22/2019 3:15,4.78,6.29,,,,,
346,7/22/2019 3:30,4.76,6.275,,,,,
347,7/22/2019 3:45,4.73,6.24,,,,,
348,7/22/2019 4:00,4.71,6.22,,,,,
349,7/22/2019 4:15,4.69,6.2,,,,,
350,7/22/2019 4:30,4.68,6.165,,,,,
351,7/22/2019 4:45,4.68,6.13,,,,,
352,7/22/2019 5:00,4.68,6.095,,,,,
353,7/22/2019 5:15,4.7,6.06,,,,,
354,7/22/2019 5:30,4.71,6.04,,,,,
355,7/22/2019 5:45,4.7,6.005,,,,,
356,7/22/2019 6:00,4.7,5.97,,,,,
357,7/22/2019 6:15,4.7,5.93,,,,,
358,7/22/2019 6:30,4.74,5.895,,,,,
359,7/22/2019 6:45,4.76,5.86,,,,,
360,7/22/2019 7:00,4.77,5.86,,,,,
361,7/22/2019 7:15,4.81,5.86,,,,,
362,7/22/2019 7:30,4.91,5.895,,,,,
363,7/22/2019 7:45,5,5.93,,,,,
364,7/22/2019 8:00,5.11,5.97,,,,,
365,7/22/2019 8:15,5.22,6.005,,,,,
366,7/22/2019 8:30,5.32,6.06,,,,,
367,7/22/2019 8:45,5.48,6.165,,,,,
368,7/22/2019 9:00,5.61,6.365,,,,,
369,7/22/2019 9:15,5.72,6.49,,,,,
370,7/22/2019 9:30,5.85,6.65,,,,,
371,7/22/2019 9:45,5.96,6.815,,,,,
372,7/22/2019 10:00,6.06,6.975,,,,,
373,7/22/2019 10:15,6.16,7.12,,,,,
374,7/22/2019 10:30,6.23,7.3,,,,,
375,7/22/2019 10:45,6.31,7.445,,,,,
376,7/22/2019 11:00,6.37,7.57,,,,,
377,7/22/2019 11:15,6.44,7.73,,,,,
378,7/22/2019 11:30,6.5,7.91,,,,,
379,7/22/2019 11:45,6.53,8.055,,,,,
380,7/22/2019 12:00,6.57,8.18,,,,,
381,7/22/2019 12:15,6.62,8.29,,,,,
382,7/22/2019 12:30,6.65,8.47,,,,,
383,7/22/2019 12:45,6.69,8.63,,,,,
384,7/22/2019 13:00,6.7,8.76,,,,,
385,7/22/2019 13:15,6.72,8.92,,,,,
386,7/22/2019 13:30,6.71,8.955,,,,,
387,7/22/2019 13:45,6.74,9.065,,,,,
388,7/22/2019 14:00,6.79,9.28,,,,,
389,7/22/2019 14:15,6.77,9.495,,,,,
390,7/22/2019 14:30,6.73,9.66,,,,,
391,7/22/2019 14:45,6.74,9.71,,,,,
392,7/22/2019 15:00,6.76,10.02,,,,,
393,7/22/2019 15:15,6.71,10.125,,,,,
394,7/22/2019 15:30,6.69,10.09,,,,,
395,7/22/2019 15:45,6.68,10.02,,,,,
396,7/22/2019 16:00,6.65,9.965,,,,,
397,7/22/2019 16:15,6.61,9.89,,,,,
398,7/22/2019 16:30,6.54,9.8,,,,,
399,7/22/2019 16:45,6.48,9.675,,,,,
400,7/22/2019 17:00,6.45,9.585,,,,,
401,7/22/2019 17:15,6.38,9.46,,,,,
402,7/22/2019 17:30,6.32,9.335,,,,,
403,7/22/2019 17:45,6.26,9.225,,,,,
404,7/22/2019 18:00,6.18,9.1,,,,,
405,7/22/2019 18:15,6.09,8.99,,,,,
406,7/22/2019 18:30,5.98,8.885,,,,,
407,7/22/2019 18:45,5.89,8.775,,,,,
408,7/22/2019 19:00,5.79,8.67,,,,,
409,7/22/2019 19:15,5.71,8.56,,,,,
410,7/22/2019 19:30,5.64,8.47,,,,,
411,7/22/2019 19:45,5.57,8.38,,,,,
412,7/22/2019 20:00,5.51,8.29,,,,,
413,7/22/2019 20:15,5.45,8.22,,,,,
414,7/22/2019 20:30,5.38,8.145,,,,,
415,7/22/2019 20:45,5.33,8.09,,,,,
416,7/22/2019 21:00,5.26,8.02,,,,,
417,7/22/2019 21:15,5.22,7.965,,,,,
418,7/22/2019 21:30,5.17,7.895,,,,,
419,7/22/2019 21:45,5.2,7.785,,,,,
420,7/22/2019 22:00,5.25,7.68,,,,,
421,7/22/2019 22:15,5.34,7.59,,,,,
422,7/22/2019 22:30,5.43,7.48,,,,,
423,7/22/2019 22:45,5.36,7.425,,,,,
424,7/22/2019 23:00,5.3,7.41,,,,,
425,7/22/2019 23:15,5.26,7.355,,,,,
426,7/22/2019 23:30,5.19,7.32,,,,,
427,7/22/2019 23:45,5.13,7.28,,,,,
428,7/23/2019 0:00,5.09,7.23,,,,,
429,7/23/2019 0:15,5.04,7.19,,,,,
430,7/23/2019 0:30,4.99,7.155,,,,,
431,7/23/2019 0:45,4.96,7.1,,,,,
432,7/23/2019 1:00,4.94,7.065,,,,,
433,7/23/2019 1:15,4.91,7.03,,,,,
434,7/23/2019 1:30,4.89,6.975,,,,,
435,7/23/2019 1:45,4.88,6.94,,,,,
436,7/23/2019 2:00,4.85,6.885,,,,,
437,7/23/2019 2:15,4.83,6.85,,,,,
438,7/23/2019 2:30,4.81,6.795,,,,,
439,7/23/2019 2:45,4.8,6.74,,,,,
440,7/23/2019 3:00,4.79,6.705,,,,,
441,7/23/2019 3:15,4.78,6.67,,,,,
442,7/23/2019 3:30,4.76,6.615,,,,,
443,7/23/2019 3:45,4.76,6.56,,,,,
444,7/23/2019 4:00,4.76,6.525,,,,,
445,7/23/2019 4:15,4.76,6.47,,,,,
446,7/23/2019 4:30,4.76,6.435,,,,,
447,7/23/2019 4:45,4.76,6.4,,,,,
448,7/23/2019 5:00,4.76,6.365,,,,,
449,7/23/2019 5:15,4.75,6.33,,,,,
450,7/23/2019 5:30,4.74,6.29,,,,,
451,7/23/2019 5:45,4.73,6.255,,,,,
452,7/23/2019 6:00,4.73,6.22,,,,,
453,7/23/2019 6:15,4.73,6.185,,,,,
454,7/23/2019 6:30,4.74,6.15,,,,,
455,7/23/2019 6:45,4.74,6.11,,,,,
456,7/23/2019 7:00,4.75,6.075,,,,,
457,7/23/2019 7:15,4.78,6.06,,,,,
458,7/23/2019 7:30,4.83,6.06,,,,,
459,7/23/2019 7:45,4.94,6.095,,,,,
460,7/23/2019 8:00,5.03,6.11,,,,,
461,7/23/2019 8:15,5.14,6.15,,,,,
462,7/23/2019 8:30,5.34,6.185,,,,,
463,7/23/2019 8:45,5.48,6.22,,,,,
464,7/23/2019 9:00,5.64,6.255,,,,,
465,7/23/2019 9:15,5.83,6.255,,,,,
466,7/23/2019 9:30,6.01,6.255,,,,,
467,7/23/2019 9:45,6.15,6.29,,,,,
468,7/23/2019 10:00,6.26,6.345,,,,,
469,7/23/2019 10:15,6.38,6.38,,,,,
470,7/23/2019 10:30,6.47,6.435,,,,,
471,7/23/2019 10:45,6.54,6.525,,,,,
472,7/23/2019 11:00,6.66,6.67,,,,,
473,7/23/2019 11:15,6.74,7.065,,,,,
474,7/23/2019 11:30,6.8,7.32,,,,,
475,7/23/2019 11:45,6.83,7.515,,,,,
476,7/23/2019 12:00,6.83,7.515,,,,,
477,7/23/2019 12:15,6.87,7.5,,,,,
478,7/23/2019 12:25,,,,,Logged,,
479,7/23/2019 12:28,,,Logged,,,,
480,7/23/2019 12:28,,,,Logged,,,
481,7/23/2019 12:28,,,,,Logged,,
482,7/23/2019 12:30,6.62,8.9,,,,,
483,7/23/2019 12:45,6.94,7.86,,,,,
484,7/23/2019 13:00,7,7.875,,,,,
485,7/23/2019 13:15,7.02,8.11,,,,,
486,7/23/2019 13:30,7.06,8.29,,,,,
487,7/23/2019 13:45,7.08,8.49,,,,,
488,7/23/2019 14:00,7.08,8.685,,,,,
489,7/23/2019 14:15,7.08,8.83,,,,,
490,7/23/2019 14:30,7.08,8.885,,,,,
491,7/23/2019 14:45,7.08,8.885,,,,,
492,7/23/2019 15:00,7.07,8.92,,,,,
493,7/23/2019 15:15,7.05,8.865,,,,,
494,7/23/2019 15:30,7.03,8.81,,,,,
495,7/23/2019 15:45,7.03,8.76,,,,,
496,7/23/2019 16:00,7.01,8.705,,,,,
497,7/23/2019 16:15,6.99,8.65,,,,,
498,7/23/2019 16:30,6.96,8.615,,,,,
499,7/23/2019 16:45,6.91,8.56,,,,,
500,7/23/2019 17:00,6.87,8.505,,,,,
501,7/23/2019 17:15,6.82,8.415,,,,,
502,7/23/2019 17:30,6.77,8.345,,,,,
503,7/23/2019 17:45,6.71,8.255,,,,,
504,7/23/2019 18:00,6.63,8.165,,,,,
505,7/23/2019 18:15,6.54,8.075,,,,,
506,7/23/2019 18:30,6.46,7.965,,,,,
507,7/23/2019 18:45,6.36,7.875,,,,,
508,7/23/2019 19:00,6.25,7.785,,,,,
509,7/23/2019 19:15,6.15,7.715,,,,,
510,7/23/2019 19:30,6.07,7.64,,,,,
511,7/23/2019 19:45,6,7.59,,,,,
512,7/23/2019 20:00,5.91,7.515,,,,,
513,7/23/2019 20:15,5.84,7.46,,,,,
514,7/23/2019 20:30,5.77,7.41,,,,,
515,7/23/2019 20:45,5.76,7.32,,,,,
516,7/23/2019 21:00,5.74,7.245,,,,,
517,7/23/2019 21:15,5.71,7.175,,,,,
518,7/23/2019 21:30,5.66,7.14,,,,,
519,7/23/2019 21:45,5.63,7.085,,,,,
520,7/23/2019 22:00,5.59,7.03,,,,,
521,7/23/2019 22:15,5.54,6.995,,,,,
522,7/23/2019 22:30,5.5,6.96,,,,,
523,7/23/2019 22:45,5.47,6.905,,,,,
524,7/23/2019 23:00,5.46,6.85,,,,,
525,7/23/2019 23:15,5.45,6.795,,,,,
526,7/23/2019 23:30,5.43,6.74,,,,,
527,7/23/2019 23:45,5.38,6.705,,,,,
528,7/24/2019 0:00,5.34,6.65,,,,,
529,7/24/2019 0:15,5.31,6.615,,,,,
530,7/24/2019 0:30,5.32,6.56,,,,,
531,7/24/2019 0:45,5.32,6.51,,,,,
532,7/24/2019 1:00,5.3,6.455,,,,,
533,7/24/2019 1:15,5.32,6.42,,,,,
534,7/24/2019 1:30,5.31,6.365,,,,,
535,7/24/2019 1:45,5.29,6.33,,,,,
536,7/24/2019 2:00,5.25,6.29,,,,,
537,7/24/2019 2:15,5.23,6.275,,,,,
538,7/24/2019 2:30,5.22,6.24,,,,,
539,7/24/2019 2:45,5.2,6.2,,,,,
540,7/24/2019 3:00,5.19,6.185,,,,,
541,7/24/2019 3:15,5.16,6.165,,,,,
542,7/24/2019 3:30,5.13,6.13,,,,,
543,7/24/2019 3:45,5.11,6.11,,,,,
544,7/24/2019 4:00,5.1,6.095,,,,,
545,7/24/2019 4:15,5.09,6.075,,,,,
546,7/24/2019 4:30,5.09,6.06,,,,,
547,7/24/2019 4:45,5.1,6.02,,,,,
548,7/24/2019 5:00,5.09,6.005,,,,,
549,7/24/2019 5:15,5.08,5.97,,,,,
550,7/24/2019 5:30,5.07,5.95,,,,,
551,7/24/2019 5:45,5.07,5.93,,,,,
552,7/24/2019 6:00,5.08,5.915,,,,,
553,7/24/2019 6:15,5.1,5.88,,,,,
554,7/24/2019 6:30,5.1,5.86,,,,,
555,7/24/2019 6:45,5.1,5.84,,,,,
556,7/24/2019 7:00,5.13,5.825,,,,,
557,7/24/2019 7:15,5.17,5.825,,,,,
558,7/24/2019 7:30,5.26,5.825,,,,,
559,7/24/2019 7:45,5.36,5.84,,,,,
560,7/24/2019 8:00,5.48,5.84,,,,,
561,7/24/2019 8:15,5.61,5.86,,,,,
562,7/24/2019 8:30,5.72,5.915,,,,,
563,7/24/2019 8:45,5.83,5.985,,,,,
564,7/24/2019 9:00,5.92,6.095,,,,,
565,7/24/2019 9:15,6.03,6.2,,,,,
566,7/24/2019 9:30,6.13,6.33,,,,,
567,7/24/2019 9:45,6.23,6.38,,,,,
568,7/24/2019 10:00,6.35,6.435,,,,,
569,7/24/2019 10:15,6.44,6.51,,,,,
570,7/24/2019 10:30,6.52,6.6,,,,,
571,7/24/2019 10:45,6.61,6.69,,,,,
572,7/24/2019 11:00,6.68,6.78,,,,,
573,7/24/2019 11:15,6.75,6.905,,,,,
574,7/24/2019 11:30,6.82,7.03,,,,,
575,7/24/2019 11:45,6.86,7.12,,,,,
576,7/24/2019 12:00,6.93,7.21,,,,,
577,7/24/2019 12:15,6.97,7.37,,,,,
578,7/24/2019 12:30,7.01,7.5,,,,,
579,7/24/2019 12:45,7.05,7.57,,,,,
580,7/24/2019 13:00,7.09,7.64,,,,,
581,7/24/2019 13:15,7.13,7.895,,,,,
582,7/24/2019 13:30,7.15,8.09,,,,,
583,7/24/2019 13:45,7.21,8.45,,,,,
584,7/24/2019 14:00,7.18,8.865,,,,,
585,7/24/2019 14:15,7.18,8.99,,,,,
586,7/24/2019 14:30,7.18,9.155,,,,,
587,7/24/2019 14:45,7.15,9.19,,,,,
588,7/24/2019 15:00,7.16,9.245,,,,,
589,7/24/2019 15:15,7.13,9.19,,,,,
590,7/24/2019 15:30,7.09,9.1,,,,,
591,7/24/2019 15:45,7.11,9.08,,,,,
592,7/24/2019 16:00,7.11,9.225,,,,,
593,7/24/2019 16:15,7.09,9.35,,,,,
594,7/24/2019 16:30,7.06,9.405,,,,,
595,7/24/2019 16:45,7.01,9.315,,,,,
596,7/24/2019 17:00,7.03,9.28,,,,,
597,7/24/2019 17:15,7.01,9.315,,,,,
598,7/24/2019 17:30,7,9.315,,,,,
599,7/24/2019 17:45,6.92,9.225,,,,,
600,7/24/2019 18:00,6.82,9.065,,,,,
601,7/24/2019 18:15,6.71,8.885,,,,,
602,7/24/2019 18:30,6.6,8.705,,,,,
603,7/24/2019 18:45,6.49,8.54,,,,,
604,7/24/2019 19:00,6.37,8.36,,,,,
605,7/24/2019 19:15,6.26,8.165,,,,,
606,7/24/2019 19:30,6.15,7.95,,,,,
607,7/24/2019 19:45,6.07,7.75,,,,,
608,7/24/2019 20:00,5.98,7.57,,,,,
609,7/24/2019 20:15,5.91,7.39,,,,,
610,7/24/2019 20:30,5.84,7.23,,,,,
611,7/24/2019 20:45,5.77,7.1,,,,,
612,7/24/2019 21:00,5.71,7.05,,,,,
613,7/24/2019 21:15,5.64,7.01,,,,,
614,7/24/2019 21:30,5.58,6.975,,,,,
615,7/24/2019 21:45,5.52,6.94,,,,,
616,7/24/2019 22:00,5.47,6.885,,,,,
617,7/24/2019 22:15,5.43,6.83,,,,,
618,7/24/2019 22:30,5.37,6.815,,,,,
619,7/24/2019 22:45,5.32,6.76,,,,,
620,7/24/2019 23:00,5.28,6.725,,,,,
621,7/24/2019 23:15,5.24,6.69,,,,,
622,7/24/2019 23:30,5.19,6.65,,,,,
623,7/24/2019 23:45,5.15,6.615,,,,,
624,7/25/2019 0:00,5.12,6.56,,,,,
625,7/25/2019 0:15,5.09,6.51,,,,,
626,7/25/2019 0:30,5.07,6.47,,,,,
627,7/25/2019 0:45,5.04,6.435,,,,,
628,7/25/2019 1:00,5.02,6.38,,,,,
629,7/25/2019 1:15,4.99,6.345,,,,,
630,7/25/2019 1:30,4.96,6.31,,,,,
631,7/25/2019 1:45,4.93,6.29,,,,,
632,7/25/2019 2:00,4.91,6.24,,,,,
633,7/25/2019 2:15,4.9,6.22,,,,,
634,7/25/2019 2:30,4.89,6.185,,,,,
635,7/25/2019 2:45,4.9,6.13,,,,,
636,7/25/2019 3:00,4.88,6.11,,,,,
637,7/25/2019 3:15,4.86,6.095,,,,,
638,7/25/2019 3:30,4.86,6.06,,,,,
639,7/25/2019 3:45,4.87,6.02,,,,,
640,7/25/2019 4:00,4.85,5.985,,,,,
641,7/25/2019 4:15,4.85,5.97,,,,,
642,7/25/2019 4:30,4.84,5.93,,,,,
643,7/25/2019 4:45,4.83,5.895,,,,,
644,7/25/2019 5:00,4.81,5.86,,,,,
645,7/25/2019 5:15,4.81,5.84,,,,,
646,7/25/2019 5:30,4.83,5.805,,,,,
647,7/25/2019 5:45,4.83,5.77,,,,,
648,7/25/2019 6:00,4.83,5.735,,,,,
649,7/25/2019 6:15,4.83,5.7,,,,,
650,7/25/2019 6:30,4.83,5.68,,,,,
651,7/25/2019 6:45,4.84,5.66,,,,,
652,7/25/2019 7:00,4.88,5.645,,,,,
653,7/25/2019 7:15,4.92,5.625,,,,,
654,7/25/2019 7:30,4.97,5.625,,,,,
655,7/25/2019 7:45,5.06,5.645,,,,,
656,7/25/2019 8:00,5.16,5.66,,,,,
657,7/25/2019 8:15,5.33,5.7,,,,,
658,7/25/2019 8:30,5.45,5.79,,,,,
659,7/25/2019 8:45,5.55,5.86,,,,,
660,7/25/2019 9:00,5.65,5.93,,,,,
661,7/25/2019 9:15,5.74,6.04,,,,,
662,7/25/2019 9:30,5.87,6.15,,,,,
663,7/25/2019 9:45,5.98,6.255,,,,,
664,7/25/2019 10:00,6.12,6.345,,,,,
665,7/25/2019 10:15,6.23,6.49,,,,,
666,7/25/2019 10:30,6.31,6.615,,,,,
667,7/25/2019 10:45,6.4,6.76,,,,,
668,7/25/2019 11:00,6.48,6.995,,,,,
669,7/25/2019 11:15,6.54,7.21,,,,,
670,7/25/2019 11:30,6.62,7.41,,,,,
671,7/25/2019 11:45,6.68,7.73,,,,,
672,7/25/2019 12:00,6.71,7.95,,,,,
673,7/25/2019 12:15,6.73,8.02,,,,,
674,7/25/2019 12:30,6.72,8,,,,,
675,7/25/2019 12:45,6.75,7.985,,,,,
676,7/25/2019 13:00,6.8,8,,,,,
677,7/25/2019 13:15,6.86,8.13,,,,,
678,7/25/2019 13:30,6.88,8.255,,,,,
679,7/25/2019 13:45,6.9,8.435,,,,,
680,7/25/2019 14:00,6.92,8.615,,,,,
681,7/25/2019 14:15,6.94,8.83,,,,,
682,7/25/2019 14:30,6.91,8.83,,,,,
683,7/25/2019 14:45,6.96,9.03,,,,,
684,7/25/2019 15:00,6.95,9.26,,,,,
685,7/25/2019 15:15,6.94,9.315,,,,,
686,7/25/2019 15:30,6.94,9.37,,,,,
687,7/25/2019 15:45,6.93,9.37,,,,,
688,7/25/2019 16:00,6.93,9.37,,,,,
689,7/25/2019 16:15,6.91,9.37,,,,,
690,7/25/2019 16:30,6.86,9.245,,,,,
691,7/25/2019 16:45,6.84,9.155,,,,,
692,7/25/2019 17:00,6.81,9.065,,,,,
693,7/25/2019 17:15,6.79,8.975,,,,,
694,7/25/2019 17:30,6.76,8.9,,,,,
695,7/25/2019 17:45,6.72,8.81,,,,,
696,7/25/2019 18:00,6.66,8.685,,,,,
697,7/25/2019 18:15,6.57,8.56,,,,,
698,7/25/2019 18:30,6.47,8.435,,,,,
699,7/25/2019 18:45,6.35,8.31,,,,,
700,7/25/2019 19:00,6.25,8.18,,,,,
701,7/25/2019 19:15,6.15,8.075,,,,,
702,7/25/2019 19:30,6.06,7.965,,,,,
703,7/25/2019 19:45,5.97,7.875,,,,,
704,7/25/2019 20:00,5.9,7.785,,,,,
705,7/25/2019 20:15,5.82,7.695,,,,,
706,7/25/2019 20:30,5.75,7.605,,,,,
707,7/25/2019 20:45,5.69,7.535,,,,,
708,7/25/2019 21:00,5.64,7.46,,,,,
709,7/25/2019 21:15,5.57,7.39,,,,,
710,7/25/2019 21:30,5.52,7.335,,,,,
711,7/25/2019 21:45,5.47,7.265,,,,,
712,7/25/2019 22:00,5.43,7.19,,,,,
713,7/25/2019 22:15,5.38,7.14,,,,,
714,7/25/2019 22:30,5.34,7.085,,,,,
715,7/25/2019 22:45,5.29,7.05,,,,,
716,7/25/2019 23:00,5.25,7.01,,,,,
717,7/25/2019 23:15,5.2,6.975,,,,,
718,7/25/2019 23:30,5.15,6.94,,,,,
719,7/25/2019 23:45,5.12,6.885,,,,,
720,7/26/2019 0:00,5.09,6.85,,,,,
721,7/26/2019 0:15,5.06,6.795,,,,,
722,7/26/2019 0:30,5.03,6.76,,,,,
723,7/26/2019 0:45,4.99,6.725,,,,,
724,7/26/2019 1:00,4.96,6.69,,,,,
725,7/26/2019 1:15,4.95,6.635,,,,,
726,7/26/2019 1:30,4.93,6.6,,,,,
727,7/26/2019 1:45,4.91,6.545,,,,,
728,7/26/2019 2:00,4.9,6.49,,,,,
729,7/26/2019 2:15,4.88,6.455,,,,,
730,7/26/2019 2:30,4.87,6.4,,,,,
731,7/26/2019 2:45,4.85,6.365,,,,,
732,7/26/2019 3:00,4.84,6.33,,,,,
733,7/26/2019 3:15,4.81,6.275,,,,,
734,7/26/2019 3:30,4.81,6.22,,,,,
735,7/26/2019 3:45,4.81,6.185,,,,,
736,7/26/2019 4:00,4.8,6.15,,,,,
737,7/26/2019 4:15,4.8,6.095,,,,,
738,7/26/2019 4:30,4.83,6.04,,,,,
739,7/26/2019 4:45,4.86,5.97,,,,,
740,7/26/2019 5:00,4.88,5.88,,,,,
741,7/26/2019 5:15,4.89,5.805,,,,,
742,7/26/2019 5:30,4.9,5.75,,,,,
743,7/26/2019 5:45,4.9,5.715,,,,,
744,7/26/2019 6:00,4.91,5.68,,,,,
745,7/26/2019 6:15,4.9,5.645,,,,,
746,7/26/2019 6:30,4.92,5.625,,,,,
747,7/26/2019 6:45,4.95,5.61,,,,,
748,7/26/2019 7:00,4.99,5.59,,,,,
749,7/26/2019 7:15,5.07,5.61,,,,,
750,7/26/2019 7:30,5.13,5.61,,,,,
751,7/26/2019 7:45,5.19,5.61,,,,,
752,7/26/2019 8:00,5.28,5.625,,,,,
753,7/26/2019 8:15,5.39,5.68,,,,,
754,7/26/2019 8:30,5.5,5.735,,,,,
755,7/26/2019 8:45,5.59,5.79,,,,,
756,7/26/2019 9:00,5.69,5.825,,,,,
757,7/26/2019 9:15,5.82,5.93,,,,,
758,7/26/2019 9:30,5.91,6.06,,,,,
759,7/26/2019 9:45,6.04,6.365,,,,,
760,7/26/2019 10:00,6.12,6.65,,,,,
761,7/26/2019 10:15,6.21,6.905,,,,,
762,7/26/2019 10:30,6.27,7.14,,,,,
763,7/26/2019 10:45,6.35,7.39,,,,,
764,7/26/2019 11:00,6.42,7.605,,,,,
765,7/26/2019 11:15,6.47,7.77,,,,,
766,7/26/2019 11:30,6.51,7.91,,,,,
767,7/26/2019 11:45,6.55,8,,,,,
768,7/26/2019 12:00,6.62,8.22,,,,,
769,7/26/2019 12:15,6.65,8.47,,,,,
770,7/26/2019 12:30,6.67,8.705,,,,,
771,7/26/2019 12:45,6.67,8.83,,,,,
772,7/26/2019 13:00,6.69,8.94,,,,,
773,7/26/2019 13:15,6.72,9.19,,,,,
774,7/26/2019 13:30,6.73,9.495,,,,,
775,7/26/2019 13:45,6.71,9.66,,,,,
776,7/26/2019 14:00,6.72,9.89,,,,,
777,7/26/2019 14:15,6.7,10,,,,,
778,7/26/2019 14:30,6.68,9.965,,,,,
779,7/26/2019 14:45,6.65,9.91,,,,,
780,7/26/2019 15:00,6.69,9.91,,,,,
781,7/26/2019 15:15,6.69,10,,,,,
782,7/26/2019 15:30,6.69,10.02,,,,,
783,7/26/2019 15:45,6.63,9.98,,,,,
784,7/26/2019 16:00,6.61,9.82,,,,,
785,7/26/2019 16:15,6.6,9.765,,,,,
786,7/26/2019 16:30,6.55,9.64,,,,,
787,7/26/2019 16:45,6.54,9.515,,,,,
788,7/26/2019 17:00,6.49,9.37,,,,,
789,7/26/2019 17:15,6.43,9.245,,,,,
790,7/26/2019 17:30,6.37,9.12,,,,,
791,7/26/2019 17:45,6.31,8.99,,,,,
792,7/26/2019 18:00,6.23,8.83,,,,,
793,7/26/2019 18:15,6.12,8.705,,,,,
794,7/26/2019 18:30,6.03,8.58,,,,,
795,7/26/2019 18:45,5.94,8.45,,,,,
796,7/26/2019 19:00,5.86,8.325,,,,,
797,7/26/2019 19:15,5.77,8.235,,,,,
798,7/26/2019 19:30,5.7,8.13,,,,,
799,7/26/2019 19:45,5.64,8.02,,,,,
800,7/26/2019 20:00,5.57,7.91,,,,,
801,7/26/2019 20:15,5.51,7.805,,,,,
802,7/26/2019 20:30,5.45,7.695,,,,,
803,7/26/2019 20:45,5.41,7.59,,,,,
804,7/26/2019 21:00,5.35,7.48,,,,,
805,7/26/2019 21:15,5.3,7.39,,,,,
806,7/26/2019 21:30,5.26,7.3,,,,,
807,7/26/2019 21:45,5.22,7.23,,,,,
808,7/26/2019 22:00,5.17,7.155,,,,,
809,7/26/2019 22:15,5.13,7.085,,,,,
810,7/26/2019 22:30,5.1,6.995,,,,,
811,7/26/2019 22:45,5.07,6.92,,,,,
812,7/26/2019 23:00,5.04,6.87,,,,,
813,7/26/2019 23:15,5.02,6.795,,,,,
814,7/26/2019 23:30,4.98,6.74,,,,,
815,7/26/2019 23:45,4.96,6.69,,,,,
816,7/27/2019 0:00,4.93,6.615,,,,,
817,7/27/2019 0:15,4.92,6.56,,,,,
818,7/27/2019 0:30,4.9,6.51,,,,,
819,7/27/2019 0:45,4.89,6.455,,,,,
820,7/27/2019 1:00,4.87,6.4,,,,,
821,7/27/2019 1:15,4.86,6.345,,,,,
822,7/27/2019 1:30,4.84,6.29,,,,,
823,7/27/2019 1:45,4.83,6.255,,,,,
824,7/27/2019 2:00,4.79,6.22,,,,,
825,7/27/2019 2:15,4.77,6.185,,,,,
826,7/27/2019 2:30,4.75,6.15,,,,,
827,7/27/2019 2:45,4.73,6.11,,,,,
828,7/27/2019 3:00,4.71,6.075,,,,,
829,7/27/2019 3:15,4.7,6.04,,,,,
830,7/27/2019 3:30,4.7,6.005,,,,,
831,7/27/2019 3:45,4.68,5.97,,,,,
832,7/27/2019 4:00,4.68,5.915,,,,,
833,7/27/2019 4:15,4.67,5.895,,,,,
834,7/27/2019 4:30,4.65,5.86,,,,,
835,7/27/2019 4:45,4.64,5.84,,,,,
836,7/27/2019 5:00,4.61,5.805,,,,,
837,7/27/2019 5:15,4.6,5.77,,,,,
838,7/27/2019 5:30,4.58,5.75,,,,,
839,7/27/2019 5:45,4.57,5.715,,,,,
840,7/27/2019 6:00,4.55,5.68,,,,,
841,7/27/2019 6:15,4.54,5.66,,,,,
842,7/27/2019 6:30,4.54,5.625,,,,,
843,7/27/2019 6:45,4.54,5.61,,,,,
844,7/27/2019 7:00,4.58,5.59,,,,,
845,7/27/2019 7:15,4.61,5.57,,,,,
846,7/27/2019 7:30,4.68,5.57,,,,,
847,7/27/2019 7:45,4.76,5.57,,,,,
848,7/27/2019 8:00,4.85,5.59,,,,,
849,7/27/2019 8:15,4.93,5.625,,,,,
850,7/27/2019 8:30,5.07,5.66,,,,,
851,7/27/2019 8:45,5.22,5.715,,,,,
852,7/27/2019 9:00,5.41,5.77,,,,,
853,7/27/2019 9:15,5.57,5.88,,,,,
854,7/27/2019 9:30,5.71,5.97,,,,,
855,7/27/2019 9:45,5.81,6.095,,,,,
856,7/27/2019 10:00,5.91,6.185,,,,,
857,7/27/2019 10:15,6,6.29,,,,,
858,7/27/2019 10:30,6.06,6.345,,,,,
859,7/27/2019 10:45,6.16,6.49,,,,,
860,7/27/2019 11:00,6.27,6.74,,,,,
861,7/27/2019 11:15,6.34,7.065,,,,,
862,7/27/2019 11:30,6.37,7.265,,,,,
863,7/27/2019 11:45,6.43,7.39,,,,,
864,7/27/2019 12:00,6.48,7.535,,,,,
865,7/27/2019 12:15,6.52,7.66,,,,,
866,7/27/2019 12:30,6.52,7.695,,,,,
867,7/27/2019 12:45,6.57,7.77,,,,,
868,7/27/2019 13:00,6.6,7.93,,,,,
869,7/27/2019 13:15,6.6,7.91,,,,,
870,7/27/2019 13:30,6.62,7.895,,,,,
871,7/27/2019 13:45,6.68,8.075,,,,,
872,7/27/2019 14:00,6.7,8.31,,,,,
873,7/27/2019 14:15,6.74,8.525,,,,,
874,7/27/2019 14:30,6.76,8.83,,,,,
875,7/27/2019 14:45,6.76,9.17,,,,,
876,7/27/2019 15:00,6.72,9.315,,,,,
877,7/27/2019 15:15,6.69,9.3,,,,,
878,7/27/2019 15:30,6.67,9.26,,,,,
879,7/27/2019 15:45,6.67,9.21,,,,,
880,7/27/2019 16:00,6.67,9.225,,,,,
881,7/27/2019 16:15,6.67,9.21,,,,,
882,7/27/2019 16:30,6.67,9.21,,,,,
883,7/27/2019 16:45,6.65,9.19,,,,,
884,7/27/2019 17:00,6.65,9.19,,,,,
885,7/27/2019 17:15,6.63,9.21,,,,,
886,7/27/2019 17:30,6.6,9.17,,,,,
887,7/27/2019 17:45,6.53,9.08,,,,,
888,7/27/2019 18:00,6.48,8.94,,,,,
889,7/27/2019 18:15,6.41,8.795,,,,,
890,7/27/2019 18:30,6.27,8.65,,,,,
891,7/27/2019 18:45,6.14,8.505,,,,,
892,7/27/2019 19:00,6.03,8.36,,,,,
893,7/27/2019 19:15,5.91,8.255,,,,,
894,7/27/2019 19:30,5.83,8.13,,,,,
895,7/27/2019 19:45,5.76,8.02,,,,,
896,7/27/2019 20:00,5.71,7.895,,,,,
897,7/27/2019 20:15,5.66,7.785,,,,,
898,7/27/2019 20:30,5.58,7.715,,,,,
899,7/27/2019 20:45,5.53,7.625,,,,,
900,7/27/2019 21:00,5.47,7.535,,,,,
901,7/27/2019 21:15,5.42,7.445,,,,,
902,7/27/2019 21:30,5.37,7.355,,,,,
903,7/27/2019 21:45,5.35,7.265,,,,,
904,7/27/2019 22:00,5.31,7.175,,,,,
905,7/27/2019 22:15,5.28,7.085,,,,,
906,7/27/2019 22:30,5.25,7.01,,,,,
907,7/27/2019 22:45,5.2,6.94,,,,,
908,7/27/2019 23:00,5.16,6.885,,,,,
909,7/27/2019 23:15,5.14,6.815,,,,,
910,7/27/2019 23:30,5.12,6.74,,,,,
911,7/27/2019 23:45,5.1,6.69,,,,,
912,7/28/2019 0:00,5.06,6.65,,,,,
913,7/28/2019 0:15,5.03,6.615,,,,,
914,7/28/2019 0:30,4.98,6.56,,,,,
915,7/28/2019 0:45,4.95,6.525,,,,,
916,7/28/2019 1:00,4.92,6.47,,,,,
917,7/28/2019 1:15,4.9,6.435,,,,,
918,7/28/2019 1:30,4.87,6.4,,,,,
919,7/28/2019 1:45,4.85,6.345,,,,,
920,7/28/2019 2:00,4.83,6.31,,,,,
921,7/28/2019 2:15,4.81,6.255,,,,,
922,7/28/2019 2:30,4.8,6.2,,,,,
923,7/28/2019 2:45,4.79,6.15,,,,,
924,7/28/2019 3:00,4.8,6.095,,,,,
925,7/28/2019 3:15,4.79,6.04,,,,,
926,7/28/2019 3:30,4.78,5.985,,,,,
927,7/28/2019 3:45,4.78,5.93,,,,,
928,7/28/2019 4:00,4.77,5.895,,,,,
929,7/28/2019 4:15,4.75,5.86,,,,,
930,7/28/2019 4:30,4.73,5.84,,,,,
931,7/28/2019 4:45,4.71,5.805,,,,,
932,7/28/2019 5:00,4.7,5.79,,,,,
933,7/28/2019 5:15,4.69,5.75,,,,,
934,7/28/2019 5:30,4.69,5.715,,,,,
935,7/28/2019 5:45,4.69,5.68,,,,,
936,7/28/2019 6:00,4.69,5.66,,,,,
937,7/28/2019 6:15,4.69,5.625,,,,,
938,7/28/2019 6:30,4.7,5.59,,,,,
939,7/28/2019 6:45,4.73,5.57,,,,,
940,7/28/2019 7:00,4.78,5.57,,,,,
941,7/28/2019 7:15,4.85,5.555,,,,,
942,7/28/2019 7:30,4.92,5.555,,,,,
943,7/28/2019 7:45,5.02,5.57,,,,,
944,7/28/2019 8:00,5.1,5.61,,,,,
945,7/28/2019 8:15,5.16,5.645,,,,,
946,7/28/2019 8:30,5.25,5.68,,,,,
947,7/28/2019 8:45,5.35,5.75,,,,,
948,7/28/2019 9:00,5.46,5.86,,,,,
949,7/28/2019 9:15,5.56,5.95,,,,,
950,7/28/2019 9:30,5.67,6.02,,,,,
951,7/28/2019 9:45,5.76,6.165,,,,,
952,7/28/2019 10:00,5.87,6.33,,,,,
953,7/28/2019 10:15,5.95,6.49,,,,,
954,7/28/2019 10:30,6.04,6.58,,,,,
955,7/28/2019 10:45,6.14,6.74,,,,,
956,7/28/2019 11:00,6.24,6.975,,,,,
957,7/28/2019 11:15,6.31,7.335,,,,,
958,7/28/2019 11:30,6.38,7.695,,,,,
959,7/28/2019 11:45,6.45,8.055,,,,,
960,7/28/2019 12:00,6.48,8.56,,,,,
961,7/28/2019 12:15,6.5,8.9,,,,,
962,7/28/2019 12:30,6.52,9.12,,,,,
963,7/28/2019 12:45,6.55,9.35,,,,,
964,7/28/2019 13:00,6.6,9.695,,,,,
965,7/28/2019 13:15,6.57,9.91,,,,,
966,7/28/2019 13:30,6.6,10.18,,,,,
967,7/28/2019 13:45,6.59,10.395,,,,,
968,7/28/2019 14:00,6.57,10.54,,,,,
969,7/28/2019 14:15,6.6,10.72,,,,,
970,7/28/2019 14:30,6.55,10.81,,,,,
971,7/28/2019 14:45,6.57,11.025,,,,,
972,7/28/2019 15:00,6.57,11.28,,,,,
973,7/28/2019 15:15,6.54,11.55,,,,,
974,7/28/2019 15:30,6.49,11.6,,,,,
975,7/28/2019 15:45,6.44,11.55,,,,,
976,7/28/2019 16:00,6.42,11.405,,,,,
977,7/28/2019 16:15,6.41,11.26,,,,,
978,7/28/2019 16:30,6.35,11.06,,,,,
979,7/28/2019 16:45,6.32,10.88,,,,,
980,7/28/2019 17:00,6.26,10.665,,,,,
981,7/28/2019 17:15,6.18,10.43,,,,,
982,7/28/2019 17:30,6.12,10.215,,,,,
983,7/28/2019 17:45,6.05,10.02,,,,,
984,7/28/2019 18:00,5.96,9.785,,,,,
985,7/28/2019 18:15,5.87,9.55,,,,,
986,7/28/2019 18:30,5.76,9.335,,,,,
987,7/28/2019 18:45,5.66,9.1,,,,,
988,7/28/2019 19:00,5.55,8.92,,,,,
989,7/28/2019 19:15,5.46,8.76,,,,,
990,7/28/2019 19:30,5.37,8.615,,,,,
991,7/28/2019 19:45,5.31,8.49,,,,,
992,7/28/2019 20:00,5.25,8.36,,,,,
993,7/28/2019 20:15,5.18,8.235,,,,,
994,7/28/2019 20:30,5.12,8.13,,,,,
995,7/28/2019 20:45,5.07,8.02,,,,,
996,7/28/2019 21:00,5.02,7.91,,,,,
997,7/28/2019 21:15,4.96,7.84,,,,,
998,7/28/2019 21:30,4.92,7.75,,,,,
999,7/28/2019 21:45,4.88,7.64,,,,,
1000,7/28/2019 22:00,4.84,7.57,,,,,
1001,7/28/2019 22:15,4.8,7.5,,,,,
1002,7/28/2019 22:30,4.76,7.425,,,,,
1003,7/28/2019 22:45,4.72,7.355,,,,,
1004,7/28/2019 23:00,4.69,7.28,,,,,
1005,7/28/2019 23:15,4.65,7.23,,,,,
1006,7/28/2019 23:30,4.63,7.155,,,,,
1007,7/28/2019 23:45,4.59,7.085,,,,,
1008,7/29/2019 0:00,4.56,7.01,,,,,
1009,7/29/2019 0:15,4.53,6.92,,,,,
1010,7/29/2019 0:30,4.51,6.78,,,,,
1011,7/29/2019 0:45,4.49,6.67,,,,,
1012,7/29/2019 1:00,4.47,6.6,,,,,
1013,7/29/2019 1:15,4.44,6.545,,,,,
1014,7/29/2019 1:30,4.4,6.51,,,,,
1015,7/29/2019 1:45,4.38,6.47,,,,,
1016,7/29/2019 2:00,4.36,6.42,,,,,
1017,7/29/2019 2:15,4.34,6.33,,,,,
1018,7/29/2019 2:30,4.33,6.24,,,,,
1019,7/29/2019 2:45,4.31,6.165,,,,,
1020,7/29/2019 3:00,4.3,6.11,,,,,
1021,7/29/2019 3:15,4.28,6.075,,,,,
1022,7/29/2019 3:30,4.26,6.04,,,,,
1023,7/29/2019 3:45,4.24,5.985,,,,,
1024,7/29/2019 4:00,4.22,5.95,,,,,
1025,7/29/2019 4:15,4.21,5.895,,,,,
1026,7/29/2019 4:30,4.2,5.86,,,,,
1027,7/29/2019 4:45,4.19,5.805,,,,,
1028,7/29/2019 5:00,4.18,5.75,,,,,
1029,7/29/2019 5:15,4.16,5.7,,,,,
1030,7/29/2019 5:30,4.15,5.645,,,,,
1031,7/29/2019 5:45,4.14,5.59,,,,,
1032,7/29/2019 6:00,4.13,5.535,,,,,
1033,7/29/2019 6:15,4.13,5.465,,,,,
1034,7/29/2019 6:30,4.13,5.375,,,,,
1035,7/29/2019 6:45,4.15,5.285,,,,,
1036,7/29/2019 7:00,4.2,5.23,,,,,
1037,7/29/2019 7:15,4.27,5.175,,,,,
1038,7/29/2019 7:30,4.33,5.12,,,,,
1039,7/29/2019 7:45,4.44,5.16,,,,,
1040,7/29/2019 8:00,4.54,5.195,,,,,
1041,7/29/2019 8:15,4.67,5.3,,,,,
1042,7/29/2019 8:30,4.79,5.555,,,,,
1043,7/29/2019 8:45,4.93,5.93,,,,,
1044,7/29/2019 9:00,5.06,6.345,,,,,
1045,7/29/2019 9:15,5.17,6.83,,,,,
1046,7/29/2019 9:30,5.29,7.32,,,,,
1047,7/29/2019 9:45,5.41,7.84,,,,,
1048,7/29/2019 10:00,5.51,8.38,,,,,
1049,7/29/2019 10:15,5.62,8.94,,,,,
1050,7/29/2019 10:30,5.7,9.495,,,,,
1051,7/29/2019 10:45,5.79,10.055,,,,,
1052,7/29/2019 11:00,5.86,10.63,,,,,
1053,7/29/2019 11:13,,,Logged,,,,
1054,7/29/2019 11:13,,,,Logged,,,
1055,7/29/2019 11:15,6.4,11.565,,,,,
1056,7/29/2019 11:15,,,,,Logged,,
1057,7/29/2019 11:30,5.81,12.07,,,,,
1058,7/29/2019 11:45,5.88,12.5,,,,,
1059,7/29/2019 12:00,5.93,13.04,,,,,
1060,7/29/2019 12:15,5.93,13.51,,,,,
1061,7/29/2019 12:30,5.92,13.925,,,,,
1062,7/29/2019 12:45,5.92,14.285,,,,,
1063,7/29/2019 13:00,5.9,14.52,,,,,
1064,7/29/2019 13:15,5.85,14.79,,,,,
1065,7/29/2019 13:30,5.78,14.66,,,,,
1066,7/29/2019 13:45,5.78,14.535,,,,,
1067,7/29/2019 14:00,5.71,14.32,,,,,
1068,7/29/2019 14:15,5.68,13.925,,,,,
1069,7/29/2019 14:30,5.67,13.6,,,,,
1070,7/29/2019 14:45,5.59,13.22,,,,,
1071,7/29/2019 15:00,5.61,12.88,,,,,
1072,7/29/2019 15:15,5.63,12.77,,,,,
1073,7/29/2019 15:30,5.56,12.5,,,,,
1074,7/29/2019 15:45,5.52,12.215,,,,,
1075,7/29/2019 16:00,5.56,12.32,,,,,
1076,7/29/2019 16:15,5.51,12.23,,,,,
1077,7/29/2019 16:30,5.5,12.015,,,,,
1078,7/29/2019 16:45,5.49,11.91,,,,,
1079,7/29/2019 17:00,5.43,11.73,,,,,
1080,7/29/2019 17:15,5.35,11.475,,,,,
1081,7/29/2019 17:30,5.28,11.24,,,,,
1082,7/29/2019 17:45,5.18,11.01,,,,,
1083,7/29/2019 18:00,5.1,10.775,,,,,
1084,7/29/2019 18:15,5.02,10.595,,,,,
1085,7/29/2019 18:30,4.92,10.395,,,,,
1086,7/29/2019 18:45,4.81,10.215,,,,,
1087,7/29/2019 19:00,4.71,10.055,,,,,
1088,7/29/2019 19:15,4.61,9.91,,,,,
1089,7/29/2019 19:30,4.52,9.8,,,,,
1090,7/29/2019 19:45,4.44,9.675,,,,,
1091,7/29/2019 20:00,4.35,9.55,,,,,
1092,7/29/2019 20:15,4.28,9.425,,,,,
1093,7/29/2019 20:30,4.21,9.28,,,,,
1094,7/29/2019 20:45,4.15,9.065,,,,,
1095,7/29/2019 21:00,4.11,8.885,,,,,
1096,7/29/2019 21:15,4.06,8.685,,,,,
1097,7/29/2019 21:30,4.02,8.525,,,,,
1098,7/29/2019 21:45,3.98,8.38,,,,,
1099,7/29/2019 22:00,3.94,8.22,,,,,
1100,7/29/2019 22:15,3.92,8.09,,,,,
1101,7/29/2019 22:30,3.88,7.95,,,,,
1102,7/29/2019 22:45,3.86,7.82,,,,,
1103,7/29/2019 23:00,3.82,7.695,,,,,
1104,7/29/2019 23:15,3.8,7.57,,,,,
1105,7/29/2019 23:30,3.78,7.425,,,,,
1106,7/29/2019 23:45,3.76,7.3,,,,,
1107,7/30/2019 0:00,3.75,7.19,,,,,
1108,7/30/2019 0:15,3.73,7.085,,,,,
1109,7/30/2019 0:30,3.71,6.995,,,,,
1110,7/30/2019 0:45,3.7,6.905,,,,,
1111,7/30/2019 1:00,3.69,6.815,,,,,
1112,7/30/2019 1:15,3.68,6.74,,,,,
1113,7/30/2019 1:30,3.67,6.65,,,,,
1114,7/30/2019 1:45,3.66,6.6,,,,,
1115,7/30/2019 2:00,3.65,6.525,,,,,
1116,7/30/2019 2:15,3.65,6.455,,,,,
1117,7/30/2019 2:30,3.63,6.38,,,,,
1118,7/30/2019 2:45,3.63,6.29,,,,,
1119,7/30/2019 3:00,3.62,6.2,,,,,
1120,7/30/2019 3:15,3.62,6.13,,,,,
1121,7/30/2019 3:30,3.62,6.06,,,,,
1122,7/30/2019 3:45,3.61,5.985,,,,,
1123,7/30/2019 4:00,3.61,5.915,,,,,
1124,7/30/2019 4:15,3.6,5.84,,,,,
1125,7/30/2019 4:30,3.59,5.79,,,,,
1126,7/30/2019 4:45,3.58,5.735,,,,,
1127,7/30/2019 5:00,3.57,5.68,,,,,
1128,7/30/2019 5:15,3.57,5.645,,,,,
1129,7/30/2019 5:30,3.56,5.61,,,,,
1130,7/30/2019 5:45,3.55,5.59,,,,,
1131,7/30/2019 6:00,3.55,5.535,,,,,
1132,7/30/2019 6:15,3.55,5.5,,,,,
1133,7/30/2019 6:30,3.56,5.465,,,,,
1134,7/30/2019 6:45,3.58,5.465,,,,,
1135,7/30/2019 7:00,3.58,5.465,,,,,
1136,7/30/2019 7:15,3.62,5.48,,,,,
1137,7/30/2019 7:30,3.67,5.535,,,,,
1138,7/30/2019 7:45,3.7,5.59,,,,,
1139,7/30/2019 8:00,3.81,5.66,,,,,
1140,7/30/2019 8:15,3.94,5.75,,,,,
1141,7/30/2019 8:30,4.1,5.825,,,,,
1142,7/30/2019 8:45,4.24,5.93,,,,,
1143,7/30/2019 9:00,4.35,6.075,,,,,
1144,7/30/2019 9:15,4.45,6.22,,,,,
1145,7/30/2019 9:30,4.58,6.38,,,,,
1146,7/30/2019 9:45,4.68,6.615,,,,,
1147,7/30/2019 10:00,4.8,6.885,,,,,
1148,7/30/2019 10:15,4.93,7.265,,,,,
1149,7/30/2019 10:30,5.06,7.59,,,,,
1150,7/30/2019 10:45,5.16,7.93,,,,,
1151,7/30/2019 11:00,5.27,8.22,,,,,
1152,7/30/2019 11:15,5.35,8.47,,,,,
1153,7/30/2019 11:30,5.45,8.76,,,,,
1154,7/30/2019 11:45,5.54,8.99,,,,,
1155,7/30/2019 12:00,5.61,9.245,,,,,
1156,7/30/2019 12:15,5.67,9.73,,,,,
1157,7/30/2019 12:30,5.72,10.305,,,,,
1158,7/30/2019 12:45,5.77,10.56,,,,,
1159,7/30/2019 13:00,5.79,10.575,,,,,
1160,7/30/2019 13:15,5.81,10.54,,,,,
1161,7/30/2019 13:30,5.81,10.63,,,,,
1162,7/30/2019 13:45,5.83,10.505,,,,,
1163,7/30/2019 14:00,5.83,10.34,,,,,
1164,7/30/2019 14:15,5.82,10.125,,,,,
1165,7/30/2019 14:30,5.82,10.02,,,,,
1166,7/30/2019 14:45,5.79,9.82,,,,,
1167,7/30/2019 15:00,5.77,9.64,,,,,
1168,7/30/2019 15:15,5.75,9.495,,,,,
1169,7/30/2019 15:30,5.74,9.37,,,,,
1170,7/30/2019 15:45,5.73,9.26,,,,,
1171,7/30/2019 16:00,5.71,9.12,,,,,
1172,7/30/2019 16:15,5.7,9.01,,,,,
1173,7/30/2019 16:30,5.68,8.885,,,,,
1174,7/30/2019 16:45,5.66,8.76,,,,,
1175,7/30/2019 17:00,5.61,8.615,,,,,
1176,7/30/2019 17:15,5.54,8.49,,,,,
1177,7/30/2019 17:30,5.49,8.36,,,,,
1178,7/30/2019 17:45,5.43,8.255,,,,,
1179,7/30/2019 18:00,5.36,8.145,,,,,
1180,7/30/2019 18:15,5.28,8.04,,,,,
1181,7/30/2019 18:30,5.19,7.91,,,,,
1182,7/30/2019 18:45,5.11,7.785,,,,,
1183,7/30/2019 19:00,5.04,7.66,,,,,
1184,7/30/2019 19:15,4.96,7.55,,,,,
1185,7/30/2019 19:30,4.9,7.445,,,,,
1186,7/30/2019 19:45,4.84,7.355,,,,,
1187,7/30/2019 20:00,4.78,7.28,,,,,
1188,7/30/2019 20:15,4.73,7.19,,,,,
1189,7/30/2019 20:30,4.68,7.1,,,,,
1190,7/30/2019 20:45,4.64,7.03,,,,,
1191,7/30/2019 21:00,4.59,6.975,,,,,
1192,7/30/2019 21:15,4.56,6.92,,,,,
1193,7/30/2019 21:30,4.52,6.87,,,,,
1194,7/30/2019 21:45,4.49,6.815,,,,,
1195,7/30/2019 22:00,4.45,6.76,,,,,
1196,7/30/2019 22:15,4.43,6.705,,,,,
1197,7/30/2019 22:30,4.39,6.65,,,,,
1198,7/30/2019 22:45,4.36,6.635,,,,,
1199,7/30/2019 23:00,4.33,6.6,,,,,
1200,7/30/2019 23:15,4.31,6.56,,,,,
1201,7/30/2019 23:30,4.28,6.525,,,,,
1202,7/30/2019 23:45,4.25,6.51,,,,,
1203,7/31/2019 0:00,4.22,6.49,,,,,
1204,7/31/2019 0:15,4.19,6.47,,,,,
1205,7/31/2019 0:30,4.18,6.455,,,,,
1206,7/31/2019 0:45,4.15,6.435,,,,,
1207,7/31/2019 1:00,4.13,6.42,,,,,
1208,7/31/2019 1:15,4.11,6.4,,,,,
1209,7/31/2019 1:30,4.09,6.365,,,,,
1210,7/31/2019 1:45,4.07,6.345,,,,,
1211,7/31/2019 2:00,4.06,6.31,,,,,
1212,7/31/2019 2:15,4.04,6.29,,,,,
1213,7/31/2019 2:30,4.01,6.275,,,,,
1214,7/31/2019 2:45,3.99,6.24,,,,,
1215,7/31/2019 3:00,3.98,6.2,,,,,
1216,7/31/2019 3:15,3.97,6.075,,,,,
1217,7/31/2019 3:30,4,5.93,,,,,
1218,7/31/2019 3:45,4.05,5.77,,,,,
1219,7/31/2019 4:00,4.11,5.555,,,,,
1220,7/31/2019 4:15,4.2,5.05,,,,,
1221,7/31/2019 4:30,4.41,4.635,,,,,
1222,7/31/2019 4:45,4.54,4.51,,,,,
1223,7/31/2019 5:00,4.6,4.53,,,,,
1224,7/31/2019 5:15,4.61,4.6,,,,,
1225,7/31/2019 5:30,4.61,4.655,,,,,
1226,7/31/2019 5:45,4.6,4.69,,,,,
1227,7/31/2019 6:00,4.58,4.71,,,,,
1228,7/31/2019 6:15,4.59,4.67,,,,,
1229,7/31/2019 6:30,4.6,4.69,,,,,
1230,7/31/2019 6:45,4.59,4.71,,,,,
1231,7/31/2019 7:00,4.61,4.745,,,,,
1232,7/31/2019 7:15,4.6,4.745,,,,,
1233,7/31/2019 7:30,4.66,4.67,,,,,
1234,7/31/2019 7:45,4.77,4.565,,,,,
1235,7/31/2019 8:00,4.87,4.51,,,,,
1236,7/31/2019 8:15,4.97,4.53,,,,,
1237,7/31/2019 8:30,5.03,4.62,,,,,
1238,7/31/2019 8:45,5.19,4.42,,,,,
1239,7/31/2019 9:00,5.29,4.475,,,,,
1240,7/31/2019 9:15,5.37,4.62,,,,,
1241,7/31/2019 9:30,5.45,4.71,,,,,
1242,7/31/2019 9:45,5.51,4.745,,,,,
1243,7/31/2019 10:00,5.64,4.8,,,,,
1244,7/31/2019 10:15,5.73,4.905,,,,,
1245,7/31/2019 10:30,5.81,4.94,,,,,
1246,7/31/2019 10:45,5.9,5.03,,,,,
1247,7/31/2019 11:00,5.94,5.105,,,,,
1248,7/31/2019 11:15,6.01,5.21,,,,,
1249,7/31/2019 11:30,6.07,5.375,,,,,
1250,7/31/2019 11:45,6.14,5.52,,,,,
1251,7/31/2019 12:00,6.23,5.66,,,,,
1252,7/31/2019 12:15,6.3,5.825,,,,,
1253,7/31/2019 12:30,6.33,5.93,,,,,
1254,7/31/2019 12:45,6.32,5.985,,,,,
1255,7/31/2019 13:00,6.33,6.005,,,,,
1256,7/31/2019 13:15,6.34,6.075,,,,,
1257,7/31/2019 13:30,6.37,6.11,,,,,
1258,7/31/2019 13:45,6.41,6.13,,,,,
1259,7/31/2019 14:00,6.44,6.24,,,,,
1260,7/31/2019 14:15,6.56,6.56,,,,,
1261,7/31/2019 14:30,6.59,6.96,,,,,
1262,7/31/2019 14:45,6.64,7.245,,,,,
1263,7/31/2019 15:00,6.68,7.57,,,,,
1264,7/31/2019 15:15,6.71,7.77,,,,,
1265,7/31/2019 15:30,6.76,8,,,,,
1266,7/31/2019 15:45,6.76,8.325,,,,,
1267,7/31/2019 16:00,6.72,8.435,,,,,
1268,7/31/2019 16:15,6.7,8.345,,,,,
1269,7/31/2019 16:30,6.71,8.22,,,,,
1270,7/31/2019 16:45,6.71,8.2,,,,,
1271,7/31/2019 17:00,6.7,8.09,,,,,
1272,7/31/2019 17:15,6.68,7.965,,,,,
1273,7/31/2019 17:30,6.67,7.805,,,,,
1274,7/31/2019 17:45,6.63,7.64,,,,,
1275,7/31/2019 18:00,6.57,7.48,,,,,
1276,7/31/2019 18:15,6.51,7.32,,,,,
1277,7/31/2019 18:30,6.42,7.155,,,,,
1278,7/31/2019 18:45,6.32,6.975,,,,,
1279,7/31/2019 19:00,6.24,6.815,,,,,
1280,7/31/2019 19:15,6.14,6.69,,,,,
1281,7/31/2019 19:30,6.06,6.56,,,,,
1282,7/31/2019 19:45,5.98,6.435,,,,,
1283,7/31/2019 20:00,5.91,6.33,,,,,
1284,7/31/2019 20:15,5.85,6.22,,,,,
1285,7/31/2019 20:30,5.79,6.13,,,,,
1286,7/31/2019 20:45,5.74,6.04,,,,,
1287,7/31/2019 21:00,5.69,5.97,,,,,
1288,7/31/2019 21:15,5.64,5.915,,,,,
1289,7/31/2019 21:30,5.58,5.84,,,,,
1290,7/31/2019 21:45,5.54,5.79,,,,,
1291,7/31/2019 22:00,5.5,5.735,,,,,
1292,7/31/2019 22:15,5.45,5.7,,,,,
1293,7/31/2019 22:30,5.42,5.66,,,,,
1294,7/31/2019 22:45,5.37,5.61,,,,,
1295,7/31/2019 23:00,5.33,5.535,,,,,
1296,7/31/2019 23:15,5.3,5.5,,,,,
1297,7/31/2019 23:30,5.27,5.465,,,,,
1298,7/31/2019 23:45,5.23,5.445,,,,,
1299,8/1/2019 0:00,5.19,5.41,,,,,
1300,8/1/2019 0:15,5.15,5.39,,,,,
1301,8/1/2019 0:30,5.12,5.375,,,,,
1302,8/1/2019 0:45,5.09,5.34,,,,,
1303,8/1/2019 1:00,5.06,5.3,,,,,
1304,8/1/2019 1:15,5.03,5.285,,,,,
1305,8/1/2019 1:30,4.99,5.25,,,,,
1306,8/1/2019 1:45,4.97,5.195,,,,,
1307,8/1/2019 2:00,4.95,5.16,,,,,
1308,8/1/2019 2:15,4.93,5.12,,,,,
1309,8/1/2019 2:30,4.91,5.07,,,,,
1310,8/1/2019 2:45,4.89,5.03,,,,,
1311,8/1/2019 3:00,4.87,4.995,,,,,
1312,8/1/2019 3:15,4.85,4.94,,,,,
1313,8/1/2019 3:30,4.83,4.905,,,,,
1314,8/1/2019 3:45,4.8,4.87,,,,,
1315,8/1/2019 4:00,4.78,4.835,,,,,
1316,8/1/2019 4:15,4.76,4.8,,,,,
1317,8/1/2019 4:30,4.75,4.725,,,,,
1318,8/1/2019 4:45,4.73,4.635,,,,,
1319,8/1/2019 5:00,4.72,4.545,,,,,
1320,8/1/2019 5:15,4.71,4.455,,,,,
1321,8/1/2019 5:30,4.71,4.35,,,,,
1322,8/1/2019 5:45,4.7,4.26,,,,,
1323,8/1/2019 6:00,4.69,4.15,,,,,
1324,8/1/2019 6:15,4.69,4.06,,,,,
1325,8/1/2019 6:30,4.69,3.97,,,,,
1326,8/1/2019 6:45,4.71,3.9,,,,,
1327,8/1/2019 7:00,4.73,3.86,,,,,
1328,8/1/2019 7:15,4.77,3.86,,,,,
1329,8/1/2019 7:30,4.83,3.9,,,,,
1330,8/1/2019 7:45,4.9,3.97,,,,,
1331,8/1/2019 8:00,4.98,4.025,,,,,
1332,8/1/2019 8:15,5.08,4.15,,,,,
1333,8/1/2019 8:30,5.18,4.295,,,,,
1334,8/1/2019 8:45,5.28,4.49,,,,,
1335,8/1/2019 9:00,5.39,4.76,,,,,
1336,8/1/2019 9:15,5.5,5.085,,,,,
1337,8/1/2019 9:30,5.59,5.43,,,,,
1338,8/1/2019 9:45,5.67,5.825,,,,,
1339,8/1/2019 10:00,5.73,6.255,,,,,
1340,8/1/2019 10:15,5.84,6.78,,,,,
1341,8/1/2019 10:30,5.92,7.3,,,,,
1342,8/1/2019 10:45,5.96,7.75,,,,,
1343,8/1/2019 11:00,6.02,8.13,,,,,
1344,8/1/2019 11:15,6.02,8.65,,,,,
1345,8/1/2019 11:30,6.08,9.03,,,,,
1346,8/1/2019 11:45,6.11,9.21,,,,,
1347,8/1/2019 12:00,6.16,9.39,,,,,
1348,8/1/2019 12:15,6.21,9.62,,,,,
1349,8/1/2019 12:30,6.21,9.62,,,,,
1350,8/1/2019 12:45,6.22,9.695,,,,,
1351,8/1/2019 13:00,6.2,9.66,,,,,
1352,8/1/2019 13:15,6.21,9.675,,,,,
1353,8/1/2019 13:30,6.21,9.71,,,,,
1354,8/1/2019 13:45,6.24,9.875,,,,,
1355,8/1/2019 14:00,6.23,10.145,,,,,
1356,8/1/2019 14:15,6.2,10.11,,,,,
1357,8/1/2019 14:30,6.18,10.02,,,,,
1358,8/1/2019 14:45,6.17,9.98,,,,,
1359,8/1/2019 15:00,6.16,9.945,,,,,
1360,8/1/2019 15:15,6.13,10,,,,,
1361,8/1/2019 15:30,6.16,10.25,,,,,
1362,8/1/2019 15:45,6.2,10.575,,,,,
1363,8/1/2019 16:00,6.15,10.79,,,,,
1364,8/1/2019 16:15,6.13,10.83,,,,,
1365,8/1/2019 16:30,6.09,10.845,,,,,
1366,8/1/2019 16:45,6.04,10.81,,,,,
1367,8/1/2019 17:00,5.97,10.81,,,,,
1368,8/1/2019 17:15,5.96,10.74,,,,,
1369,8/1/2019 17:30,5.92,10.56,,,,,
1370,8/1/2019 17:45,5.87,10.34,,,,,
1371,8/1/2019 18:00,5.79,10.11,,,,,
1372,8/1/2019 18:15,5.71,9.875,,,,,
1373,8/1/2019 18:30,5.62,9.675,,,,,
1374,8/1/2019 18:45,5.51,9.495,,,,,
1375,8/1/2019 19:00,5.41,9.315,,,,,
1376,8/1/2019 19:15,5.3,9.17,,,,,
1377,8/1/2019 19:30,5.2,9.03,,,,,
1378,8/1/2019 19:45,5.12,8.885,,,,,
1379,8/1/2019 20:00,5.04,8.775,,,,,
1380,8/1/2019 20:15,4.95,8.65,,,,,
1381,8/1/2019 20:30,4.88,8.54,,,,,
1382,8/1/2019 20:45,4.81,8.415,,,,,
1383,8/1/2019 21:00,4.75,8.27,,,,,
1384,8/1/2019 21:15,4.7,8.145,,,,,
1385,8/1/2019 21:30,4.65,8.055,,,,,
1386,8/1/2019 21:45,4.59,7.985,,,,,
1387,8/1/2019 22:00,4.53,7.895,,,,,
1388,8/1/2019 22:15,4.49,7.785,,,,,
1389,8/1/2019 22:30,4.44,7.715,,,,,
1390,8/1/2019 22:45,4.39,7.64,,,,,
1391,8/1/2019 23:00,4.35,7.59,,,,,
1392,8/1/2019 23:15,4.31,7.535,,,,,
1393,8/1/2019 23:30,4.27,7.48,,,,,
1394,8/1/2019 23:45,4.24,7.445,,,,,
1395,8/2/2019 0:00,4.2,7.39,,,,,
1396,8/2/2019 0:15,4.16,7.335,,,,,
1397,8/2/2019 0:30,4.13,7.3,,,,,
1398,8/2/2019 0:45,4.11,7.265,,,,,
1399,8/2/2019 1:00,4.08,7.23,,,,,
1400,8/2/2019 1:15,4.05,7.19,,,,,
1401,8/2/2019 1:30,4.01,7.175,,,,,
1402,8/2/2019 1:45,3.98,7.155,,,,,
1403,8/2/2019 2:00,3.96,7.1,,,,,
1404,8/2/2019 2:15,3.94,7.065,,,,,
1405,8/2/2019 2:30,3.91,7.03,,,,,
1406,8/2/2019 2:45,3.89,7.01,,,,,
1407,8/2/2019 3:00,3.87,6.975,,,,,
1408,8/2/2019 3:15,3.85,6.96,,,,,
1409,8/2/2019 3:30,3.82,6.92,,,,,
1410,8/2/2019 3:45,3.79,6.885,,,,,
1411,8/2/2019 4:00,3.77,6.85,,,,,
1412,8/2/2019 4:15,3.76,6.795,,,,,
1413,8/2/2019 4:30,3.74,6.76,,,,,
1414,8/2/2019 4:45,3.73,6.725,,,,,
1415,8/2/2019 5:00,3.72,6.705,,,,,
1416,8/2/2019 5:15,3.71,6.67,,,,,
1417,8/2/2019 5:30,3.7,6.635,,,,,
1418,8/2/2019 5:45,3.68,6.6,,,,,
1419,8/2/2019 6:00,3.68,6.58,,,,,
1420,8/2/2019 6:15,3.66,6.56,,,,,
1421,8/2/2019 6:30,3.65,6.525,,,,,
1422,8/2/2019 6:45,3.63,6.51,,,,,
1423,8/2/2019 7:00,3.63,6.49,,,,,
1424,8/2/2019 7:15,3.63,6.51,,,,,
1425,8/2/2019 7:30,3.65,6.51,,,,,
1426,8/2/2019 7:45,3.68,6.525,,,,,
1427,8/2/2019 8:00,3.71,6.545,,,,,
1428,8/2/2019 8:15,3.76,6.6,,,,,
1429,8/2/2019 8:30,3.82,6.67,,,,,
1430,8/2/2019 8:45,3.9,6.76,,,,,
1431,8/2/2019 9:00,3.98,6.87,,,,,
1432,8/2/2019 9:15,4.09,6.96,,,,,
1433,8/2/2019 9:30,4.2,7.065,,,,,
1434,8/2/2019 9:45,4.31,7.23,,,,,
1435,8/2/2019 10:00,4.43,7.37,,,,,
1436,8/2/2019 10:15,4.53,7.515,,,,,
1437,8/2/2019 10:30,4.64,7.695,,,,,
1438,8/2/2019 10:45,4.75,7.875,,,,,
1439,8/2/2019 11:00,4.85,8.055,,,,,
1440,8/2/2019 11:15,4.94,8.415,,,,,
1441,8/2/2019 11:30,5.04,8.775,,,,,
1442,8/2/2019 11:45,5.12,8.885,,,,,
1443,8/2/2019 12:00,5.18,9.03,,,,,
1444,8/2/2019 12:15,5.25,9.245,,,,,
1445,8/2/2019 12:30,5.3,9.315,,,,,
1446,8/2/2019 12:45,5.34,9.585,,,,,
1447,8/2/2019 13:00,5.39,9.98,,,,,
1448,8/2/2019 13:15,5.46,10.34,,,,,
1449,8/2/2019 13:30,5.48,10.505,,,,,
1450,8/2/2019 13:45,5.54,10.575,,,,,
1451,8/2/2019 14:00,5.57,10.56,,,,,
1452,8/2/2019 14:15,5.61,10.485,,,,,
1453,8/2/2019 14:16,,,Logged,,,,
1454,8/2/2019 14:16,,,,Logged,,,
1455,8/2/2019 14:17,,,,,Logged,,
1456,8/2/2019 14:30,5.68,10.47,,,,,
1457,8/2/2019 14:45,5.67,10.305,,,,,
1458,8/2/2019 15:00,5.66,10.215,,,,,
1459,8/2/2019 15:15,5.66,10.145,,,,,
1460,8/2/2019 15:30,5.68,10.16,,,,,
1461,8/2/2019 15:45,5.68,10.18,,,,,
1462,8/2/2019 16:00,5.65,10.07,,,,,
1463,8/2/2019 16:15,5.64,10.035,,,,,
1464,8/2/2019 16:30,5.59,9.945,,,,,
1465,8/2/2019 16:45,5.55,9.84,,,,,
1466,8/2/2019 17:00,5.48,9.695,,,,,
1467,8/2/2019 17:15,5.42,9.57,,,,,
1468,8/2/2019 17:30,5.36,9.46,,,,,
1469,8/2/2019 17:45,5.29,9.335,,,,,
1470,8/2/2019 18:00,5.19,9.21,,,,,
1471,8/2/2019 18:15,5.09,9.08,,,,,
1472,8/2/2019 18:30,4.98,8.955,,,,,
1473,8/2/2019 18:45,4.91,8.81,,,,,
1474,8/2/2019 19:00,4.84,8.705,,,,,
1475,8/2/2019 19:15,4.76,8.615,,,,,
1476,8/2/2019 19:30,4.69,8.525,,,,,
1477,8/2/2019 19:45,4.64,8.435,,,,,
1478,8/2/2019 20:00,4.6,8.345,,,,,
1479,8/2/2019 20:15,4.57,8.235,,,,,
1480,8/2/2019 20:30,4.53,8.145,,,,,
1481,8/2/2019 20:45,4.51,8.075,,,,,
1482,8/2/2019 21:00,4.49,8.02,,,,,
1483,8/2/2019 21:15,4.47,7.93,,,,,
1484,8/2/2019 21:30,4.45,7.875,,,,,
1485,8/2/2019 21:45,4.44,7.805,,,,,
1486,8/2/2019 22:00,4.44,7.75,,,,,
1487,8/2/2019 22:15,4.44,7.68,,,,,
1488,8/2/2019 22:30,4.46,7.625,,,,,
1489,8/2/2019 22:45,4.46,7.59,,,,,
1490,8/2/2019 23:00,4.53,7.515,,,,,
1491,8/2/2019 23:15,4.54,7.48,,,,,
1492,8/2/2019 23:30,4.51,7.445,,,,,
1493,8/2/2019 23:45,4.47,7.41,,,,,
1494,8/3/2019 0:00,4.45,7.37,,,,,
1495,8/3/2019 0:15,4.43,7.335,,,,,
1496,8/3/2019 0:30,4.41,7.3,,,,,
1497,8/3/2019 0:45,4.39,7.28,,,,,
1498,8/3/2019 1:00,4.38,7.245,,,,,
1499,8/3/2019 1:15,4.36,7.21,,,,,
1500,8/3/2019 1:30,4.4,7.155,,,,,
1501,8/3/2019 1:45,4.45,7.1,,,,,
1502,8/3/2019 2:00,4.47,7.065,,,,,
1503,8/3/2019 2:15,4.49,7.01,,,,,
1504,8/3/2019 2:30,4.49,6.975,,,,,
1505,8/3/2019 2:45,4.51,6.92,,,,,
1506,8/3/2019 3:00,4.52,6.885,,,,,
1507,8/3/2019 3:15,4.54,6.83,,,,,
1508,8/3/2019 3:30,4.54,6.78,,,,,
1509,8/3/2019 3:45,4.55,6.725,,,,,
1510,8/3/2019 4:00,4.55,6.67,,,,,
1511,8/3/2019 4:15,4.55,6.635,,,,,
1512,8/3/2019 4:30,4.64,6.545,,,,,
1513,8/3/2019 4:45,4.75,6.455,,,,,
1514,8/3/2019 5:00,4.93,6.33,,,,,
1515,8/3/2019 5:15,4.93,6.29,,,,,
1516,8/3/2019 5:30,4.89,6.255,,,,,
1517,8/3/2019 5:45,4.87,6.2,,,,,
1518,8/3/2019 6:00,4.85,6.165,,,,,
1519,8/3/2019 6:15,4.8,6.13,,,,,
1520,8/3/2019 6:30,4.78,6.095,,,,,
1521,8/3/2019 6:45,4.76,6.075,,,,,
1522,8/3/2019 7:00,4.77,6.04,,,,,
1523,8/3/2019 7:15,4.81,6.005,,,,,
1524,8/3/2019 7:30,4.88,5.985,,,,,
1525,8/3/2019 7:45,4.93,5.985,,,,,
1526,8/3/2019 8:00,5.08,5.985,,,,,
1527,8/3/2019 8:15,5.24,6.005,,,,,
1528,8/3/2019 8:30,5.36,6.075,,,,,
1529,8/3/2019 8:45,5.49,6.15,,,,,
1530,8/3/2019 9:00,5.58,6.2,,,,,
1531,8/3/2019 9:15,5.7,6.29,,,,,
1532,8/3/2019 9:30,5.83,6.42,,,,,
1533,8/3/2019 9:45,5.98,6.56,,,,,
1534,8/3/2019 10:00,6.11,6.78,,,,,
1535,8/3/2019 10:15,6.21,6.975,,,,,
1536,8/3/2019 10:30,6.29,7.155,,,,,
1537,8/3/2019 10:45,6.35,7.335,,,,,
1538,8/3/2019 11:00,6.42,7.445,,,,,
1539,8/3/2019 11:15,6.46,7.515,,,,,
1540,8/3/2019 11:30,6.51,7.57,,,,,
1541,8/3/2019 11:45,6.51,7.64,,,,,
1542,8/3/2019 12:00,6.56,7.77,,,,,
1543,8/3/2019 12:15,6.6,7.91,,,,,
1544,8/3/2019 12:30,6.63,8.04,,,,,
1545,8/3/2019 12:45,6.67,8.18,,,,,
1546,8/3/2019 13:00,6.72,8.58,,,,,
1547,8/3/2019 13:15,6.71,8.72,,,,,
1548,8/3/2019 13:30,6.72,8.81,,,,,
1549,8/3/2019 13:45,6.73,8.9,,,,,
1550,8/3/2019 14:00,6.74,9.03,,,,,
1551,8/3/2019 14:15,6.74,9.08,,,,,
1552,8/3/2019 14:30,6.73,9.08,,,,,
1553,8/3/2019 14:45,6.74,9.155,,,,,
1554,8/3/2019 15:00,6.77,9.48,,,,,
1555,8/3/2019 15:15,6.75,9.875,,,,,
1556,8/3/2019 15:30,6.71,9.965,,,,,
1557,8/3/2019 15:45,6.72,10.125,,,,,
1558,8/3/2019 16:00,6.7,10.27,,,,,
1559,8/3/2019 16:15,6.69,10.325,,,,,
1560,8/3/2019 16:30,6.65,10.38,,,,,
1561,8/3/2019 16:45,6.62,10.325,,,,,
1562,8/3/2019 17:00,6.6,10.18,,,,,
1563,8/3/2019 17:15,6.56,10.035,,,,,
1564,8/3/2019 17:30,6.54,9.855,,,,,
1565,8/3/2019 17:45,6.5,9.64,,,,,
1566,8/3/2019 18:00,6.46,9.44,,,,,
1567,8/3/2019 18:15,6.35,9.17,,,,,
1568,8/3/2019 18:30,6.25,8.94,,,,,
1569,8/3/2019 18:45,6.14,8.72,,,,,
1570,8/3/2019 19:00,6.04,8.54,,,,,
1571,8/3/2019 19:15,5.94,8.38,,,,,
1572,8/3/2019 19:30,5.85,8.255,,,,,
1573,8/3/2019 19:45,5.76,8.13,,,,,
1574,8/3/2019 20:00,5.7,7.985,,,,,
1575,8/3/2019 20:15,5.65,7.875,,,,,
1576,8/3/2019 20:30,5.58,7.785,,,,,
1577,8/3/2019 20:45,5.53,7.68,,,,,
1578,8/3/2019 21:00,5.48,7.605,,,,,
1579,8/3/2019 21:15,5.43,7.515,,,,,
1580,8/3/2019 21:30,5.36,7.425,,,,,
1581,8/3/2019 21:45,5.32,7.32,,,,,
1582,8/3/2019 22:00,5.29,7.21,,,,,
1583,8/3/2019 22:15,5.25,7.155,,,,,
1584,8/3/2019 22:30,5.23,7.065,,,,,
1585,8/3/2019 22:45,5.22,6.995,,,,,
1586,8/3/2019 23:00,5.19,6.94,,,,,
1587,8/3/2019 23:15,5.17,6.885,,,,,
1588,8/3/2019 23:30,5.15,6.815,,,,,
1589,8/3/2019 23:45,5.15,6.76,,,,,
1590,8/4/2019 0:00,5.14,6.69,,,,,
1591,8/4/2019 0:15,5.14,6.6,,,,,
1592,8/4/2019 0:30,5.15,6.525,,,,,
1593,8/4/2019 0:45,5.18,6.435,,,,,
1594,8/4/2019 1:00,5.19,6.38,,,,,
1595,8/4/2019 1:15,5.19,6.33,,,,,
1596,8/4/2019 1:30,5.17,6.31,,,,,
1597,8/4/2019 1:45,5.14,6.275,,,,,
1598,8/4/2019 2:00,5.14,6.24,,,,,
1599,8/4/2019 2:15,5.13,6.2,,,,,
1600,8/4/2019 2:30,5.12,6.165,,,,,
1601,8/4/2019 2:45,5.1,6.13,,,,,
1602,8/4/2019 3:00,5.09,6.095,,,,,
1603,8/4/2019 3:15,5.07,6.075,,,,,
1604,8/4/2019 3:30,5.04,6.06,,,,,
1605,8/4/2019 3:45,5.02,6.04,,,,,
1606,8/4/2019 4:00,4.98,6.005,,,,,
1607,8/4/2019 4:15,4.97,6.005,,,,,
1608,8/4/2019 4:30,4.95,5.97,,,,,
1609,8/4/2019 4:45,4.95,5.93,,,,,
1610,8/4/2019 5:00,4.95,5.915,,,,,
1611,8/4/2019 5:15,4.94,5.88,,,,,
1612,8/4/2019 5:30,4.94,5.86,,,,,
1613,8/4/2019 5:45,4.94,5.825,,,,,
1614,8/4/2019 6:00,4.93,5.805,,,,,
1615,8/4/2019 6:15,4.92,5.77,,,,,
1616,8/4/2019 6:30,4.94,5.75,,,,,
1617,8/4/2019 6:45,4.97,5.735,,,,,
1618,8/4/2019 7:00,5.04,5.735,,,,,
1619,8/4/2019 7:15,5.12,5.75,,,,,
1620,8/4/2019 7:30,5.24,5.77,,,,,
1621,8/4/2019 7:45,5.34,5.79,,,,,
1622,8/4/2019 8:00,5.44,5.86,,,,,
1623,8/4/2019 8:15,5.56,5.95,,,,,
1624,8/4/2019 8:30,5.66,5.985,,,,,
1625,8/4/2019 8:45,5.77,6.005,,,,,
1626,8/4/2019 9:00,5.88,6.075,,,,,
1627,8/4/2019 9:15,5.95,6.15,,,,,
1628,8/4/2019 9:30,6.02,6.185,,,,,
1629,8/4/2019 9:45,6.07,6.185,,,,,
1630,8/4/2019 10:00,6.12,6.185,,,,,
1631,8/4/2019 10:15,6.14,6.2,,,,,
1632,8/4/2019 10:30,6.2,6.2,,,,,
1633,8/4/2019 10:45,6.24,6.22,,,,,
1634,8/4/2019 11:00,6.32,6.33,,,,,
1635,8/4/2019 11:15,6.45,6.47,,,,,
1636,8/4/2019 11:30,6.55,6.705,,,,,
1637,8/4/2019 11:45,6.64,7.065,,,,,
1638,8/4/2019 12:00,6.69,7.605,,,,,
1639,8/4/2019 12:15,6.71,8.29,,,,,
1640,8/4/2019 12:30,6.73,8.49,,,,,
1641,8/4/2019 12:45,6.75,8.72,,,,,
1642,8/4/2019 13:00,6.75,8.685,,,,,
1643,8/4/2019 13:15,6.8,8.775,,,,,
1644,8/4/2019 13:30,6.82,8.92,,,,,
1645,8/4/2019 13:45,6.81,8.85,,,,,
1646,8/4/2019 14:00,6.84,8.83,,,,,
1647,8/4/2019 14:15,6.88,9.1,,,,,
1648,8/4/2019 14:30,6.87,9.135,,,,,
1649,8/4/2019 14:45,6.87,9.12,,,,,
1650,8/4/2019 15:00,6.85,9.045,,,,,
1651,8/4/2019 15:15,6.81,8.83,,,,,
1652,8/4/2019 15:30,6.76,8.615,,,,,
1653,8/4/2019 15:45,6.72,8.435,,,,,
1654,8/4/2019 16:00,6.69,8.255,,,,,
1655,8/4/2019 16:15,6.65,8.11,,,,,
1656,8/4/2019 16:30,6.62,7.965,,,,,
1657,8/4/2019 16:45,6.56,7.82,,,,,
1658,8/4/2019 17:00,6.51,7.715,,,,,
1659,8/4/2019 17:15,6.47,7.605,,,,,
1660,8/4/2019 17:30,6.42,7.515,,,,,
1661,8/4/2019 17:45,6.37,7.41,,,,,
1662,8/4/2019 18:00,6.3,7.32,,,,,
1663,8/4/2019 18:15,6.24,7.21,,,,,
1664,8/4/2019 18:30,6.15,7.12,,,,,
1665,8/4/2019 18:45,6.08,7.05,,,,,
1666,8/4/2019 19:00,6,6.975,,,,,
1667,8/4/2019 19:15,5.91,6.905,,,,,
1668,8/4/2019 19:30,5.85,6.83,,,,,
1669,8/4/2019 19:45,5.78,6.74,,,,,
1670,8/4/2019 20:00,5.72,6.67,,,,,
1671,8/4/2019 20:15,5.68,6.6,,,,,
1672,8/4/2019 20:30,5.64,6.525,,,,,
1673,8/4/2019 20:45,5.58,6.455,,,,,
1674,8/4/2019 21:00,5.55,6.38,,,,,
1675,8/4/2019 21:15,5.51,6.33,,,,,
1676,8/4/2019 21:30,5.48,6.275,,,,,
1677,8/4/2019 21:45,5.45,6.2,,,,,
1678,8/4/2019 22:00,5.42,6.15,,,,,
1679,8/4/2019 22:15,5.39,6.095,,,,,
1680,8/4/2019 22:30,5.36,6.02,,,,,
1681,8/4/2019 22:45,5.34,5.985,,,,,
1682,8/4/2019 23:00,5.32,5.93,,,,,
1683,8/4/2019 23:15,5.31,5.88,,,,,
1684,8/4/2019 23:30,5.29,5.84,,,,,
1685,8/4/2019 23:45,5.27,5.805,,,,,
1686,8/5/2019 0:00,5.25,5.75,,,,,
1687,8/5/2019 0:15,5.25,5.715,,,,,
1688,8/5/2019 0:30,5.23,5.68,,,,,
1689,8/5/2019 0:45,5.2,5.645,,,,,
1690,8/5/2019 1:00,5.19,5.61,,,,,
1691,8/5/2019 1:15,5.17,5.57,,,,,
1692,8/5/2019 1:30,5.15,5.555,,,,,
1693,8/5/2019 1:45,5.13,5.535,,,,,
1694,8/5/2019 2:00,5.11,5.5,,,,,
1695,8/5/2019 2:15,5.09,5.465,,,,,
1696,8/5/2019 2:30,5.07,5.445,,,,,
1697,8/5/2019 2:45,5.06,5.41,,,,,
1698,8/5/2019 3:00,5.05,5.375,,,,,
1699,8/5/2019 3:15,5.03,5.34,,,,,
1700,8/5/2019 3:30,5,5.32,,,,,
1701,8/5/2019 3:45,4.98,5.285,,,,,
1702,8/5/2019 4:00,4.98,5.265,,,,,
1703,8/5/2019 4:15,4.97,5.23,,,,,
1704,8/5/2019 4:30,4.95,5.21,,,,,
1705,8/5/2019 4:45,4.94,5.175,,,,,
1706,8/5/2019 5:00,4.93,5.16,,,,,
1707,8/5/2019 5:15,4.91,5.14,,,,,
1708,8/5/2019 5:30,4.9,5.12,,,,,
1709,8/5/2019 5:45,4.88,5.085,,,,,
1710,8/5/2019 6:00,4.88,5.07,,,,,
1711,8/5/2019 6:15,4.87,5.05,,,,,
1712,8/5/2019 6:30,4.86,5.03,,,,,
1713,8/5/2019 6:45,4.85,5.015,,,,,
1714,8/5/2019 7:00,4.85,4.995,,,,,
1715,8/5/2019 7:15,4.87,4.995,,,,,
1716,8/5/2019 7:30,4.9,4.995,,,,,
1717,8/5/2019 7:45,4.95,5.015,,,,,
1718,8/5/2019 8:00,5.04,5.07,,,,,
1719,8/5/2019 8:15,5.13,5.105,,,,,
1720,8/5/2019 8:30,5.23,5.14,,,,,
1721,8/5/2019 8:45,5.31,5.195,,,,,
1722,8/5/2019 9:00,5.39,5.265,,,,,
1723,8/5/2019 9:15,5.51,5.34,,,,,
1724,8/5/2019 9:30,5.62,5.43,,,,,
1725,8/5/2019 9:45,5.72,5.535,,,,,
1726,8/5/2019 10:00,5.82,5.625,,,,,
1727,8/5/2019 10:15,5.92,5.825,,,,,
1728,8/5/2019 10:30,6.01,6.02,,,,,
1729,8/5/2019 10:45,6.09,6.22,,,,,
1730,8/5/2019 11:00,6.17,6.49,,,,,
1731,8/5/2019 11:15,6.26,6.725,,,,,
1732,8/5/2019 11:30,6.33,7.12,,,,,
1733,8/5/2019 11:45,6.38,7.605,,,,,
1734,8/5/2019 12:00,6.43,7.985,,,,,
1735,8/5/2019 12:15,6.46,8.09,,,,,
1736,8/5/2019 12:30,6.51,8.47,,,,,
1737,8/5/2019 12:45,6.59,9.19,,,,,
1738,8/5/2019 13:00,6.53,9.73,,,,,
1739,8/5/2019 13:15,6.54,9.855,,,,,
1740,8/5/2019 13:30,6.54,9.965,,,,,
1741,8/5/2019 13:45,6.54,10.055,,,,,
1742,8/5/2019 14:00,6.54,10,,,,,
1743,8/5/2019 14:15,6.57,10.2,,,,,
1744,8/5/2019 14:30,6.57,10.72,,,,,
1745,8/5/2019 14:45,6.53,10.7,,,,,
1746,8/5/2019 15:00,6.5,10.54,,,,,
1747,8/5/2019 15:15,6.5,10.47,,,,,
1748,8/5/2019 15:30,6.51,10.575,,,,,
1749,8/5/2019 15:45,6.5,10.665,,,,,
1750,8/5/2019 16:00,6.5,10.63,,,,,
1751,8/5/2019 16:15,6.47,10.52,,,,,
1752,8/5/2019 16:30,6.44,10.36,,,,,
1753,8/5/2019 16:45,6.41,10.2,,,,,
1754,8/5/2019 17:00,6.33,10.02,,,,,
1755,8/5/2019 17:15,6.26,9.82,,,,,
1756,8/5/2019 17:30,6.18,9.585,,,,,
1757,8/5/2019 17:45,6.11,9.37,,,,,
1758,8/5/2019 18:00,6.04,9.17,,,,,
1759,8/5/2019 18:15,5.96,8.99,,,,,
1760,8/5/2019 18:30,5.88,8.795,,,,,
1761,8/5/2019 18:45,5.78,8.63,,,,,
1762,8/5/2019 19:00,5.68,8.47,,,,,
1763,8/5/2019 19:15,5.59,8.31,,,,,
1764,8/5/2019 19:30,5.51,8.165,,,,,
1765,8/5/2019 19:45,5.43,8.04,,,,,
1766,8/5/2019 20:00,5.35,7.91,,,,,
1767,8/5/2019 20:15,5.3,7.805,,,,,
1768,8/5/2019 20:30,5.26,7.695,,,,,
1769,8/5/2019 20:45,5.19,7.57,,,,,
1770,8/5/2019 21:00,5.16,7.48,,,,,
1771,8/5/2019 21:15,5.12,7.39,,,,,
1772,8/5/2019 21:30,5.08,7.3,,,,,
1773,8/5/2019 21:45,5.04,7.21,,,,,
1774,8/5/2019 22:00,4.99,7.14,,,,,
1775,8/5/2019 22:15,4.94,7.065,,,,,
1776,8/5/2019 22:30,4.9,6.995,,,,,
1777,8/5/2019 22:45,4.86,6.92,,,,,
1778,8/5/2019 23:00,4.83,6.83,,,,,
1779,8/5/2019 23:15,4.81,6.76,,,,,
1780,8/5/2019 23:30,4.79,6.705,,,,,
1781,8/5/2019 23:45,4.77,6.635,,,,,
1782,8/6/2019 0:00,4.75,6.58,,,,,
1783,8/6/2019 0:15,4.73,6.525,,,,,
1784,8/6/2019 0:30,4.71,6.455,,,,,
1785,8/6/2019 0:45,4.66,6.4,,,,,
1786,8/6/2019 1:00,4.65,6.33,,,,,
1787,8/6/2019 1:15,4.65,6.255,,,,,
1788,8/6/2019 1:30,4.63,6.2,,,,,
1789,8/6/2019 1:45,4.61,6.15,,,,,
1790,8/6/2019 2:00,4.59,6.095,,,,,
1791,8/6/2019 2:15,4.58,6.02,,,,,
1792,8/6/2019 2:30,4.57,5.97,,,,,
1793,8/6/2019 2:45,4.56,5.915,,,,,
1794,8/6/2019 3:00,4.55,5.86,,,,,
1795,8/6/2019 3:15,4.54,5.805,,,,,
1796,8/6/2019 3:30,4.53,5.77,,,,,
1797,8/6/2019 3:45,4.52,5.735,,,,,
1798,8/6/2019 4:00,4.52,5.68,,,,,
1799,8/6/2019 4:15,4.51,5.645,,,,,
1800,8/6/2019 4:30,4.51,5.59,,,,,
1801,8/6/2019 4:45,4.5,5.555,,,,,
1802,8/6/2019 5:00,4.5,5.52,,,,,
1803,8/6/2019 5:15,4.49,5.48,,,,,
1804,8/6/2019 5:30,4.48,5.445,,,,,
1805,8/6/2019 5:45,4.48,5.41,,,,,
1806,8/6/2019 6:00,4.48,5.355,,,,,
1807,8/6/2019 6:15,4.48,5.32,,,,,
1808,8/6/2019 6:30,4.48,5.285,,,,,
1809,8/6/2019 6:45,4.47,5.25,,,,,
1810,8/6/2019 7:00,4.47,5.23,,,,,
1811,8/6/2019 7:15,4.49,5.23,,,,,
1812,8/6/2019 7:30,4.52,5.21,,,,,
1813,8/6/2019 7:45,4.57,5.23,,,,,
1814,8/6/2019 8:00,4.64,5.285,,,,,
1815,8/6/2019 8:15,4.72,5.32,,,,,
1816,8/6/2019 8:30,4.79,5.355,,,,,
1817,8/6/2019 8:45,4.9,5.43,,,,,
1818,8/6/2019 9:00,4.99,5.52,,,,,
1819,8/6/2019 9:15,5.11,5.715,,,,,
1820,8/6/2019 9:30,5.23,5.95,,,,,
1821,8/6/2019 9:45,5.33,6.15,,,,,
1822,8/6/2019 10:00,5.44,6.345,,,,,
1823,8/6/2019 10:15,5.54,6.58,,,,,
1824,8/6/2019 10:30,5.64,6.815,,,,,
1825,8/6/2019 10:45,5.73,7.085,,,,,
1826,8/6/2019 11:00,5.82,7.445,,,,,
1827,8/6/2019 11:15,5.88,7.86,,,,,
1828,8/6/2019 11:30,5.93,8.165,,,,,
1829,8/6/2019 11:45,5.96,8.27,,,,,
1830,8/6/2019 12:00,6.02,8.38,,,,,
1831,8/6/2019 12:15,6.08,8.65,,,,,
1832,8/6/2019 12:30,6.13,9.1,,,,,
1833,8/6/2019 12:45,6.14,9.37,,,,,
1834,8/6/2019 13:00,6.16,9.57,,,,,
1835,8/6/2019 13:15,6.15,9.53,,,,,
1836,8/6/2019 13:30,6.33,9.765,,,,,
1837,8/6/2019 13:31,,,Logged,,,,
1838,8/6/2019 13:32,,,,Logged,,,
1839,8/6/2019 13:32,,,,,Logged,,
1840,8/6/2019 13:45,6.28,9.64,,,,,
1841,8/6/2019 14:00,6.28,9.585,,,,,
1842,8/6/2019 14:15,6.25,9.44,,,,,
1843,8/6/2019 14:30,6.27,9.335,,,,,
1844,8/6/2019 14:45,6.27,9.26,,,,,
1845,8/6/2019 15:00,6.28,9.26,,,,,
1846,8/6/2019 15:15,6.27,9.225,,,,,
1847,8/6/2019 15:30,6.27,9.28,,,,,
1848,8/6/2019 15:45,6.27,9.26,,,,,
1849,8/6/2019 16:00,6.27,9.315,,,,,
1850,8/6/2019 16:15,6.24,9.28,,,,,
1851,8/6/2019 16:30,6.16,9.1,,,,,
1852,8/6/2019 16:45,6.14,8.975,,,,,
1853,8/6/2019 17:00,6.11,8.865,,,,,
1854,8/6/2019 17:15,6.04,8.72,,,,,
1855,8/6/2019 17:30,6.04,8.65,,,,,
1856,8/6/2019 17:45,6.02,8.56,,,,,
1857,8/6/2019 18:00,5.95,8.45,,,,,
1858,8/6/2019 18:15,5.87,8.29,,,,,
1859,8/6/2019 18:30,5.75,8.13,,,,,
1860,8/6/2019 18:45,5.65,7.985,,,,,
1861,8/6/2019 19:00,5.54,7.84,,,,,
1862,8/6/2019 19:15,5.45,7.68,,,,,
1863,8/6/2019 19:30,5.36,7.535,,,,,
1864,8/6/2019 19:45,5.29,7.41,,,,,
1865,8/6/2019 20:00,5.23,7.3,,,,,
1866,8/6/2019 20:15,5.16,7.19,,,,,
1867,8/6/2019 20:30,5.1,7.1,,,,,
1868,8/6/2019 20:45,5.05,7.01,,,,,
1869,8/6/2019 21:00,4.99,6.92,,,,,
1870,8/6/2019 21:15,4.94,6.85,,,,,
1871,8/6/2019 21:30,4.9,6.76,,,,,
1872,8/6/2019 21:45,4.87,6.69,,,,,
1873,8/6/2019 22:00,4.83,6.635,,,,,
1874,8/6/2019 22:15,4.79,6.58,,,,,
1875,8/6/2019 22:30,4.75,6.525,,,,,
1876,8/6/2019 22:45,4.72,6.49,,,,,
1877,8/6/2019 23:00,4.69,6.455,,,,,
1878,8/6/2019 23:15,4.66,6.4,,,,,
1879,8/6/2019 23:30,4.63,6.365,,,,,
1880,8/6/2019 23:45,4.59,6.31,,,,,
1881,8/7/2019 0:00,4.57,6.255,,,,,
1882,8/7/2019 0:15,4.54,6.22,,,,,
1883,8/7/2019 0:30,4.52,6.15,,,,,
1884,8/7/2019 0:45,4.51,6.095,,,,,
1885,8/7/2019 1:00,4.48,6.04,,,,,
1886,8/7/2019 1:15,4.47,5.985,,,,,
1887,8/7/2019 1:30,4.45,5.95,,,,,
1888,8/7/2019 1:45,4.43,5.895,,,,,
1889,8/7/2019 2:00,4.4,5.86,,,,,
1890,8/7/2019 2:15,4.4,5.805,,,,,
1891,8/7/2019 2:30,4.38,5.79,,,,,
1892,8/7/2019 2:45,4.37,5.75,,,,,
1893,8/7/2019 3:00,4.36,5.715,,,,,
1894,8/7/2019 3:15,4.35,5.68,,,,,
1895,8/7/2019 3:30,4.34,5.66,,,,,
1896,8/7/2019 3:45,4.32,5.625,,,,,
1897,8/7/2019 4:00,4.31,5.59,,,,,
1898,8/7/2019 4:15,4.3,5.555,,,,,
1899,8/7/2019 4:30,4.29,5.52,,,,,
1900,8/7/2019 4:45,4.28,5.5,,,,,
1901,8/7/2019 5:00,4.27,5.465,,,,,
1902,8/7/2019 5:15,4.26,5.43,,,,,
1903,8/7/2019 5:30,4.26,5.41,,,,,
1904,8/7/2019 5:45,4.25,5.39,,,,,
1905,8/7/2019 6:00,4.24,5.375,,,,,
1906,8/7/2019 6:15,4.22,5.34,,,,,
1907,8/7/2019 6:30,4.22,5.32,,,,,
1908,8/7/2019 6:45,4.21,5.3,,,,,
1909,8/7/2019 7:00,4.22,5.3,,,,,
1910,8/7/2019 7:15,4.24,5.285,,,,,
1911,8/7/2019 7:30,4.27,5.285,,,,,
1912,8/7/2019 7:45,4.33,5.32,,,,,
1913,8/7/2019 8:00,4.4,5.34,,,,,
1914,8/7/2019 8:15,4.48,5.375,,,,,
1915,8/7/2019 8:30,4.56,5.41,,,,,
1916,8/7/2019 8:45,4.65,5.445,,,,,
1917,8/7/2019 9:00,4.72,5.48,,,,,
1918,8/7/2019 9:15,4.8,5.52,,,,,
1919,8/7/2019 9:30,4.88,5.535,,,,,
1920,8/7/2019 9:45,4.96,5.59,,,,,
1921,8/7/2019 10:00,5.07,5.68,,,,,
1922,8/7/2019 10:15,5.18,5.825,,,,,
1923,8/7/2019 10:30,5.32,5.985,,,,,
1924,8/7/2019 10:45,5.43,6.095,,,,,
1925,8/7/2019 11:00,5.5,6.185,,,,,
1926,8/7/2019 11:15,5.57,6.275,,,,,
1927,8/7/2019 11:30,5.62,6.31,,,,,
1928,8/7/2019 11:45,5.7,6.47,,,,,
1929,8/7/2019 12:00,5.75,6.615,,,,,
1930,8/7/2019 12:15,5.82,6.705,,,,,
1931,8/7/2019 12:30,5.89,6.94,,,,,
1932,8/7/2019 12:45,5.91,7.05,,,,,
1933,8/7/2019 13:00,5.95,7.085,,,,,
1934,8/7/2019 13:15,6.03,7.3,,,,,
1935,8/7/2019 13:30,6.09,7.605,,,,,
1936,8/7/2019 13:45,6.12,7.785,,,,,
1937,8/7/2019 14:00,6.15,7.985,,,,,
1938,8/7/2019 14:15,6.12,7.965,,,,,
1939,8/7/2019 14:30,6.17,8.04,,,,,
1940,8/7/2019 14:45,6.2,8.31,,,,,
1941,8/7/2019 15:00,6.16,8.29,,,,,
1942,8/7/2019 15:15,6.16,8.415,,,,,
1943,8/7/2019 15:30,6.15,8.36,,,,,
1944,8/7/2019 15:45,6.15,8.38,,,,,
1945,8/7/2019 16:00,6.16,8.415,,,,,
1946,8/7/2019 16:15,6.17,8.49,,,,,
1947,8/7/2019 16:30,6.14,8.415,,,,,
1948,8/7/2019 16:45,6.09,8.29,,,,,
1949,8/7/2019 17:00,6.07,8.18,,,,,
1950,8/7/2019 17:15,6.02,8.075,,,,,
1951,8/7/2019 17:30,5.95,7.93,,,,,
1952,8/7/2019 17:45,5.9,7.785,,,,,
1953,8/7/2019 18:00,5.83,7.66,,,,,
1954,8/7/2019 18:15,5.75,7.535,,,,,
1955,8/7/2019 18:30,5.67,7.39,,,,,
1956,8/7/2019 18:45,5.57,7.265,,,,,
1957,8/7/2019 19:00,5.49,7.155,,,,,
1958,8/7/2019 19:15,5.39,7.05,,,,,
1959,8/7/2019 19:30,5.32,6.92,,,,,
1960,8/7/2019 19:45,5.25,6.85,,,,,
1961,8/7/2019 20:00,5.19,6.76,,,,,
1962,8/7/2019 20:15,5.12,6.69,,,,,
1963,8/7/2019 20:30,5.07,6.6,,,,,
1964,8/7/2019 20:45,5.02,6.51,,,,,
1965,8/7/2019 21:00,4.97,6.435,,,,,
1966,8/7/2019 21:15,4.92,6.38,,,,,
1967,8/7/2019 21:30,4.88,6.33,,,,,
1968,8/7/2019 21:45,4.84,6.255,,,,,
1969,8/7/2019 22:00,4.8,6.2,,,,,
1970,8/7/2019 22:15,4.77,6.165,,,,,
1971,8/7/2019 22:30,4.74,6.13,,,,,
1972,8/7/2019 22:45,4.71,6.075,,,,,
1973,8/7/2019 23:00,4.68,6.02,,,,,
1974,8/7/2019 23:15,4.66,5.985,,,,,
1975,8/7/2019 23:30,4.63,5.95,,,,,
1976,8/7/2019 23:45,4.6,5.915,,,,,
1977,8/8/2019 0:00,4.58,5.88,,,,,
1978,8/8/2019 0:15,4.55,5.84,,,,,
1979,8/8/2019 0:30,4.53,5.805,,,,,
1980,8/8/2019 0:45,4.51,5.77,,,,,
1981,8/8/2019 1:00,4.5,5.735,,,,,
1982,8/8/2019 1:15,4.48,5.7,,,,,
1983,8/8/2019 1:30,4.46,5.68,,,,,
1984,8/8/2019 1:45,4.45,5.66,,,,,
1985,8/8/2019 2:00,4.43,5.625,,,,,
1986,8/8/2019 2:15,4.4,5.59,,,,,
1987,8/8/2019 2:30,4.39,5.57,,,,,
1988,8/8/2019 2:45,4.38,5.535,,,,,
1989,8/8/2019 3:00,4.39,5.5,,,,,
1990,8/8/2019 3:15,4.4,5.445,,,,,
1991,8/8/2019 3:30,4.43,5.41,,,,,
1992,8/8/2019 3:45,4.44,5.39,,,,,
1993,8/8/2019 4:00,4.44,5.375,,,,,
1994,8/8/2019 4:15,4.48,5.3,,,,,
1995,8/8/2019 4:30,4.51,5.25,,,,,
1996,8/8/2019 4:45,4.51,5.25,,,,,
1997,8/8/2019 5:00,4.52,5.23,,,,,
1998,8/8/2019 5:15,4.52,5.16,,,,,
1999,8/8/2019 5:30,4.53,5.14,,,,,
2000,8/8/2019 5:45,4.51,5.12,,,,,
2001,8/8/2019 6:00,4.5,5.105,,,,,
2002,8/8/2019 6:15,4.49,5.105,,,,,
2003,8/8/2019 6:30,4.47,5.085,,,,,
2004,8/8/2019 6:45,4.46,5.03,,,,,
2005,8/8/2019 7:00,4.5,4.94,,,,,
2006,8/8/2019 7:15,4.54,4.94,,,,,
2007,8/8/2019 7:30,4.6,4.94,,,,,
2008,8/8/2019 7:45,4.68,4.96,,,,,
2009,8/8/2019 8:00,4.77,4.995,,,,,
2010,8/8/2019 8:15,4.88,5.05,,,,,
2011,8/8/2019 8:30,4.96,5.07,,,,,
2012,8/8/2019 8:45,5.07,5.14,,,,,
2013,8/8/2019 9:00,5.16,5.265,,,,,
2014,8/8/2019 9:15,5.26,5.39,,,,,
2015,8/8/2019 9:30,5.37,5.555,,,,,
2016,8/8/2019 9:45,5.47,5.75,,,,,
2017,8/8/2019 10:00,5.56,5.915,,,,,
2018,8/8/2019 10:15,5.64,6.075,,,,,
2019,8/8/2019 10:30,5.71,6.165,,,,,
2020,8/8/2019 10:45,5.81,6.345,,,,,
2021,8/8/2019 11:00,5.9,6.705,,,,,
2022,8/8/2019 11:15,5.95,6.885,,,,,
2023,8/8/2019 11:30,5.98,7.01,,,,,
2024,8/8/2019 11:45,5.98,7.03,,,,,
2025,8/8/2019 12:00,5.96,7.175,,,,,
2026,8/8/2019 12:15,6.09,7.39,,,,,
2027,8/8/2019 12:30,6.16,7.785,,,,,
2028,8/8/2019 12:45,6.2,8.18,,,,,
2029,8/8/2019 13:00,6.12,8.415,,,,,
2030,8/8/2019 13:15,6.08,8.38,,,,,
2031,8/8/2019 13:30,6.05,8.235,,,,,
2032,8/8/2019 13:45,6.06,8.22,,,,,
2033,8/8/2019 14:00,6.05,8.235,,,,,
2034,8/8/2019 14:15,6.07,8.18,,,,,
2035,8/8/2019 14:30,6.05,8.11,,,,,
2036,8/8/2019 14:45,6.05,8.165,,,,,
2037,8/8/2019 15:00,6.02,8.055,,,,,
2038,8/8/2019 15:15,6.01,8,,,,,
2039,8/8/2019 15:30,6.09,8.145,,,,,
2040,8/8/2019 15:45,6.12,8.13,,,,,
2041,8/8/2019 16:00,6.13,8.18,,,,,
2042,8/8/2019 16:15,6.14,8.165,,,,,
2043,8/8/2019 16:30,6.12,8.11,,,,,
2044,8/8/2019 16:45,6.1,8.055,,,,,
2045,8/8/2019 17:00,6.1,7.985,,,,,
2046,8/8/2019 17:15,6.08,7.895,,,,,
2047,8/8/2019 17:30,6.03,7.785,,,,,
2048,8/8/2019 17:45,6,7.68,,,,,
2049,8/8/2019 18:00,5.94,7.55,,,,,
2050,8/8/2019 18:15,5.88,7.41,,,,,
2051,8/8/2019 18:30,5.79,7.245,,,,,
2052,8/8/2019 18:45,5.7,7.12,,,,,
2053,8/8/2019 19:00,5.62,6.995,,,,,
2054,8/8/2019 19:15,5.52,6.885,,,,,
2055,8/8/2019 19:30,5.44,6.795,,,,,
2056,8/8/2019 19:45,5.36,6.705,,,,,
2057,8/8/2019 20:00,5.3,6.615,,,,,
2058,8/8/2019 20:15,5.24,6.525,,,,,
2059,8/8/2019 20:30,5.17,6.455,,,,,
2060,8/8/2019 20:45,5.12,6.38,,,,,
2061,8/8/2019 21:00,5.08,6.33,,,,,
2062,8/8/2019 21:15,5.03,6.275,,,,,
2063,8/8/2019 21:30,4.98,6.22,,,,,
2064,8/8/2019 21:45,4.95,6.165,,,,,
2065,8/8/2019 22:00,4.91,6.13,,,,,
2066,8/8/2019 22:15,4.87,6.095,,,,,
2067,8/8/2019 22:30,4.84,6.06,,,,,
2068,8/8/2019 22:45,4.8,6.02,,,,,
2069,8/8/2019 23:00,4.77,5.985,,,,,
2070,8/8/2019 23:15,4.75,5.95,,,,,
2071,8/8/2019 23:30,4.72,5.93,,,,,
2072,8/8/2019 23:45,4.69,5.895,,,,,
2073,8/9/2019 0:00,4.67,5.88,,,,,
2074,8/9/2019 0:15,4.66,5.86,,,,,
2075,8/9/2019 0:30,4.64,5.84,,,,,
2076,8/9/2019 0:45,4.61,5.825,,,,,
2077,8/9/2019 1:00,4.59,5.805,,,,,
2078,8/9/2019 1:15,4.58,5.77,,,,,
2079,8/9/2019 1:30,4.59,5.735,,,,,
2080,8/9/2019 1:45,4.58,5.7,,,,,
2081,8/9/2019 2:00,4.58,5.68,,,,,
2082,8/9/2019 2:15,4.58,5.645,,,,,
2083,8/9/2019 2:30,4.57,5.625,,,,,
2084,8/9/2019 2:45,4.55,5.61,,,,,
2085,8/9/2019 3:00,4.54,5.59,,,,,
2086,8/9/2019 3:15,4.53,5.57,,,,,
2087,8/9/2019 3:30,4.52,5.555,,,,,
2088,8/9/2019 3:45,4.51,5.52,,,,,
2089,8/9/2019 4:00,4.5,5.5,,,,,
2090,8/9/2019 4:15,4.5,5.48,,,,,
2091,8/9/2019 4:30,4.51,5.445,,,,,
2092,8/9/2019 4:45,4.52,5.43,,,,,
2093,8/9/2019 5:00,4.51,5.41,,,,,
2094,8/9/2019 5:15,4.51,5.39,,,,,
2095,8/9/2019 5:30,4.52,5.355,,,,,
2096,8/9/2019 5:45,4.52,5.32,,,,,
2097,8/9/2019 6:00,4.52,5.3,,,,,
2098,8/9/2019 6:15,4.53,5.265,,,,,
2099,8/9/2019 6:30,4.54,5.25,,,,,
2100,8/9/2019 6:45,4.56,5.21,,,,,
2101,8/9/2019 7:00,4.58,5.195,,,,,
2102,8/9/2019 7:15,4.61,5.175,,,,,
2103,8/9/2019 7:30,4.65,5.175,,,,,
2104,8/9/2019 7:45,4.7,5.195,,,,,
2105,8/9/2019 8:00,4.76,5.21,,,,,
2106,8/9/2019 8:15,4.83,5.23,,,,,
2107,8/9/2019 8:30,4.89,5.285,,,,,
2108,8/9/2019 8:45,4.97,5.34,,,,,
2109,8/9/2019 9:00,5.06,5.41,,,,,
2110,8/9/2019 9:15,5.14,5.48,,,,,
2111,8/9/2019 9:30,5.24,5.59,,,,,
2112,8/9/2019 9:45,5.31,5.68,,,,,
2113,8/9/2019 10:00,5.41,5.805,,,,,
2114,8/9/2019 10:15,5.37,5.97,,,,,
2115,8/9/2019 10:30,5.54,6.11,,,,,
2116,8/9/2019 10:45,5.65,6.2,,,,,
2117,8/9/2019 11:00,5.71,6.31,,,,,
2118,8/9/2019 11:15,5.78,6.42,,,,,
2119,8/9/2019 11:30,5.82,6.47,,,,,
2120,8/9/2019 11:45,5.84,6.47,,,,,
2121,8/9/2019 12:00,5.87,6.49,,,,,
2122,8/9/2019 12:15,5.91,6.525,,,,,
2123,8/9/2019 12:30,5.98,6.67,,,,,
2124,8/9/2019 12:45,6,6.725,,,,,
2125,8/9/2019 13:00,6.02,6.725,,,,,
2126,8/9/2019 13:15,6.04,6.78,,,,,
2127,8/9/2019 13:30,6.07,6.795,,,,,
2128,8/9/2019 13:45,6.09,6.85,,,,,
2129,8/9/2019 14:00,6.13,6.975,,,,,
2130,8/9/2019 14:15,6.14,7.03,,,,,
2131,8/9/2019 14:30,6.12,6.975,,,,,
2132,8/9/2019 14:45,6.12,6.96,,,,,
2133,8/9/2019 15:00,6.13,6.975,,,,,
2134,8/9/2019 15:15,6.13,6.975,,,,,
2135,8/9/2019 15:30,6.16,7.155,,,,,
2136,8/9/2019 15:45,6.17,7.265,,,,,
2137,8/9/2019 16:00,6.17,7.335,,,,,
2138,8/9/2019 16:15,6.17,7.37,,,,,
2139,8/9/2019 16:30,6.16,7.37,,,,,
2140,8/9/2019 16:45,6.13,7.32,,,,,
2141,8/9/2019 17:00,6.09,7.21,,,,,
2142,8/9/2019 17:15,6.06,7.12,,,,,
2143,8/9/2019 17:30,6.02,7.05,,,,,
2144,8/9/2019 17:45,5.98,6.96,,,,,
2145,8/9/2019 18:00,5.94,6.87,,,,,
2146,8/9/2019 18:15,5.89,6.78,,,,,
2147,8/9/2019 18:30,5.83,6.67,,,,,
2148,8/9/2019 18:45,5.76,6.56,,,,,
2149,8/9/2019 19:00,5.69,6.455,,,,,
2150,8/9/2019 19:15,5.61,6.365,,,,,
2151,8/9/2019 19:30,5.53,6.29,,,,,
2152,8/9/2019 19:45,5.48,6.22,,,,,
2153,8/9/2019 20:00,5.41,6.165,,,,,
2154,8/9/2019 20:15,5.35,6.095,,,,,
2155,8/9/2019 20:30,5.29,6.04,,,,,
2156,8/9/2019 20:45,5.24,6.005,,,,,
2157,8/9/2019 21:00,5.18,5.97,,,,,
2158,8/9/2019 21:15,5.15,5.93,,,,,
2159,8/9/2019 21:30,5.1,5.895,,,,,
2160,8/9/2019 21:45,5.06,5.86,,,,,
2161,8/9/2019 22:00,5.02,5.825,,,,,
2162,8/9/2019 22:15,4.98,5.805,,,,,
2163,8/9/2019 22:30,4.94,5.77,,,,,
2164,8/9/2019 22:45,4.91,5.75,,,,,
2165,8/9/2019 23:00,4.89,5.715,,,,,
2166,8/9/2019 23:15,4.86,5.68,,,,,
2167,8/9/2019 23:30,4.83,5.66,,,,,
2168,8/9/2019 23:45,4.8,5.625,,,,,
2169,8/10/2019 0:00,4.77,5.61,,,,,
2170,8/10/2019 0:15,4.75,5.59,,,,,
2171,8/10/2019 0:30,4.72,5.57,,,,,
2172,8/10/2019 0:45,4.7,5.535,,,,,
2173,8/10/2019 1:00,4.69,5.52,,,,,
2174,8/10/2019 1:15,4.67,5.5,,,,,
2175,8/10/2019 1:30,4.65,5.48,,,,,
2176,8/10/2019 1:45,4.63,5.465,,,,,
2177,8/10/2019 2:00,4.6,5.445,,,,,
2178,8/10/2019 2:15,4.6,5.43,,,,,
2179,8/10/2019 2:30,4.59,5.41,,,,,
2180,8/10/2019 2:45,4.59,5.39,,,,,
2181,8/10/2019 3:00,4.59,5.375,,,,,
2182,8/10/2019 3:15,4.6,5.355,,,,,
2183,8/10/2019 3:30,4.61,5.34,,,,,
2184,8/10/2019 3:45,4.63,5.3,,,,,
2185,8/10/2019 4:00,4.64,5.265,,,,,
2186,8/10/2019 4:15,4.65,5.23,,,,,
2187,8/10/2019 4:30,4.65,5.195,,,,,
2188,8/10/2019 4:45,4.64,5.16,,,,,
2189,8/10/2019 5:00,4.63,5.14,,,,,
2190,8/10/2019 5:15,4.63,5.12,,,,,
2191,8/10/2019 5:30,4.61,5.105,,,,,
2192,8/10/2019 5:45,4.59,5.07,,,,,
2193,8/10/2019 6:00,4.58,5.05,,,,,
2194,8/10/2019 6:15,4.57,5.05,,,,,
2195,8/10/2019 6:30,4.55,5.05,,,,,
2196,8/10/2019 6:45,4.53,5.03,,,,,
2197,8/10/2019 7:00,4.52,5.03,,,,,
2198,8/10/2019 7:15,4.51,5.05,,,,,
2199,8/10/2019 7:30,4.51,5.05,,,,,
2200,8/10/2019 7:45,4.52,5.07,,,,,
2201,8/10/2019 8:00,4.53,5.085,,,,,
2202,8/10/2019 8:15,4.56,5.12,,,,,
2203,8/10/2019 8:30,4.58,5.16,,,,,
2204,8/10/2019 8:45,4.61,5.23,,,,,
2205,8/10/2019 9:00,4.66,5.285,,,,,
2206,8/10/2019 9:15,4.77,5.355,,,,,
2207,8/10/2019 9:30,4.87,5.445,,,,,
2208,8/10/2019 9:45,4.95,5.535,,,,,
2209,8/10/2019 10:00,5.04,5.61,,,,,
2210,8/10/2019 10:15,5.08,5.715,,,,,
2211,8/10/2019 10:30,5.15,5.88,,,,,
2212,8/10/2019 10:45,5.25,6.06,,,,,
2213,8/10/2019 11:00,5.34,6.24,,,,,
2214,8/10/2019 11:15,5.43,6.42,,,,,
2215,8/10/2019 11:30,5.5,6.615,,,,,
2216,8/10/2019 11:45,5.58,6.815,,,,,
2217,8/10/2019 12:00,5.65,7.1,,,,,
2218,8/10/2019 12:15,5.72,7.3,,,,,
2219,8/10/2019 12:30,5.77,7.41,,,,,
2220,8/10/2019 12:45,5.79,7.59,,,,,
2221,8/10/2019 13:00,5.83,7.785,,,,,
2222,8/10/2019 13:15,5.86,7.895,,,,,
2223,8/10/2019 13:30,5.89,8.02,,,,,
2224,8/10/2019 13:45,5.92,8.255,,,,,
2225,8/10/2019 14:00,5.95,8.38,,,,,
2226,8/10/2019 14:15,5.96,8.435,,,,,
2227,8/10/2019 14:30,5.97,8.56,,,,,
2228,8/10/2019 14:45,5.98,8.615,,,,,
2229,8/10/2019 15:00,5.98,8.63,,,,,
2230,8/10/2019 15:15,5.97,8.685,,,,,
2231,8/10/2019 15:30,5.97,8.72,,,,,
2232,8/10/2019 15:45,5.97,8.85,,,,,
2233,8/10/2019 16:00,5.98,8.865,,,,,
2234,8/10/2019 16:15,5.98,8.795,,,,,
2235,8/10/2019 16:30,5.96,8.74,,,,,
2236,8/10/2019 16:45,5.93,8.67,,,,,
2237,8/10/2019 17:00,5.9,8.595,,,,,
2238,8/10/2019 17:15,5.87,8.525,,,,,
2239,8/10/2019 17:30,5.83,8.435,,,,,
2240,8/10/2019 17:45,5.82,8.31,,,,,
2241,8/10/2019 18:00,5.81,8.2,,,,,
2242,8/10/2019 18:15,5.81,8.055,,,,,
2243,8/10/2019 18:30,5.83,7.895,,,,,
2244,8/10/2019 18:45,5.82,7.77,,,,,
2245,8/10/2019 19:00,5.77,7.625,,,,,
2246,8/10/2019 19:15,5.71,7.515,,,,,
2247,8/10/2019 19:30,5.64,7.425,,,,,
2248,8/10/2019 19:45,5.56,7.335,,,,,
2249,8/10/2019 20:00,5.5,7.245,,,,,
2250,8/10/2019 20:15,5.43,7.155,,,,,
2251,8/10/2019 20:30,5.36,7.065,,,,,
2252,8/10/2019 20:45,5.3,6.995,,,,,
2253,8/10/2019 21:00,5.24,6.92,,,,,
2254,8/10/2019 21:15,5.17,6.85,,,,,
2255,8/10/2019 21:30,5.12,6.78,,,,,
2256,8/10/2019 21:45,5.06,6.725,,,,,
2257,8/10/2019 22:00,5,6.67,,,,,
2258,8/10/2019 22:15,4.95,6.615,,,,,
2259,8/10/2019 22:30,4.91,6.56,,,,,
2260,8/10/2019 22:45,4.86,6.525,,,,,
2261,8/10/2019 23:00,4.81,6.47,,,,,
2262,8/10/2019 23:15,4.76,6.435,,,,,
2263,8/10/2019 23:30,4.73,6.38,,,,,
2264,8/10/2019 23:45,4.69,6.345,,,,,
2265,8/11/2019 0:00,4.65,6.31,,,,,
2266,8/11/2019 0:15,4.6,6.29,,,,,
2267,8/11/2019 0:30,4.57,6.275,,,,,
2268,8/11/2019 0:45,4.53,6.24,,,,,
2269,8/11/2019 1:00,4.5,6.22,,,,,
2270,8/11/2019 1:15,4.47,6.2,,,,,
2271,8/11/2019 1:30,4.44,6.185,,,,,
2272,8/11/2019 1:45,4.41,6.15,,,,,
2273,8/11/2019 2:00,4.39,6.11,,,,,
2274,8/11/2019 2:15,4.37,6.075,,,,,
2275,8/11/2019 2:30,4.35,6.06,,,,,
2276,8/11/2019 2:45,4.33,6.02,,,,,
2277,8/11/2019 3:00,4.31,6.005,,,,,
2278,8/11/2019 3:15,4.29,5.97,,,,,
2279,8/11/2019 3:30,4.27,5.95,,,,,
2280,8/11/2019 3:45,4.26,5.93,,,,,
2281,8/11/2019 4:00,4.24,5.915,,,,,
2282,8/11/2019 4:15,4.22,5.88,,,,,
2283,8/11/2019 4:30,4.21,5.86,,,,,
2284,8/11/2019 4:45,4.2,5.84,,,,,
2285,8/11/2019 5:00,4.18,5.805,,,,,
2286,8/11/2019 5:15,4.16,5.805,,,,,
2287,8/11/2019 5:30,4.14,5.79,,,,,
2288,8/11/2019 5:45,4.12,5.77,,,,,
2289,8/11/2019 6:00,4.1,5.75,,,,,
2290,8/11/2019 6:15,4.07,5.735,,,,,
2291,8/11/2019 6:30,4.06,5.7,,,,,
2292,8/11/2019 6:45,4.04,5.66,,,,,
2293,8/11/2019 7:00,4.02,5.66,,,,,
2294,8/11/2019 7:15,4.01,5.66,,,,,
2295,8/11/2019 7:30,4.01,5.66,,,,,
2296,8/11/2019 7:45,4.01,5.66,,,,,
2297,8/11/2019 8:00,4.02,5.68,,,,,
2298,8/11/2019 8:15,4.02,5.735,,,,,
2299,8/11/2019 8:30,4.02,5.77,,,,,
2300,8/11/2019 8:45,4,5.825,,,,,
2301,8/11/2019 9:00,4,5.88,,,,,
2302,8/11/2019 9:15,4.04,5.985,,,,,
2303,8/11/2019 9:30,4.15,6.2,,,,,
2304,8/11/2019 9:45,4.32,6.33,,,,,
2305,8/11/2019 10:00,4.46,6.38,,,,,
2306,8/11/2019 10:15,4.56,6.42,,,,,
2307,8/11/2019 10:30,4.66,6.51,,,,,
2308,8/11/2019 10:45,4.76,6.67,,,,,
2309,8/11/2019 11:00,4.89,6.885,,,,,
2310,8/11/2019 11:15,5.02,7.065,,,,,
2311,8/11/2019 11:30,5.12,7.14,,,,,
2312,8/11/2019 11:45,5.19,7.23,,,,,
2313,8/11/2019 12:00,5.26,7.3,,,,,
2314,8/11/2019 12:15,5.32,7.335,,,,,
2315,8/11/2019 12:30,5.37,7.46,,,,,
2316,8/11/2019 12:45,5.43,7.55,,,,,
2317,8/11/2019 13:00,5.47,7.605,,,,,
2318,8/11/2019 13:15,5.51,7.64,,,,,
2319,8/11/2019 13:30,5.55,7.695,,,,,
2320,8/11/2019 13:45,5.59,7.77,,,,,
2321,8/11/2019 14:00,5.63,7.875,,,,,
2322,8/11/2019 14:15,5.64,8.075,,,,,
2323,8/11/2019 14:30,5.68,8.255,,,,,
2324,8/11/2019 14:45,5.74,8.685,,,,,
2325,8/11/2019 15:00,5.87,9.17,,,,,
2326,8/11/2019 15:15,5.96,9.44,,,,,
2327,8/11/2019 15:30,6,9.675,,,,,
2328,8/11/2019 15:45,6.03,9.945,,,,,
2329,8/11/2019 16:00,6.05,10.11,,,,,
2330,8/11/2019 16:15,5.97,10.07,,,,,
2331,8/11/2019 16:30,5.96,10,,,,,
2332,8/11/2019 16:45,5.98,9.89,,,,,
2333,8/11/2019 17:00,5.97,9.75,,,,,
2334,8/11/2019 17:15,5.95,9.57,,,,,
2335,8/11/2019 17:30,5.91,9.37,,,,,
2336,8/11/2019 17:45,5.88,9.19,,,,,
2337,8/11/2019 18:00,5.86,9.01,,,,,
2338,8/11/2019 18:15,5.84,8.81,,,,,
2339,8/11/2019 18:30,5.79,8.63,,,,,
2340,8/11/2019 18:45,5.74,8.45,,,,,
2341,8/11/2019 19:00,5.67,8.27,,,,,
2342,8/11/2019 19:15,5.58,8.13,,,,,
2343,8/11/2019 19:30,5.5,7.985,,,,,
2344,8/11/2019 19:45,5.42,7.875,,,,,
2345,8/11/2019 20:00,5.34,7.77,,,,,
2346,8/11/2019 20:15,5.26,7.66,,,,,
2347,8/11/2019 20:30,5.19,7.535,,,,,
2348,8/11/2019 20:45,5.13,7.445,,,,,
2349,8/11/2019 21:00,5.07,7.335,,,,,
2350,8/11/2019 21:15,5.02,7.265,,,,,
2351,8/11/2019 21:30,4.96,7.19,,,,,
2352,8/11/2019 21:45,4.92,7.14,,,,,
2353,8/11/2019 22:00,4.88,7.065,,,,,
2354,8/11/2019 22:15,4.83,7.01,,,,,
2355,8/11/2019 22:30,4.78,6.96,,,,,
2356,8/11/2019 22:45,4.74,6.885,,,,,
2357,8/11/2019 23:00,4.71,6.85,,,,,
2358,8/11/2019 23:15,4.68,6.795,,,,,
2359,8/11/2019 23:30,4.64,6.74,,,,,
2360,8/11/2019 23:45,4.6,6.705,,,,,
2361,8/12/2019 0:00,4.58,6.65,,,,,
2362,8/12/2019 0:15,4.55,6.615,,,,,
2363,8/12/2019 0:30,4.53,6.56,,,,,
2364,8/12/2019 0:45,4.51,6.525,,,,,
2365,8/12/2019 1:00,4.49,6.49,,,,,
2366,8/12/2019 1:15,4.47,6.455,,,,,
2367,8/12/2019 1:30,4.44,6.435,,,,,
2368,8/12/2019 1:45,4.4,6.4,,,,,
2369,8/12/2019 2:00,4.38,6.365,,,,,
2370,8/12/2019 2:15,4.36,6.345,,,,,
2371,8/12/2019 2:30,4.33,6.31,,,,,
2372,8/12/2019 2:45,4.32,6.29,,,,,
2373,8/12/2019 3:00,4.29,6.255,,,,,
2374,8/12/2019 3:15,4.28,6.24,,,,,
2375,8/12/2019 3:30,4.26,6.2,,,,,
2376,8/12/2019 3:45,4.24,6.165,,,,,
2377,8/12/2019 4:00,4.21,6.15,,,,,
2378,8/12/2019 4:15,4.2,6.095,,,,,
2379,8/12/2019 4:30,4.18,6.06,,,,,
2380,8/12/2019 4:45,4.16,6.04,,,,,
2381,8/12/2019 5:00,4.15,6.005,,,,,
2382,8/12/2019 5:15,4.14,5.985,,,,,
2383,8/12/2019 5:30,4.13,5.97,,,,,
2384,8/12/2019 5:45,4.12,5.95,,,,,
2385,8/12/2019 6:00,4.1,5.93,,,,,
2386,8/12/2019 6:15,4.09,5.915,,,,,
2387,8/12/2019 6:30,4.07,5.895,,,,,
2388,8/12/2019 6:45,4.05,5.88,,,,,
2389,8/12/2019 7:00,4.01,5.86,,,,,
2390,8/12/2019 7:15,3.96,5.84,,,,,
2391,8/12/2019 7:30,3.92,5.84,,,,,
2392,8/12/2019 7:45,3.9,5.86,,,,,
2393,8/12/2019 8:00,3.87,5.895,,,,,
2394,8/12/2019 8:15,3.86,5.93,,,,,
2395,8/12/2019 8:30,3.84,5.985,,,,,
2396,8/12/2019 8:45,3.81,6.04,,,,,
2397,8/12/2019 9:00,3.79,6.11,,,,,
2398,8/12/2019 9:15,3.75,6.185,,,,,
2399,8/12/2019 9:30,3.71,6.255,,,,,
2400,8/12/2019 9:45,3.7,6.345,,,,,
2401,8/12/2019 10:00,3.71,6.47,,,,,
2402,8/12/2019 10:15,3.78,6.56,,,,,
2403,8/12/2019 10:30,3.89,6.6,,,,,
2404,8/12/2019 10:45,3.94,6.69,,,,,
2405,8/12/2019 11:00,3.97,6.76,,,,,
2406,8/12/2019 11:15,4.12,6.85,,,,,
2407,8/12/2019 11:30,4.26,6.995,,,,,
2408,8/12/2019 11:45,4.41,7.12,,,,,
2409,8/12/2019 12:00,4.55,7.32,,,,,
2410,8/12/2019 12:15,4.71,7.57,,,,,
2411,8/12/2019 12:30,4.87,7.715,,,,,
2412,8/12/2019 12:45,5.03,7.82,,,,,
2413,8/12/2019 13:00,5.1,8.29,,,,,
2414,8/12/2019 13:15,5.26,8.85,,,,,
2415,8/12/2019 13:30,5.17,9.28,,,,,
2416,8/12/2019 13:45,5.31,9.71,,,,,
2417,8/12/2019 14:00,5.48,9.84,,,,,
2418,8/12/2019 14:15,5.53,9.875,,,,,
2419,8/12/2019 14:30,5.55,9.91,,,,,
2420,8/12/2019 14:45,5.59,9.785,,,,,
2421,8/12/2019 15:00,5.62,9.605,,,,,
2422,8/12/2019 15:15,5.57,9.585,,,,,
2423,8/12/2019 15:30,5.52,9.75,,,,,
2424,8/12/2019 15:45,5.5,9.8,,,,,
2425,8/12/2019 16:00,5.51,9.875,,,,,
2426,8/12/2019 16:15,5.52,9.855,,,,,
2427,8/12/2019 16:30,5.53,9.785,,,,,
2428,8/12/2019 16:45,5.53,9.695,,,,,
2429,8/12/2019 17:00,5.53,9.57,,,,,
2430,8/12/2019 17:15,5.53,9.44,,,,,
2431,8/12/2019 17:30,5.52,9.28,,,,,
2432,8/12/2019 17:45,5.5,9.12,,,,,
2433,8/12/2019 18:00,5.45,8.955,,,,,
2434,8/12/2019 18:15,5.39,8.795,,,,,
2435,8/12/2019 18:30,5.34,8.615,,,,,
2436,8/12/2019 18:45,5.28,8.45,,,,,
2437,8/12/2019 19:00,5.23,8.31,,,,,
2438,8/12/2019 19:15,5.14,8.165,,,,,
2439,8/12/2019 19:30,5.06,8.055,,,,,
2440,8/12/2019 19:45,4.96,7.93,,,,,
2441,8/12/2019 20:00,4.89,7.84,,,,,
2442,8/12/2019 20:15,4.81,7.715,,,,,
2443,8/12/2019 20:30,4.74,7.625,,,,,
2444,8/12/2019 20:45,4.67,7.535,,,,,
2445,8/12/2019 21:00,4.61,7.445,,,,,
2446,8/12/2019 21:15,4.56,7.355,,,,,
2447,8/12/2019 21:30,4.52,7.28,,,,,
2448,8/12/2019 21:45,4.47,7.21,,,,,
2449,8/12/2019 22:00,4.41,7.155,,,,,
2450,8/12/2019 22:15,4.37,7.085,,,,,
2451,8/12/2019 22:30,4.33,6.995,,,,,
2452,8/12/2019 22:45,4.3,6.94,,,,,
2453,8/12/2019 23:00,4.27,6.885,,,,,
2454,8/12/2019 23:15,4.25,6.815,,,,,
2455,8/12/2019 23:30,4.21,6.76,,,,,
2456,8/12/2019 23:45,4.2,6.725,,,,,
2457,8/13/2019 0:00,4.18,6.69,,,,,
2458,8/13/2019 0:15,4.16,6.635,,,,,
2459,8/13/2019 0:30,4.14,6.6,,,,,
2460,8/13/2019 0:45,4.13,6.545,,,,,
2461,8/13/2019 1:00,4.12,6.49,,,,,
2462,8/13/2019 1:15,4.11,6.455,,,,,
2463,8/13/2019 1:30,4.1,6.42,,,,,
2464,8/13/2019 1:45,4.09,6.38,,,,,
2465,8/13/2019 2:00,4.08,6.345,,,,,
2466,8/13/2019 2:15,4.07,6.31,,,,,
2467,8/13/2019 2:30,4.05,6.275,,,,,
2468,8/13/2019 2:45,4.02,6.255,,,,,
2469,8/13/2019 3:00,4.01,6.22,,,,,
2470,8/13/2019 3:15,4,6.2,,,,,
2471,8/13/2019 3:30,3.99,6.165,,,,,
2472,8/13/2019 3:45,3.98,6.13,,,,,
2473,8/13/2019 4:00,3.97,6.095,,,,,
2474,8/13/2019 4:15,3.97,6.06,,,,,
2475,8/13/2019 4:30,3.96,6.04,,,,,
2476,8/13/2019 4:45,3.96,6.005,,,,,
2477,8/13/2019 5:00,3.96,5.985,,,,,
2478,8/13/2019 5:15,3.96,5.97,,,,,
2479,8/13/2019 5:30,3.97,5.93,,,,,
2480,8/13/2019 5:45,3.97,5.915,,,,,
2481,8/13/2019 6:00,3.98,5.895,,,,,
2482,8/13/2019 6:15,3.98,5.88,,,,,
2483,8/13/2019 6:30,3.99,5.86,,,,,
2484,8/13/2019 6:45,3.99,5.825,,,,,
2485,8/13/2019 7:00,4.01,5.805,,,,,
2486,8/13/2019 7:15,4.02,5.77,,,,,
2487,8/13/2019 7:30,4.06,5.75,,,,,
2488,8/13/2019 7:45,4.09,5.715,,,,,
2489,8/13/2019 8:00,4.12,5.715,,,,,
2490,8/13/2019 8:15,4.15,5.7,,,,,
2491,8/13/2019 8:30,4.17,5.7,,,,,
2492,8/13/2019 8:45,4.24,5.7,,,,,
2493,8/13/2019 9:00,4.29,5.7,,,,,
2494,8/13/2019 9:15,4.36,5.7,,,,,
2495,8/13/2019 9:30,4.45,5.7,,,,,
2496,8/13/2019 9:45,4.53,5.7,,,,,
2497,8/13/2019 10:00,4.61,5.7,,,,,
2498,8/13/2019 10:15,4.7,5.68,,,,,
2499,8/13/2019 10:30,4.77,5.68,,,,,
2500,8/13/2019 10:45,4.84,5.7,,,,,
2501,8/13/2019 11:00,5,5.7,,,,,
2502,8/13/2019 11:15,5.09,5.715,,,,,
2503,8/13/2019 11:30,5.12,5.75,,,,,
2504,8/13/2019 11:45,5.15,5.79,,,,,
2505,8/13/2019 12:00,5.15,5.86,,,,,
2506,8/13/2019 12:15,5.15,5.915,,,,,
2507,8/13/2019 12:30,5.2,5.97,,,,,
2508,8/13/2019 12:45,5.32,6.005,,,,,
2509,8/13/2019 13:00,5.2,6.02,,,,,
2510,8/13/2019 13:15,4.92,6.02,,,,,
2511,8/13/2019 13:30,4.78,6.02,,,,,
2512,8/13/2019 13:45,4.74,6.02,,,,,
2513,8/13/2019 14:00,4.73,6.005,,,,,
2514,8/13/2019 14:15,4.76,5.985,,,,,
2515,8/13/2019 14:30,4.8,5.985,,,,,
2516,8/13/2019 14:45,4.84,5.97,,,,,
2517,8/13/2019 15:00,4.85,5.95,,,,,
2518,8/13/2019 15:15,4.84,5.985,,,,,
2519,8/13/2019 15:30,4.86,6.02,,,,,
2520,8/13/2019 15:45,4.89,6.075,,,,,
2521,8/13/2019 16:00,4.91,6.095,,,,,
2522,8/13/2019 16:15,4.91,6.11,,,,,
2523,8/13/2019 16:30,4.94,6.13,,,,,
2524,8/13/2019 16:45,5.15,6.13,,,,,
2525,8/13/2019 17:00,5.38,6.15,,,,,
2526,8/13/2019 17:15,5.62,6.13,,,,,
2527,8/13/2019 17:30,5.78,6.075,,,,,
2528,8/13/2019 17:45,5.89,6.02,,,,,
2529,8/13/2019 18:00,5.94,5.97,,,,,
2530,8/13/2019 18:15,5.97,5.915,,,,,
2531,8/13/2019 18:30,5.97,5.84,,,,,
2532,8/13/2019 18:45,5.96,5.77,,,,,
2533,8/13/2019 19:00,5.93,5.715,,,,,
2534,8/13/2019 19:15,5.89,5.66,,,,,
2535,8/13/2019 19:30,5.86,5.59,,,,,
2536,8/13/2019 19:45,5.83,5.52,,,,,
2537,8/13/2019 20:00,5.84,5.445,,,,,
2538,8/13/2019 20:15,5.87,5.195,,,,,
2539,8/13/2019 20:30,5.95,5.015,,,,,
2540,8/13/2019 20:45,6.01,4.905,,,,,
2541,8/13/2019 21:00,6.05,4.85,,,,,
2542,8/13/2019 21:15,6.03,4.815,,,,,
2543,8/13/2019 21:30,6.04,4.8,,,,,
2544,8/13/2019 21:45,6.05,4.725,,,,,
2545,8/13/2019 22:00,6.07,4.69,,,,,
2546,8/13/2019 22:15,6.08,4.67,,,,,
2547,8/13/2019 22:30,6.11,4.655,,,,,
2548,8/13/2019 22:45,6.11,4.635,,,,,
2549,8/13/2019 23:00,6.1,4.62,,,,,
2550,8/13/2019 23:15,6.08,4.6,,,,,
2551,8/13/2019 23:30,6.06,4.58,,,,,
2552,8/13/2019 23:45,6.04,4.545,,,,,
2553,8/14/2019 0:00,5.95,4.49,,,,,
2554,8/14/2019 0:15,5.92,4.44,,,,,
2555,8/14/2019 0:30,5.9,4.385,,,,,
2556,8/14/2019 0:45,5.93,4.365,,,,,
2557,8/14/2019 1:00,5.95,4.35,,,,,
2558,8/14/2019 1:15,5.97,4.35,,,,,
2559,8/14/2019 1:30,5.96,4.35,,,,,
2560,8/14/2019 1:45,5.98,4.35,,,,,
2561,8/14/2019 2:00,6,4.33,,,,,
2562,8/14/2019 2:15,5.96,4.33,,,,,
2563,8/14/2019 2:30,5.94,4.31,,,,,
2564,8/14/2019 2:45,5.9,4.31,,,,,
2565,8/14/2019 3:00,5.87,4.31,,,,,
2566,8/14/2019 3:15,5.87,4.295,,,,,
2567,8/14/2019 3:30,5.9,4.22,,,,,
2568,8/14/2019 3:45,5.94,4.22,,,,,
2569,8/14/2019 4:00,5.95,4.24,,,,,
2570,8/14/2019 4:15,5.94,4.24,,,,,
2571,8/14/2019 4:30,5.95,4.24,,,,,
2572,8/14/2019 4:45,5.94,4.24,,,,,
2573,8/14/2019 5:00,6.15,4.205,,,,,
2574,8/14/2019 5:15,6.2,4.185,,,,,
2575,8/14/2019 5:30,6.17,4.17,,,,,
2576,8/14/2019 5:45,6.17,4.17,,,,,
2577,8/14/2019 6:00,6.2,4.13,,,,,
2578,8/14/2019 6:15,6.22,4.115,,,,,
2579,8/14/2019 6:30,6.22,4.06,,,,,
2580,8/14/2019 6:45,6.22,4.005,,,,,
2581,8/14/2019 7:00,6.22,3.9,,,,,
2582,8/14/2019 7:15,6.22,3.845,,,,,
2583,8/14/2019 7:30,6.27,3.735,,,,,
2584,8/14/2019 7:45,6.29,3.735,,,,,
2585,8/14/2019 8:00,6.32,3.735,,,,,
2586,8/14/2019 8:15,6.35,3.735,,,,,
2587,8/14/2019 8:30,6.37,3.735,,,,,
2588,8/14/2019 8:45,6.43,3.72,,,,,
2589,8/14/2019 9:00,6.5,3.7,,,,,
2590,8/14/2019 9:15,6.55,3.7,,,,,
2591,8/14/2019 9:30,6.6,3.68,,,,,
2592,8/14/2019 9:45,6.64,3.68,,,,,
2593,8/14/2019 10:00,6.71,3.54,,,,,
2594,8/14/2019 10:15,6.77,3.54,,,,,
2595,8/14/2019 10:30,6.82,3.54,,,,,
2596,8/14/2019 10:45,6.86,3.52,,,,,
2597,8/14/2019 11:00,6.9,3.52,,,,,
2598,8/14/2019 11:15,6.94,3.465,,,,,
2599,8/14/2019 11:30,7,3.375,,,,,
2600,8/14/2019 11:45,7.02,3.34,,,,,
2601,8/14/2019 11:58,,,Logged,,,,
2602,8/14/2019 11:58,,,,Logged,,,
2603,8/14/2019 11:58,,,,,,Logged,Logged
