"","DateTime","Depth_m","CDOM_ppb","Q_m3s","pCO2_ppm","DOC","time_elapsed","storm","calibrate_DOC"
"1",2019-07-11 15:30:00,0.35,33.96,NA,NA,3.763,NA,NA,"calibrate"
"2",2019-07-19 13:00:00,0.35,32.96,0.0168809834750036,NA,3.74,NA,NA,"calibrate"
"3",2019-07-14 00:30:00,0.41,31.73,0.011908723879511,4732.502484,NA,15,"storm",NA
"4",2019-07-14 00:45:00,0.41,31.48,0.0106334275733111,4729.401154,NA,30,"storm",NA
"5",2019-07-14 01:00:00,0.41,31.5,0.0117716348740773,4701.740621,NA,45,"storm",NA
"6",2019-07-14 01:15:00,0.48,31.41,0.0113746386855879,4672.41871,NA,60,"storm",NA
"7",2019-07-14 01:30:00,0.48,31.35,0.0113660596806877,4665.082465,NA,75,"storm",NA
"8",2019-07-14 01:45:00,0.48,31.37,0.0106239145251473,4682.793654,NA,90,"storm",NA
"9",2019-07-14 02:00:00,0.41,31.31,0.0112787343637337,4717.89251,NA,105,"storm",NA
"10",2019-07-14 02:15:00,0.48,31.28,0.0115418448806786,4709.509088,NA,120,"storm",NA
"11",2019-07-14 02:30:00,0.41,31.19,0.0106258158134073,4750.318784,NA,135,"storm",NA
"12",2019-07-14 02:45:00,0.41,31.19,0.010608728003782,4809.795442,NA,150,"storm",NA
"13",2019-07-14 03:00:00,0.41,31.15,0.0108310991219322,4764.11798,NA,165,"storm",NA
"14",2019-07-14 03:15:00,0.48,31.11,0.0112449574642957,4799.858427,NA,180,"storm",NA
"15",2019-07-14 03:30:00,0.41,30.82,0.0117467598878156,4819.390707,NA,195,"storm",NA
"16",2019-07-14 03:45:00,0.41,30.79,0.012453809362643,4771.847373,NA,210,"storm",NA
"17",2019-07-14 04:00:00,0.41,30.75,0.0108212491236675,4769.063957,NA,225,"storm",NA
"18",2019-07-14 04:15:00,0.41,30.59,0.0114220121688692,4742.812828,NA,240,"storm",NA
"19",2019-07-14 04:30:00,0.41,30.39,0.0120669667265319,4656.726458,NA,255,"storm",NA
"20",2019-07-14 04:45:00,0.41,30.32,0.0112365396668952,4688.327227,NA,270,"storm",NA
"21",2019-07-14 05:00:00,0.41,30.25,0.0117242156360207,4610.197735,NA,285,"storm",NA
"22",2019-07-14 05:15:00,0.41,29.97,0.0110991721955362,4626.168327,NA,300,"storm",NA
"23",2019-07-14 05:30:00,0.41,30.04,0.0115374523111389,4601.026634,NA,315,"storm",NA
"24",2019-07-14 05:45:00,0.41,29.94,0.011419851891512,4615.14425,NA,330,"storm",NA
"25",2019-07-14 06:00:00,0.41,29.21,0.0114436512801961,4607.238604,NA,345,"storm",NA
"26",2019-07-14 06:15:00,0.48,29.18,0.0120716671759682,4649.15281,NA,360,"storm",NA
"27",2019-07-14 06:30:00,0.41,29.33,0.0123585303671123,4601.265797,NA,375,"storm",NA
"28",2019-07-14 06:45:00,0.48,29.21,0.0127634246049011,4591.449852,NA,390,"storm",NA
"29",2019-07-14 07:00:00,0.48,29.04,0.0130335419050929,4604.094717,NA,405,"storm",NA
"30",2019-07-14 07:15:00,0.48,29.56,0.0130963057449393,4588.296075,NA,420,"storm",NA
"31",2019-07-14 07:30:00,0.41,29.92,0.0131911650460999,4528.020229,NA,435,"storm",NA
"32",2019-07-14 07:45:00,0.41,29.61,0.0143377504814671,4433.86058,NA,450,"storm",NA
"33",2019-07-14 08:00:00,0.41,29.74,0.0154251177180592,4153.066197,NA,465,"storm",NA
"34",2019-07-14 08:15:00,0.48,29.75,0.0166481174122578,3895.66799,NA,480,"storm",NA
"35",2019-07-14 08:30:00,0.48,29.83,0.0179448036451202,3766.03434,NA,495,"storm",NA
"36",2019-07-14 08:45:00,0.48,29.91,0.0180984835191843,3668.596251,NA,510,"storm",NA
"37",2019-07-14 09:00:00,0.48,29.72,0.0194049596904841,3531.360194,NA,525,"storm",NA
"38",2019-07-14 09:15:00,0.55,29.98,0.0193776698862152,3425.340354,NA,540,"storm",NA
"39",2019-07-14 09:30:00,0.48,29.93,0.0208727820605522,3310.972193,NA,555,"storm",NA
"40",2019-07-14 09:45:00,0.48,29.99,0.0220324926717754,3251.298694,NA,570,"storm",NA
"41",2019-07-14 10:00:00,0.48,30.03,0.0257168976878076,3137.478101,NA,585,"storm",NA
"42",2019-07-14 10:15:00,0.48,29.49,0.0289901586889389,3007.704845,NA,600,"storm",NA
"43",2019-07-14 10:30:00,0.55,29.79,0.0334665523556294,2842.077218,NA,615,"storm",NA
"44",2019-07-14 10:45:00,0.55,30.18,0.0434560501695078,2800.471646,NA,630,"storm",NA
"45",2019-07-14 11:00:00,0.48,30.57,0.0441795140101453,2756.546964,NA,645,"storm",NA
"46",2019-07-14 11:15:00,0.55,30.93,0.0485412306147795,2599.739665,NA,660,"storm",NA
"47",2019-07-14 11:30:00,0.55,31.26,0.0775954865274738,2439.68061,NA,675,"storm",NA
"48",2019-07-14 11:45:00,0.55,31.66,0.0783460853174657,2291.898038,NA,690,"storm",NA
"49",2019-07-14 12:00:00,0.55,32.21,0.0948655793647178,2251.878922,NA,705,"storm",NA
"50",2019-07-14 12:15:00,0.62,32.95,0.0975990011002086,2216.193668,NA,720,"storm",NA
"51",2019-07-14 12:30:00,0.62,33.74,0.108516927121037,2067.173502,NA,735,"storm",NA
"52",2019-07-14 12:45:00,0.68,34.45,0.126319083652607,2012.323064,NA,750,"storm",NA
"53",2019-07-14 13:00:00,0.76,34.32,0.117158746496205,1927.203461,NA,765,"storm",NA
"54",2019-07-14 13:15:00,0.76,36.31,0.124772972534616,1822.920152,NA,780,"storm",NA
"55",2019-07-14 13:30:00,0.68,34.41,0.148812884131669,1730.525874,NA,795,"storm",NA
"56",2019-07-14 13:45:00,0.76,38.21,0.173719830155942,1704.151711,NA,810,"storm",NA
"57",2019-07-14 14:00:00,0.76,39.11,0.156572245618662,1729.33855,NA,825,"storm",NA
"58",2019-07-14 14:15:00,0.76,39.79,0.165202052511333,1727.674827,NA,840,"storm",NA
"59",2019-07-14 14:30:00,0.76,40.18,0.157203662754146,1736.778167,NA,855,"storm",NA
"60",2019-07-14 14:45:00,0.76,42.34,0.144466563018061,1732.422132,NA,870,"storm",NA
"61",2019-07-14 15:00:00,0.76,43.23,0.128821576096428,1728.954662,NA,885,"storm",NA
"62",2019-07-14 15:15:00,0.76,44.54,0.120475949926185,1716.50316,NA,900,"storm",NA
"63",2019-07-14 15:30:00,0.76,44.2,0.118544963084171,1702.028426,NA,915,"storm",NA
"64",2019-07-14 15:45:00,0.76,45.42,0.0985925096665783,1728.004421,NA,930,"storm",NA
"65",2019-07-14 16:00:00,0.62,44.18,0.100275246552968,1705.413928,NA,945,"storm",NA
"66",2019-07-14 16:15:00,0.62,44.24,0.0920267659454419,1714.645238,NA,960,"storm",NA
"67",2019-07-14 16:30:00,0.68,45.74,0.0815563064717859,1717.133527,NA,975,"storm",NA
"68",2019-07-14 16:45:00,0.62,46.89,0.0819218078908646,1746.29395,NA,990,"storm",NA
"69",2019-07-14 17:00:00,0.62,46.09,0.0765247333536077,1769.366724,NA,1005,"storm",NA
"70",2019-07-14 17:15:00,0.55,46.69,0.082894263171605,1803.558036,NA,1020,"storm",NA
"71",2019-07-14 17:30:00,0.55,47.45,0.071671123404418,1791.390928,NA,1035,"storm",NA
"72",2019-07-14 17:45:00,0.55,46.72,0.0750471381371774,1848.042686,NA,1050,"storm",NA
"73",2019-07-14 18:00:00,0.55,45.56,0.0701744224744661,1855.582952,NA,1065,"storm",NA
"74",2019-07-14 18:15:00,0.55,45.93,0.0653108534000273,1892.92379,NA,1080,"storm",NA
"75",2019-07-14 18:30:00,0.55,45.84,0.063762230970627,1973.855414,NA,1095,"storm",NA
"76",2019-07-14 18:45:00,0.55,46.04,0.0656947616937485,2023.749536,NA,1110,"storm",NA
"77",2019-07-14 19:00:00,0.55,46.83,0.0612310343986216,2105.595391,NA,1125,"storm",NA
"78",2019-07-14 19:15:00,0.55,46.5,0.0543335273347059,2174.061573,NA,1140,"storm",NA
"79",2019-07-14 19:30:00,0.55,45.12,0.0591528043649543,2178.118145,NA,1155,"storm",NA
"80",2019-07-14 19:45:00,0.55,45.65,0.0598879207687055,2243.324572,NA,1170,"storm",NA
"81",2019-07-14 20:00:00,0.48,45.22,0.0569627483983023,2273.204158,NA,1185,"storm",NA
"82",2019-07-14 20:15:00,0.55,45.69,0.0522654198816909,2304.349723,NA,1200,"storm",NA
"83",2019-07-14 20:30:00,0.55,44.94,0.0498562873297401,2356.270022,NA,1215,"storm",NA
"84",2019-07-14 20:45:00,0.48,45.78,0.0485852174549963,2400.40488,NA,1230,"storm",NA
"85",2019-07-14 21:00:00,0.48,44.86,0.0518757456276099,2456.641309,NA,1245,"storm",NA
"86",2019-07-14 21:15:00,0.55,45.08,0.0466937758996583,2451.127844,NA,1260,"storm",NA
"87",2019-07-14 21:30:00,0.55,44.63,0.047081416058549,2501.738364,NA,1275,"storm",NA
"88",2019-07-14 21:45:00,0.48,43.72,0.0488790708879971,2507.560879,NA,1290,"storm",NA
"89",2019-07-14 22:00:00,0.55,44,0.0431618768057943,2480.567969,NA,1305,"storm",NA
"90",2019-07-14 22:15:00,0.48,43.92,0.0451203849261076,2530.534681,NA,1320,"storm",NA
"91",2019-07-14 22:30:00,0.55,44.53,0.0432575200606735,2560.4738,NA,1335,"storm",NA
"92",2019-07-14 22:45:00,0.55,43.33,0.0419705511365748,2531.040123,NA,1350,"storm",NA
"93",2019-07-14 23:00:00,0.55,43.43,0.0488275702279347,2571.674059,NA,1365,"storm",NA
"94",2019-07-14 23:15:00,0.55,43.29,0.0465078214556054,2550.611383,NA,1380,"storm",NA
"95",2019-07-14 23:30:00,0.55,42.97,0.0445892281884199,2617.730425,NA,1395,"storm",NA
"96",2019-07-14 23:45:00,0.55,43.04,0.0415024169377574,2634.592707,NA,1410,"storm",NA
"97",2019-07-15 00:15:00,0.55,42.62,0.0409779825264697,2656.806027,NA,1440,"storm",NA
"98",2019-07-15 00:30:00,0.48,42.49,0.0436963954421243,2699.558637,NA,1455,"storm",NA
"99",2019-07-15 00:45:00,0.48,42.64,0.0440826313074432,2655.098999,NA,1470,"storm",NA
"100",2019-07-15 01:00:00,0.55,42.19,0.0432643566768841,2647.928786,NA,1485,"storm",NA
"101",2019-07-15 01:15:00,0.55,41.91,0.0442280039219509,2610.381255,NA,1500,"storm",NA
"102",2019-07-15 01:30:00,0.55,41.73,0.0413626079640363,2649.302169,NA,1515,"storm",NA
"103",2019-07-15 01:45:00,0.55,41.75,0.043257520060673,2707.682288,NA,1530,"storm",NA
"104",2019-07-15 02:00:00,0.48,41.31,0.0425568872276575,2678.934497,NA,1545,"storm",NA
"105",2019-07-15 02:15:00,0.55,41.31,0.0461728064451538,2654.525371,NA,1560,"storm",NA
"106",2019-07-15 02:30:00,0.55,40.77,0.0435864228931555,2655.915539,NA,1575,"storm",NA
"107",2019-07-15 02:45:00,0.48,40.82,0.0422260368588613,2679.24774,NA,1590,"storm",NA
"108",2019-07-15 03:00:00,0.55,41.31,0.0461088211276328,2728.987465,NA,1605,"storm",NA
"109",2019-07-15 03:15:00,0.48,40.36,0.0485558902521064,2645.919838,NA,1620,"storm",NA
"110",2019-07-15 03:30:00,0.55,40.86,0.0451273992669798,2572.932497,NA,1635,"storm",NA
"111",2019-07-15 03:45:00,0.48,40.76,0.051003374640399,2636.28826,NA,1650,"storm",NA
"112",2019-07-15 04:00:00,0.55,40.27,0.043018654725755,2647.510785,NA,1665,"storm",NA
"113",2019-07-15 04:15:00,0.55,40.37,0.0465078214556049,2638.064846,NA,1680,"storm",NA
"114",2019-07-15 04:30:00,0.55,39.6,0.0505742207492194,2643.481314,NA,1695,"storm",NA
"115",2019-07-15 04:45:00,0.55,40.12,0.0492996384977784,2651.287118,NA,1710,"storm",NA
"116",2019-07-15 05:00:00,0.55,40.15,0.0516777495119049,2641.845304,NA,1725,"storm",NA
"117",2019-07-15 05:15:00,0.55,39.62,0.0493884525714048,2634.982567,NA,1740,"storm",NA
"118",2019-07-15 05:30:00,0.55,39.4,0.0551518282611095,2608.769509,NA,1755,"storm",NA
"119",2019-07-15 05:45:00,0.55,39.36,0.0569546961189803,2570.208818,NA,1770,"storm",NA
"120",2019-07-15 06:00:00,0.55,39.39,0.0513133916005473,2572.547951,NA,1785,"storm",NA
"121",2019-07-15 06:15:00,0.55,40.13,0.0575766547953306,2597.786353,NA,1800,"storm",NA
"122",2019-07-15 06:30:00,0.62,39.66,0.0589636814270382,2589.014522,NA,1815,"storm",NA
"123",2019-07-15 06:45:00,0.55,39.51,0.0598630563355301,2566.403217,NA,1830,"storm",NA
"124",2019-07-15 07:00:00,0.62,39.65,0.0555001836943599,2524.487085,NA,1845,"storm",NA
"125",2019-07-15 07:15:00,0.55,39.97,0.057625283618705,2479.663174,NA,1860,"storm",NA
"126",2019-07-15 07:30:00,0.55,39.52,0.0600621382939274,2448.941277,NA,1875,"storm",NA
"127",2019-07-15 07:45:00,0.62,39.9,0.0590294236772988,2413.156004,NA,1890,"storm",NA
"128",2019-07-15 08:00:00,0.62,39.53,0.0604031170042485,2353.768889,NA,1905,"storm",NA
"129",2019-07-15 08:15:00,0.62,40.02,0.0647373892513412,2278.795063,NA,1920,"storm",NA
"130",2019-07-15 08:30:00,0.62,41.25,0.0646594125763873,2213.387264,NA,1935,"storm",NA
"131",2019-07-15 08:45:00,0.62,41.07,0.059755379169828,2200.851752,NA,1950,"storm",NA
"132",2019-07-15 09:00:00,0.62,41.29,0.0577631944491376,2114.972055,NA,1965,"storm",NA
"133",2019-07-15 09:15:00,0.62,41.24,0.0630171933639831,2113.744629,NA,1980,"storm",NA
"134",2019-07-15 09:30:00,0.55,41.86,0.058651983178277,2064.790147,NA,1995,"storm",NA
"135",2019-07-15 09:45:00,0.62,41.43,0.0607452063285298,1990.492188,NA,2010,"storm",NA
"136",2019-07-15 10:00:00,0.62,40.82,0.0711032083524685,1914.009121,NA,2025,"storm",NA
"137",2019-07-15 10:15:00,0.62,41.53,0.0676157206696584,1798.366988,NA,2040,"storm",NA
"138",2019-07-15 10:30:00,0.62,40.47,0.0724630811497069,1716.796897,NA,2055,"storm",NA
"139",2019-07-15 10:45:00,0.62,40.83,0.0720112504988247,1665.453895,NA,2070,"storm",NA
"140",2019-07-15 11:00:00,0.62,40.92,0.0673761001522053,1646.427955,NA,2085,"storm",NA
"141",2019-07-15 11:15:00,0.76,41.52,0.078490892067432,1666.040911,NA,2100,"storm",NA
"142",2019-07-15 11:30:00,0.82,41.37,0.073492482785338,1660.665314,NA,2115,"storm",NA
"143",2019-07-15 11:45:00,0.89,40.88,0.109314147437286,1601.277124,NA,2130,"storm",NA
"144",2019-07-15 12:00:00,0.89,40.81,0.102330584771629,1568.516566,NA,2145,"storm",NA
"145",2019-07-15 12:15:00,0.82,41.61,0.111794974288626,1560.795643,NA,2160,"storm",NA
"146",2019-07-15 12:30:00,0.89,41.66,0.111291735279531,1540.499462,NA,2175,"storm",NA
"147",2019-07-15 13:00:00,0.76,42.2,0.100087512034251,1425.053947,NA,2205,"storm",NA
"148",2019-07-15 13:15:00,0.82,42.97,0.120037282598332,1385.332671,NA,2220,"storm",NA
"149",2019-07-15 13:30:00,0.89,43.01,0.12917578524762,1363.169063,NA,2235,"storm",NA
"150",2019-07-15 13:45:00,0.89,43.24,0.138645888754465,1355.732139,NA,2250,"storm",NA
"151",2019-07-15 14:15:00,0.68,43.42,0.108655348177785,1369.53245,NA,2280,"storm",NA
"152",2019-07-15 14:30:00,0.82,43.36,0.123125935136354,1323.649806,NA,2295,"storm",NA
"153",2019-07-15 15:00:00,0.82,43.78,0.100142708248574,1329.383307,NA,2325,"storm",NA
"154",2019-07-15 15:30:00,0.82,44.1,0.0850095569777868,1325.605188,NA,2355,"storm",NA
"155",2019-07-15 16:00:00,0.76,44.25,0.07976185582855,1305.846172,NA,2385,"storm",NA
"156",2019-07-15 16:15:00,0.76,44.44,0.081191709532487,1305.628084,NA,2400,"storm",NA
"157",2019-07-15 16:30:00,0.76,44.43,0.0842342166333546,1319.621984,NA,2415,"storm",NA
"158",2019-07-15 16:45:00,0.76,44.47,0.0780954390967455,1306.26564,NA,2430,"storm",NA
"159",2019-07-15 17:00:00,0.76,44.5,0.0754339229013406,1314.718717,NA,2445,"storm",NA
"160",2019-07-15 17:15:00,0.68,44.39,0.0705014443594076,1345.491079,NA,2460,"storm",NA
"161",2019-07-15 17:30:00,0.76,44.49,0.0695409977338931,1396.367287,NA,2475,"storm",NA
"162",2019-07-15 17:45:00,0.68,44.69,0.0651367724694969,1426.288945,NA,2490,"storm",NA
"163",2019-07-15 18:00:00,0.68,44.48,0.0608790058744528,1463.895415,NA,2505,"storm",NA
"164",2019-07-15 18:15:00,0.68,44.62,0.0645382218969799,1484.088012,NA,2520,"storm",NA
"165",2019-07-15 18:30:00,0.68,44.62,0.0534137241857819,1574.966113,NA,2535,"storm",NA
"166",2019-07-15 18:45:00,0.68,44.45,0.0571884804580023,1654.037314,NA,2550,"storm",NA
"167",2019-07-15 19:00:00,0.68,44.38,0.0535146075124847,1713.285957,NA,2565,"storm",NA
"168",2019-07-15 19:15:00,0.68,44.37,0.0536700306570251,1786.442625,NA,2580,"storm",NA
"169",2019-07-15 19:30:00,0.68,44.21,0.0553733609975899,1836.610389,NA,2595,"storm",NA
"170",2019-07-15 19:45:00,0.68,44.18,0.0497520974346492,1933.456529,NA,2610,"storm",NA
"171",2019-07-15 20:00:00,0.76,44.04,0.0492922416194374,1976.800911,NA,2625,"storm",NA
"172",2019-07-15 20:15:00,0.68,43.98,0.0448263792093488,2021.646908,NA,2640,"storm",NA
"173",2019-07-15 20:30:00,0.68,43.89,0.0436757627058068,2064.943827,NA,2655,"storm",NA
"174",2019-07-15 20:45:00,0.68,43.89,0.040510173552805,2116.446033,NA,2670,"storm",NA
"175",2019-07-15 21:15:00,0.68,43.75,0.0415557541388055,2194.967405,NA,2700,"storm",NA
"176",2019-07-15 21:30:00,0.68,43.68,0.0415224134330021,2238.488039,NA,2715,"storm",NA
"177",2019-07-15 21:45:00,0.68,43.59,0.0414824263886909,2273.848276,NA,2730,"storm",NA
"178",2019-07-15 22:30:00,0.68,43.28,0.0422597244250638,2349.952845,NA,2775,"storm",NA
"179",2019-07-15 22:45:00,0.68,43.25,0.0401761971504374,2394.086903,NA,2790,"storm",NA
"180",2019-07-15 23:15:00,0.76,42.87,0.0399610104838858,2444.801462,NA,2820,"storm",NA
"181",2019-07-15 23:30:00,0.68,42.73,0.0391717186890534,2437.951745,NA,2835,"storm",NA
"182",2019-07-15 23:45:00,0.68,42.57,0.0363454268440431,2498.764153,NA,2850,"storm",NA
"183",2019-07-16 00:15:00,0.68,42.49,0.040944929219282,2547.10457,NA,2880,"storm",NA
"184",2019-07-16 00:30:00,0.68,42.18,0.0362902656550528,2549.955697,NA,2895,"storm",NA
"185",2019-07-16 00:45:00,0.68,42.28,0.0393004368863653,2562.528628,NA,2910,"storm",NA
"186",2019-07-16 01:00:00,0.68,42.08,0.0392811123092633,2592.000411,NA,2925,"storm",NA
"187",2019-07-16 01:15:00,0.68,41.86,0.0359238920161127,2579.421408,NA,2940,"storm",NA
"188",2019-07-16 01:30:00,0.68,41.8,0.0384367176332587,2584.79189,NA,2955,"storm",NA
"189",2019-07-16 01:45:00,0.62,41.71,0.0343164615873672,2587.173378,NA,2970,"storm",NA
"190",2019-07-16 02:00:00,0.68,41.65,0.0365358361206245,2614.237967,NA,2985,"storm",NA
"191",2019-07-16 02:15:00,0.68,41.56,0.0360518522386313,2628.50475,NA,3000,"storm",NA
"192",2019-07-16 02:30:00,0.68,41.45,0.0369371427197673,2627.973462,NA,3015,"storm",NA
"193",2019-07-16 02:45:00,0.68,41.34,0.0343815043291134,2658.487694,NA,3030,"storm",NA
"194",2019-07-16 03:00:00,0.68,41.19,0.0347257790010429,2657.723907,NA,3045,"storm",NA
"195",2019-07-16 03:15:00,0.68,41.13,0.034529626051085,2687.056928,NA,3060,"storm",NA
"196",2019-07-16 03:30:00,0.68,41.03,0.0320846751079586,2674.449103,NA,3075,"storm",NA
"197",2019-07-16 03:45:00,0.68,40.96,0.034198406869726,2687.246441,NA,3090,"storm",NA
"198",2019-07-16 04:00:00,0.68,40.79,0.0329460092471032,2687.972239,NA,3105,"storm",NA
"199",2019-07-16 04:15:00,0.68,40.66,0.0319773623242694,2695.264995,NA,3120,"storm",NA
"200",2019-07-16 04:30:00,0.68,40.48,0.0290906049581164,2711.498458,NA,3135,"storm",NA
"201",2019-07-16 04:45:00,0.62,40.49,0.0307137039882513,2709.403069,NA,3150,"storm",NA
"202",2019-07-16 05:00:00,0.68,40.37,0.0301352861018804,2716.889926,NA,3165,"storm",NA
"203",2019-07-16 05:15:00,0.68,40.26,0.0323739045368992,2723.114591,NA,3180,"storm",NA
"204",2019-07-16 05:30:00,0.68,40.28,0.0300702725977473,2710.132426,NA,3195,"storm",NA
"205",2019-07-16 05:45:00,0.68,40.1,0.0307137039882517,2738.120552,NA,3210,"storm",NA
"206",2019-07-16 06:00:00,0.68,39.97,0.0302003947448645,2716.031759,NA,3225,"storm",NA
"207",2019-07-16 06:15:00,0.68,39.81,0.0292709461919988,2753.476726,NA,3240,"storm",NA
"208",2019-07-16 06:30:00,0.68,39.76,0.0293933748125502,2760.375419,NA,3255,"storm",NA
"209",2019-07-16 06:45:00,0.68,39.49,0.0286169177342389,2767.416753,NA,3270,"storm",NA
"210",2019-07-16 07:00:00,0.68,39.66,0.0289901586889386,2723.253721,NA,3285,"storm",NA
"211",2019-07-16 07:15:00,0.68,39.88,0.0286850085485528,2686.667785,NA,3300,"storm",NA
"212",2019-07-16 07:30:00,0.68,39.88,0.0279885055708599,2672.010442,NA,3315,"storm",NA
"213",2019-07-16 07:45:00,0.68,39.98,0.0285593896404331,2641.553773,NA,3330,"storm",NA
"214",2019-07-16 08:00:00,0.68,39.91,0.0293507513033435,2604.0403,NA,3345,"storm",NA
"215",2019-07-16 08:15:00,0.62,39.86,0.0282366355179295,2605.048798,NA,3360,"storm",NA
"216",2019-07-16 08:30:00,0.62,40.03,0.0277777666635402,2561.638649,NA,3375,"storm",NA
"217",2019-07-16 08:45:00,0.62,40.06,0.0287269660857938,2509.814823,4.61,3390,"storm","calibrate"
