"Date","Time","Station","DOC","TDN","SampleType","DateTime","Distance_from_peatland","WS"
"7/1/22","9:33","Stn05",1.785,0.08676,"Station",2022-07-01 09:30:00,1,"Colmillo"
"6/6/22","13:20","Stn02",2.119,0.1059,"Station",2022-06-06 13:15:00,56,"Gavilan"
"7/26/22","10:30","Stn05",2.485,0.09317,"Station",2022-07-26 10:30:00,1,"Colmillo"
"7/26/22","10:30","Stn05",2.724,0.08743,"Station",2022-07-26 10:30:00,1,"Colmillo"
"7/6/22","10:20","Stn02",4.074,0.126,"Station",2022-07-06 10:15:00,56,"Gavilan"
"6/28/21","11:41","Stn01",2.42,0.06889,"Station",2021-06-28 11:45:00,5,"Gavilan"
"6/28/21","11:35","Stn02",2.463,0.0862,"Station",2021-06-28 11:30:00,56,"Gavilan"
"6/28/21","12:54","Stn03",2.634,0.08039,"Station",2021-06-28 13:00:00,288,"Gavilan"
"6/28/21","13:17","Stn04",2.638,0.0962,"Station",2021-06-28 13:15:00,454,"Gavilan"
"6/28/21","10:47","Stn05",1.915,0.1213,"Station",2021-06-28 10:45:00,1,"Colmillo"
"6/28/21","10:25","Stn06",1.777,0.08071,"Station",2021-06-28 10:30:00,53,"Colmillo"
"7/2/21","10:15","Stn01",4.049,0.1048,"Station",2021-07-02 10:15:00,5,"Gavilan"
"7/2/21","10:55","Stn02",3.963,0.1148,"Station",2021-07-02 11:00:00,56,"Gavilan"
"7/2/21","12:40","Stn03",3.87,0.1257,"Station",2021-07-02 12:45:00,288,"Gavilan"
"7/2/21","11:25","Stn04",3.779,0.1178,"Station",2021-07-02 11:30:00,454,"Gavilan"
"7/6/21","13:50","Stn05",1.341,0.05416,"Station",2021-07-06 13:45:00,1,"Colmillo"
"7/6/21","13:45","Stn06",1.741,0.08796,"Station",2021-07-06 13:45:00,53,"Colmillo"
"7/9/21","10:15","Stn01",2.428,0.07039,"Station",2021-07-09 10:15:00,5,"Gavilan"
"7/9/21","10:50","Stn02",2.425,0.07143,"Station",2021-07-09 10:45:00,56,"Gavilan"
"7/9/21","11:35","Stn03",2.89,0.09655,"Station",2021-07-09 11:30:00,288,"Gavilan"
"7/9/21","12:00","Stn04",3.102,0.1271,"Station",2021-07-09 12:00:00,454,"Gavilan"
"7/19/21","11:20","Stn01",4.024,0.0965,"Station",2021-07-19 11:15:00,5,"Gavilan"
"7/19/21","11:25","Stn02",5.44,0.146,"Station",2021-07-19 11:30:00,56,"Gavilan"
"7/19/21","11:35","Stn03",5.527,0.1449,"Station",2021-07-19 11:30:00,288,"Gavilan"
"7/19/21","11:45","Stn04",5.55,0.1413,"Station",2021-07-19 11:45:00,454,"Gavilan"
"7/19/21","10:30","Stn05",4.595,0.1481,"Station",2021-07-19 10:30:00,1,"Colmillo"
"7/19/21","10:05","Stn06",4.516,0.1362,"Station",2021-07-19 10:00:00,53,"Colmillo"
"7/23/21","10:45","Stn01",3.536,0.0979,"Station",2021-07-23 10:45:00,5,"Gavilan"
"7/23/21","11:15","Stn02",4.605,0.09859,"Station",2021-07-23 11:15:00,56,"Gavilan"
"7/23/21","12:05","Stn03",3.775,0.08733,"Station",2021-07-23 12:00:00,288,"Gavilan"
"7/23/21","12:25","Stn04",3.611,0.08577,"Station",2021-07-23 12:30:00,454,"Gavilan"
"7/23/21","9:45","Stn05",2.968,0.0889,"Station",2021-07-23 09:45:00,1,"Colmillo"
"7/23/21","9:40","Stn06",2.796,0.08929,"Station",2021-07-23 09:45:00,53,"Colmillo"
"7/26/21","12:00","Stn01",3.29,0.09069,"Station",2021-07-26 12:00:00,5,"Gavilan"
"7/26/21","12:00","Stn02",3.265,0.1002,"Station",2021-07-26 12:00:00,56,"Gavilan"
"7/26/21","12:00","Stn03",3.159,0.09596,"Station",2021-07-26 12:00:00,288,"Gavilan"
"7/26/21","12:00","Stn04",3.228,0.08429,"Station",2021-07-26 12:00:00,454,"Gavilan"
"7/26/21","12:00","Stn05",1.778,0.07464,"Station",2021-07-26 12:00:00,1,"Colmillo"
"7/26/21","12:00","Stn06",1.73,0.07816,"Station",2021-07-26 12:00:00,53,"Colmillo"
"6/23/21","10:34",NA,2.786,0.07962,"synoptic",2021-06-23 10:30:00,NA,NA
"6/23/21","11:30",NA,1.835,0.07048,"synoptic",2021-06-23 11:30:00,NA,NA
"6/23/21","12:11",NA,3.197,0.08359,"synoptic",2021-06-23 12:15:00,NA,NA
"6/23/21","12:55",NA,3.446,0.1113,"synoptic",2021-06-23 13:00:00,NA,NA
"6/23/21","14:45",NA,3.651,0.2276,"synoptic",2021-06-23 14:45:00,NA,NA
"6/23/21","10:45",NA,3.845,0.1181,"synoptic",2021-06-23 10:45:00,NA,NA
"6/23/21","11:15",NA,4.184,0.1312,"synoptic",2021-06-23 11:15:00,NA,NA
"6/23/21","12:00",NA,4.042,0.1101,"synoptic",2021-06-23 12:00:00,NA,NA
"6/23/21","13:40",NA,3.633,0.1756,"synoptic",2021-06-23 13:45:00,NA,NA
"6/23/21","14:15",NA,1.511,0.08222,"synoptic",2021-06-23 14:15:00,NA,NA
"6/23/21","15:12",NA,0.9314,0.06087,"synoptic",2021-06-23 15:15:00,NA,NA
"6/22/21","11:13",NA,3.747,0.1204,"synoptic",2021-06-22 11:15:00,NA,NA
"6/22/21","12:24",NA,3.698,0.128,"synoptic",2021-06-22 12:30:00,NA,NA
"6/22/21","14:30",NA,3.15,0.124,"synoptic",2021-06-22 14:30:00,NA,NA
"6/22/21","15:30",NA,3.024,0.08755,"synoptic",2021-06-22 15:30:00,NA,NA
"6/22/21","13:45",NA,3.883,0.1674,"synoptic",2021-06-22 13:45:00,NA,NA
"6/22/21","15:45",NA,3.806,0.1231,"synoptic",2021-06-22 15:45:00,NA,NA
"6/29/21","9:57",NA,4.558,0.1381,"synoptic",2021-06-29 10:00:00,NA,NA
"6/29/21","10:40",NA,4.961,0.1887,"synoptic",2021-06-29 10:45:00,NA,NA
"6/29/21","13:30",NA,2.645,0.09103,"synoptic",2021-06-29 13:30:00,NA,NA
"6/29/21","14:05",NA,1.634,0.0659,"synoptic",2021-06-29 14:00:00,NA,NA
"6/29/21","9:55",NA,0.8266,0.06108,"synoptic",2021-06-29 10:00:00,NA,NA
"6/29/21","10:40",NA,2.5,0.0806,"synoptic",2021-06-29 10:45:00,NA,NA
"6/29/21","11:30",NA,3.44,0.1274,"synoptic",2021-06-29 11:30:00,NA,NA
"6/29/21","14:00",NA,4.093,0.1337,"synoptic",2021-06-29 14:00:00,NA,NA
"6/30/21","10:00",NA,7.943,0.2281,"synoptic",2021-06-30 10:00:00,NA,NA
"6/30/21","12:15",NA,8.737,0.2291,"synoptic",2021-06-30 12:15:00,NA,NA
"7/5/21","12:55",NA,3.866,0.1229,"synoptic",2021-07-05 13:00:00,NA,NA
"7/5/21","14:15",NA,3.018,0.07629,"synoptic",2021-07-05 14:15:00,NA,NA
"7/5/21","13:15",NA,3.226,0.125,"synoptic",2021-07-05 13:15:00,NA,NA
"7/5/21","14:00",NA,3.059,0.09726,"synoptic",2021-07-05 14:00:00,NA,NA
"7/5/21","14:35",NA,2.809,0.101,"synoptic",2021-07-05 14:30:00,NA,NA
"7/6/21","12:15",NA,3.958,0.09001,"synoptic",2021-07-06 12:15:00,NA,NA
"7/6/21","10:35",NA,2.405,0.1359,"synoptic",2021-07-06 10:30:00,NA,NA
"7/6/21","12:00",NA,3.413,0.1029,"synoptic",2021-07-06 12:00:00,NA,NA
"7/7/21","10:30",NA,1.507,0.0712,"synoptic",2021-07-07 10:30:00,NA,NA
"7/7/21","11:35",NA,1.642,0.07594,"synoptic",2021-07-07 11:30:00,NA,NA
"7/7/21","14:00",NA,1.569,0.08167,"synoptic",2021-07-07 14:00:00,NA,NA
"7/7/21","10:15",NA,1.719,0.0869,"synoptic",2021-07-07 10:15:00,NA,NA
"7/7/21","14:00",NA,1.505,0.06122,"synoptic",2021-07-07 14:00:00,NA,NA
"7/9/21","13:00",NA,2.824,0.1087,"synoptic",2021-07-09 13:00:00,NA,NA
"7/9/21","13:00",NA,2.753,0.1637,"synoptic",2021-07-09 13:00:00,NA,NA
"6/18/21","11:15","Stn01",2.393,0.1063,"synoptic",2021-06-18 11:15:00,5,"Gavilan"
"6/18/21","13:38",NA,2.791,0.1907,"synoptic",2021-06-18 13:45:00,NA,NA
"6/18/21","15:55","Stn04",2.643,0.1286,"synoptic",2021-06-18 16:00:00,454,"Gavilan"
