Nombre Dispositivo:,,OM-CP-VOLT101A
Descripción del dispositivo:,,Registrador de Voltaje
Número de Serie:,,S02590
ID Dispositivo:,,Stn3
,,
,,Canal 1
Date,Tiempo,Voltaje (ppm)
10/19/2022,3:24:00 PM,20
10/19/2022,3:39:00 PM,150
10/19/2022,3:54:00 PM,20
10/19/2022,4:09:00 PM,120
10/19/2022,4:24:00 PM,130
10/19/2022,4:39:00 PM,140
10/19/2022,4:54:00 PM,140
10/19/2022,5:09:00 PM,145
10/19/2022,5:24:00 PM,155
10/19/2022,5:39:00 PM,130
10/19/2022,5:54:00 PM,160
10/19/2022,6:09:00 PM,155
10/19/2022,6:24:00 PM,175
10/19/2022,6:39:00 PM,190
10/19/2022,6:54:00 PM,190
10/19/2022,7:09:00 PM,185
10/19/2022,7:24:00 PM,200
10/19/2022,7:39:00 PM,190
10/19/2022,7:54:00 PM,215
10/19/2022,8:09:00 PM,220
10/19/2022,8:24:00 PM,215
10/19/2022,8:39:00 PM,220
10/19/2022,8:54:00 PM,240
10/19/2022,9:09:00 PM,235
10/19/2022,9:24:00 PM,250
10/19/2022,9:39:00 PM,225
10/19/2022,9:54:00 PM,240
10/19/2022,10:09:00 PM,245
10/19/2022,10:24:00 PM,240
10/19/2022,10:39:00 PM,261
10/19/2022,10:54:00 PM,240
10/19/2022,11:09:00 PM,271
10/19/2022,11:24:00 PM,245
10/19/2022,11:39:00 PM,225
10/19/2022,11:54:00 PM,225
10/20/2022,12:09:00 AM,250
10/20/2022,12:24:00 AM,230
10/20/2022,12:39:00 AM,245
10/20/2022,12:54:00 AM,240
10/20/2022,1:09:00 AM,235
10/20/2022,1:24:00 AM,255
10/20/2022,1:39:00 AM,266
10/20/2022,1:54:00 AM,245
10/20/2022,2:09:00 AM,281
10/20/2022,2:24:00 AM,271
10/20/2022,2:39:00 AM,255
10/20/2022,2:54:00 AM,266
10/20/2022,3:09:00 AM,245
10/20/2022,3:24:00 AM,250
10/20/2022,3:39:00 AM,281
10/20/2022,3:54:00 AM,286
10/20/2022,4:09:00 AM,271
10/20/2022,4:24:00 AM,286
10/20/2022,4:39:00 AM,286
10/20/2022,4:54:00 AM,281
10/20/2022,5:09:00 AM,291
10/20/2022,5:24:00 AM,286
10/20/2022,5:39:00 AM,296
10/20/2022,5:54:00 AM,286
10/20/2022,6:09:00 AM,296
10/20/2022,6:24:00 AM,291
10/20/2022,6:39:00 AM,296
10/20/2022,6:54:00 AM,316
10/20/2022,7:09:00 AM,296
10/20/2022,7:24:00 AM,286
10/20/2022,7:39:00 AM,306
10/20/2022,7:54:00 AM,316
10/20/2022,8:09:00 AM,311
10/20/2022,8:24:00 AM,321
10/20/2022,8:39:00 AM,296
10/20/2022,8:54:00 AM,326
10/20/2022,9:09:00 AM,326
10/20/2022,9:24:00 AM,321
10/20/2022,9:39:00 AM,336
10/20/2022,9:54:00 AM,316
10/20/2022,10:09:00 AM,336
10/20/2022,10:24:00 AM,351
10/20/2022,10:39:00 AM,316
10/20/2022,10:54:00 AM,346
10/20/2022,11:09:00 AM,341
10/20/2022,11:24:00 AM,326
10/20/2022,11:39:00 AM,331
10/20/2022,11:54:00 AM,331
10/20/2022,12:09:00 PM,346
10/20/2022,12:24:00 PM,346
10/20/2022,12:39:00 PM,346
10/20/2022,12:54:00 PM,351
10/20/2022,1:09:00 PM,366
10/20/2022,1:24:00 PM,346
10/20/2022,1:39:00 PM,361
10/20/2022,1:54:00 PM,361
10/20/2022,2:09:00 PM,356
10/20/2022,2:24:00 PM,371
10/20/2022,2:39:00 PM,371
10/20/2022,2:54:00 PM,381
10/20/2022,3:09:00 PM,381
10/20/2022,3:24:00 PM,376
10/20/2022,3:39:00 PM,376
10/20/2022,3:54:00 PM,396
10/20/2022,4:09:00 PM,376
10/20/2022,4:24:00 PM,381
10/20/2022,4:39:00 PM,401
10/20/2022,4:54:00 PM,401
10/20/2022,5:09:00 PM,386
10/20/2022,5:24:00 PM,411
10/20/2022,5:39:00 PM,386
10/20/2022,5:54:00 PM,406
10/20/2022,6:09:00 PM,406
10/20/2022,6:24:00 PM,396
10/20/2022,6:39:00 PM,401
10/20/2022,6:54:00 PM,421
10/20/2022,7:09:00 PM,416
10/20/2022,7:24:00 PM,416
10/20/2022,7:39:00 PM,421
10/20/2022,7:54:00 PM,416
10/20/2022,8:09:00 PM,426
10/20/2022,8:24:00 PM,431
10/20/2022,8:39:00 PM,441
10/20/2022,8:54:00 PM,421
10/20/2022,9:09:00 PM,421
10/20/2022,9:24:00 PM,431
10/20/2022,9:39:00 PM,426
10/20/2022,9:54:00 PM,431
10/20/2022,10:09:00 PM,446
10/20/2022,10:24:00 PM,451
10/20/2022,10:39:00 PM,446
10/20/2022,10:54:00 PM,431
10/20/2022,11:09:00 PM,446
10/20/2022,11:24:00 PM,456
10/20/2022,11:39:00 PM,461
10/20/2022,11:54:00 PM,456
10/21/2022,12:09:00 AM,446
10/21/2022,12:24:00 AM,456
10/21/2022,12:39:00 AM,461
10/21/2022,12:54:00 AM,461
10/21/2022,1:09:00 AM,471
10/21/2022,1:24:00 AM,451
10/21/2022,1:39:00 AM,451
10/21/2022,1:54:00 AM,506
10/21/2022,2:09:00 AM,476
10/21/2022,2:24:00 AM,456
10/21/2022,2:39:00 AM,466
10/21/2022,2:54:00 AM,501
10/21/2022,3:09:00 AM,461
10/21/2022,3:24:00 AM,461
10/21/2022,3:39:00 AM,476
10/21/2022,3:54:00 AM,481
10/21/2022,4:09:00 AM,496
10/21/2022,4:24:00 AM,481
10/21/2022,4:39:00 AM,476
10/21/2022,4:54:00 AM,486
10/21/2022,5:09:00 AM,491
10/21/2022,5:24:00 AM,481
10/21/2022,5:39:00 AM,501
10/21/2022,5:54:00 AM,491
10/21/2022,6:09:00 AM,506
10/21/2022,6:24:00 AM,496
10/21/2022,6:39:00 AM,491
10/21/2022,6:54:00 AM,481
10/21/2022,7:09:00 AM,491
10/21/2022,7:24:00 AM,506
10/21/2022,7:39:00 AM,496
10/21/2022,7:54:00 AM,496
10/21/2022,8:09:00 AM,511
10/21/2022,8:24:00 AM,506
10/21/2022,8:39:00 AM,491
10/21/2022,8:54:00 AM,516
10/21/2022,9:09:00 AM,496
10/21/2022,9:24:00 AM,491
10/21/2022,9:39:00 AM,516
10/21/2022,9:54:00 AM,526
10/21/2022,10:09:00 AM,511
10/21/2022,10:24:00 AM,516
10/21/2022,10:39:00 AM,526
10/21/2022,10:54:00 AM,526
10/21/2022,11:09:00 AM,526
10/21/2022,11:24:00 AM,496
10/21/2022,11:39:00 AM,501
10/21/2022,11:54:00 AM,506
10/21/2022,12:09:00 PM,501
10/21/2022,12:24:00 PM,526
10/21/2022,12:39:00 PM,526
10/21/2022,12:54:00 PM,531
10/21/2022,1:09:00 PM,516
10/21/2022,1:24:00 PM,516
10/21/2022,1:39:00 PM,536
10/21/2022,1:54:00 PM,526
10/21/2022,2:09:00 PM,546
10/21/2022,2:24:00 PM,526
10/21/2022,2:39:00 PM,516
10/21/2022,2:54:00 PM,531
10/21/2022,3:09:00 PM,531
10/21/2022,3:24:00 PM,531
10/21/2022,3:39:00 PM,526
10/21/2022,3:54:00 PM,516
10/21/2022,4:09:00 PM,536
10/21/2022,4:24:00 PM,546
10/21/2022,4:39:00 PM,546
10/21/2022,4:54:00 PM,521
10/21/2022,5:09:00 PM,536
10/21/2022,5:24:00 PM,531
10/21/2022,5:39:00 PM,541
10/21/2022,5:54:00 PM,526
10/21/2022,6:09:00 PM,556
10/21/2022,6:24:00 PM,536
10/21/2022,6:39:00 PM,536
10/21/2022,6:54:00 PM,541
10/21/2022,7:09:00 PM,561
10/21/2022,7:24:00 PM,551
10/21/2022,7:39:00 PM,536
10/21/2022,7:54:00 PM,556
10/21/2022,8:09:00 PM,566
10/21/2022,8:24:00 PM,541
10/21/2022,8:39:00 PM,556
10/21/2022,8:54:00 PM,581
10/21/2022,9:09:00 PM,546
10/21/2022,9:24:00 PM,551
10/21/2022,9:39:00 PM,576
10/21/2022,9:54:00 PM,561
10/21/2022,10:09:00 PM,551
10/21/2022,10:24:00 PM,571
10/21/2022,10:39:00 PM,571
10/21/2022,10:54:00 PM,561
10/21/2022,11:09:00 PM,591
10/21/2022,11:24:00 PM,566
10/21/2022,11:39:00 PM,561
10/21/2022,11:54:00 PM,581
10/22/2022,12:09:00 AM,551
10/22/2022,12:24:00 AM,586
10/22/2022,12:39:00 AM,566
10/22/2022,12:54:00 AM,591
10/22/2022,1:09:00 AM,581
10/22/2022,1:24:00 AM,571
10/22/2022,1:39:00 AM,606
10/22/2022,1:54:00 AM,581
10/22/2022,2:09:00 AM,591
10/22/2022,2:24:00 AM,571
10/22/2022,2:39:00 AM,571
10/22/2022,2:54:00 AM,601
10/22/2022,3:09:00 AM,586
10/22/2022,3:24:00 AM,571
10/22/2022,3:39:00 AM,586
10/22/2022,3:54:00 AM,586
10/22/2022,4:09:00 AM,611
10/22/2022,4:24:00 AM,591
10/22/2022,4:39:00 AM,586
10/22/2022,4:54:00 AM,596
10/22/2022,5:09:00 AM,616
10/22/2022,5:24:00 AM,586
10/22/2022,5:39:00 AM,606
10/22/2022,5:54:00 AM,591
10/22/2022,6:09:00 AM,591
10/22/2022,6:24:00 AM,616
10/22/2022,6:39:00 AM,601
10/22/2022,6:54:00 AM,591
10/22/2022,7:09:00 AM,591
10/22/2022,7:24:00 AM,606
10/22/2022,7:39:00 AM,601
10/22/2022,7:54:00 AM,586
10/22/2022,8:09:00 AM,616
10/22/2022,8:24:00 AM,591
10/22/2022,8:39:00 AM,616
10/22/2022,8:54:00 AM,591
10/22/2022,9:09:00 AM,596
10/22/2022,9:24:00 AM,596
10/22/2022,9:39:00 AM,596
10/22/2022,9:54:00 AM,586
10/22/2022,10:09:00 AM,606
10/22/2022,10:24:00 AM,596
10/22/2022,10:39:00 AM,586
10/22/2022,10:54:00 AM,586
10/22/2022,11:09:00 AM,591
10/22/2022,11:24:00 AM,591
10/22/2022,11:39:00 AM,581
10/22/2022,11:54:00 AM,581
10/22/2022,12:09:00 PM,566
10/22/2022,12:24:00 PM,586
10/22/2022,12:39:00 PM,576
10/22/2022,12:54:00 PM,606
10/22/2022,1:09:00 PM,591
10/22/2022,1:24:00 PM,591
10/22/2022,1:39:00 PM,591
10/22/2022,1:54:00 PM,596
10/22/2022,2:09:00 PM,576
10/22/2022,2:24:00 PM,591
10/22/2022,2:39:00 PM,586
10/22/2022,2:54:00 PM,591
10/22/2022,3:09:00 PM,576
10/22/2022,3:24:00 PM,591
10/22/2022,3:39:00 PM,586
10/22/2022,3:54:00 PM,591
10/22/2022,4:09:00 PM,601
10/22/2022,4:24:00 PM,596
10/22/2022,4:39:00 PM,581
10/22/2022,4:54:00 PM,611
10/22/2022,5:09:00 PM,601
10/22/2022,5:24:00 PM,591
10/22/2022,5:39:00 PM,591
10/22/2022,5:54:00 PM,601
10/22/2022,6:09:00 PM,606
10/22/2022,6:24:00 PM,616
10/22/2022,6:39:00 PM,601
10/22/2022,6:54:00 PM,636
10/22/2022,7:09:00 PM,621
10/22/2022,7:24:00 PM,601
10/22/2022,7:39:00 PM,611
10/22/2022,7:54:00 PM,611
10/22/2022,8:09:00 PM,616
10/22/2022,8:24:00 PM,631
10/22/2022,8:39:00 PM,651
10/22/2022,8:54:00 PM,626
10/22/2022,9:09:00 PM,611
10/22/2022,9:24:00 PM,631
10/22/2022,9:39:00 PM,651
10/22/2022,9:54:00 PM,636
10/22/2022,10:09:00 PM,636
10/22/2022,10:24:00 PM,631
10/22/2022,10:39:00 PM,636
10/22/2022,10:54:00 PM,656
10/22/2022,11:09:00 PM,656
10/22/2022,11:24:00 PM,636
10/22/2022,11:39:00 PM,656
10/22/2022,11:54:00 PM,651
10/23/2022,12:09:00 AM,651
10/23/2022,12:24:00 AM,641
10/23/2022,12:39:00 AM,656
10/23/2022,12:54:00 AM,646
10/23/2022,1:09:00 AM,666
10/23/2022,1:24:00 AM,666
10/23/2022,1:39:00 AM,646
10/23/2022,1:54:00 AM,661
10/23/2022,2:09:00 AM,651
10/23/2022,2:24:00 AM,636
10/23/2022,2:39:00 AM,636
10/23/2022,2:54:00 AM,636
10/23/2022,3:09:00 AM,631
10/23/2022,3:24:00 AM,641
10/23/2022,3:39:00 AM,636
10/23/2022,3:54:00 AM,621
10/23/2022,4:09:00 AM,646
10/23/2022,4:24:00 AM,651
10/23/2022,4:39:00 AM,621
10/23/2022,4:54:00 AM,631
10/23/2022,5:09:00 AM,621
10/23/2022,5:24:00 AM,631
10/23/2022,5:39:00 AM,621
10/23/2022,5:54:00 AM,616
10/23/2022,6:09:00 AM,611
10/23/2022,6:24:00 AM,611
10/23/2022,6:39:00 AM,651
10/23/2022,6:54:00 AM,631
10/23/2022,7:09:00 AM,631
10/23/2022,7:24:00 AM,626
10/23/2022,7:39:00 AM,621
10/23/2022,7:54:00 AM,616
10/23/2022,8:09:00 AM,621
10/23/2022,8:24:00 AM,626
10/23/2022,8:39:00 AM,616
10/23/2022,8:54:00 AM,626
10/23/2022,9:09:00 AM,611
10/23/2022,9:24:00 AM,616
10/23/2022,9:39:00 AM,626
10/23/2022,9:54:00 AM,621
10/23/2022,10:09:00 AM,616
10/23/2022,10:24:00 AM,616
10/23/2022,10:39:00 AM,626
10/23/2022,10:54:00 AM,616
10/23/2022,11:09:00 AM,616
10/23/2022,11:24:00 AM,626
10/23/2022,11:39:00 AM,641
10/23/2022,11:54:00 AM,626
10/23/2022,12:09:00 PM,641
10/23/2022,12:24:00 PM,641
10/23/2022,12:39:00 PM,626
10/23/2022,12:54:00 PM,611
10/23/2022,1:09:00 PM,621
10/23/2022,1:24:00 PM,606
10/23/2022,1:39:00 PM,606
10/23/2022,1:54:00 PM,611
10/23/2022,2:09:00 PM,616
10/23/2022,2:24:00 PM,581
10/23/2022,2:39:00 PM,576
10/23/2022,2:54:00 PM,606
10/23/2022,3:09:00 PM,606
10/23/2022,3:24:00 PM,606
10/23/2022,3:39:00 PM,596
10/23/2022,3:54:00 PM,576
10/23/2022,4:09:00 PM,566
10/23/2022,4:24:00 PM,606
10/23/2022,4:39:00 PM,596
10/23/2022,4:54:00 PM,616
10/23/2022,5:09:00 PM,606
10/23/2022,5:24:00 PM,606
10/23/2022,5:39:00 PM,596
10/23/2022,5:54:00 PM,621
10/23/2022,6:09:00 PM,606
10/23/2022,6:24:00 PM,621
10/23/2022,6:39:00 PM,621
10/23/2022,6:54:00 PM,616
10/23/2022,7:09:00 PM,611
10/23/2022,7:24:00 PM,636
10/23/2022,7:39:00 PM,636
10/23/2022,7:54:00 PM,621
10/23/2022,8:09:00 PM,631
10/23/2022,8:24:00 PM,616
10/23/2022,8:39:00 PM,621
10/23/2022,8:54:00 PM,611
10/23/2022,9:09:00 PM,621
10/23/2022,9:24:00 PM,596
10/23/2022,9:39:00 PM,606
10/23/2022,9:54:00 PM,611
10/23/2022,10:09:00 PM,601
10/23/2022,10:24:00 PM,611
10/23/2022,10:39:00 PM,606
10/23/2022,10:54:00 PM,616
10/23/2022,11:09:00 PM,606
10/23/2022,11:24:00 PM,626
10/23/2022,11:39:00 PM,636
10/23/2022,11:54:00 PM,606
10/24/2022,12:09:00 AM,631
10/24/2022,12:24:00 AM,601
10/24/2022,12:39:00 AM,621
10/24/2022,12:54:00 AM,621
10/24/2022,1:09:00 AM,616
10/24/2022,1:24:00 AM,611
10/24/2022,1:39:00 AM,611
10/24/2022,1:54:00 AM,631
10/24/2022,2:09:00 AM,641
10/24/2022,2:24:00 AM,641
10/24/2022,2:39:00 AM,611
10/24/2022,2:54:00 AM,621
10/24/2022,3:09:00 AM,631
10/24/2022,3:24:00 AM,616
10/24/2022,3:39:00 AM,646
10/24/2022,3:54:00 AM,621
10/24/2022,4:09:00 AM,641
10/24/2022,4:24:00 AM,631
10/24/2022,4:39:00 AM,631
10/24/2022,4:54:00 AM,626
10/24/2022,5:09:00 AM,621
10/24/2022,5:24:00 AM,626
10/24/2022,5:39:00 AM,626
10/24/2022,5:54:00 AM,591
10/24/2022,6:09:00 AM,586
10/24/2022,6:24:00 AM,596
10/24/2022,6:39:00 AM,586
10/24/2022,6:54:00 AM,591
10/24/2022,7:09:00 AM,561
10/24/2022,7:24:00 AM,571
10/24/2022,7:39:00 AM,571
10/24/2022,7:54:00 AM,581
10/24/2022,8:09:00 AM,566
10/24/2022,8:24:00 AM,576
10/24/2022,8:39:00 AM,561
10/24/2022,8:54:00 AM,561
10/24/2022,9:09:00 AM,551
10/24/2022,9:24:00 AM,531
10/24/2022,9:39:00 AM,551
10/24/2022,9:54:00 AM,546
10/24/2022,10:09:00 AM,526
10/24/2022,10:24:00 AM,556
10/24/2022,10:39:00 AM,561
10/24/2022,10:54:00 AM,541
10/24/2022,11:09:00 AM,541
10/24/2022,11:24:00 AM,546
10/24/2022,11:39:00 AM,551
10/24/2022,11:54:00 AM,576
10/24/2022,12:09:00 PM,551
10/24/2022,12:24:00 PM,546
10/24/2022,12:39:00 PM,561
10/24/2022,12:54:00 PM,556
10/24/2022,1:09:00 PM,556
10/24/2022,1:24:00 PM,566
10/24/2022,1:39:00 PM,551
10/24/2022,1:54:00 PM,556
10/24/2022,2:09:00 PM,556
10/24/2022,2:24:00 PM,561
10/24/2022,2:39:00 PM,561
10/24/2022,2:54:00 PM,566
10/24/2022,3:09:00 PM,541
10/24/2022,3:24:00 PM,556
10/24/2022,3:39:00 PM,551
10/24/2022,3:54:00 PM,566
10/24/2022,4:09:00 PM,551
10/24/2022,4:24:00 PM,566
10/24/2022,4:39:00 PM,561
10/24/2022,4:54:00 PM,556
10/24/2022,5:09:00 PM,551
10/24/2022,5:24:00 PM,581
10/24/2022,5:39:00 PM,581
10/24/2022,5:54:00 PM,581
10/24/2022,6:09:00 PM,581
10/24/2022,6:24:00 PM,566
10/24/2022,6:39:00 PM,581
10/24/2022,6:54:00 PM,576
10/24/2022,7:09:00 PM,576
10/24/2022,7:24:00 PM,561
10/24/2022,7:39:00 PM,581
10/24/2022,7:54:00 PM,591
10/24/2022,8:09:00 PM,601
10/24/2022,8:24:00 PM,586
10/24/2022,8:39:00 PM,621
10/24/2022,8:54:00 PM,606
10/24/2022,9:09:00 PM,606
10/24/2022,9:24:00 PM,586
10/24/2022,9:39:00 PM,641
10/24/2022,9:54:00 PM,606
10/24/2022,10:09:00 PM,631
10/24/2022,10:24:00 PM,616
10/24/2022,10:39:00 PM,626
10/24/2022,10:54:00 PM,631
10/24/2022,11:09:00 PM,641
10/24/2022,11:24:00 PM,636
10/24/2022,11:39:00 PM,611
10/24/2022,11:54:00 PM,611
10/25/2022,12:09:00 AM,631
10/25/2022,12:24:00 AM,646
10/25/2022,12:39:00 AM,631
10/25/2022,12:54:00 AM,646
10/25/2022,1:09:00 AM,636
10/25/2022,1:24:00 AM,636
10/25/2022,1:39:00 AM,641
10/25/2022,1:54:00 AM,626
10/25/2022,2:09:00 AM,606
10/25/2022,2:24:00 AM,646
10/25/2022,2:39:00 AM,631
10/25/2022,2:54:00 AM,641
10/25/2022,3:09:00 AM,636
10/25/2022,3:24:00 AM,661
10/25/2022,3:39:00 AM,651
10/25/2022,3:54:00 AM,651
10/25/2022,4:09:00 AM,641
10/25/2022,4:24:00 AM,651
10/25/2022,4:39:00 AM,666
10/25/2022,4:54:00 AM,661
10/25/2022,5:09:00 AM,661
10/25/2022,5:24:00 AM,661
10/25/2022,5:39:00 AM,661
10/25/2022,5:54:00 AM,651
10/25/2022,6:09:00 AM,656
10/25/2022,6:24:00 AM,646
10/25/2022,6:39:00 AM,656
10/25/2022,6:54:00 AM,661
10/25/2022,7:09:00 AM,656
10/25/2022,7:24:00 AM,621
10/25/2022,7:39:00 AM,651
10/25/2022,7:54:00 AM,646
10/25/2022,8:09:00 AM,651
10/25/2022,8:24:00 AM,646
10/25/2022,8:39:00 AM,636
10/25/2022,8:54:00 AM,661
10/25/2022,9:09:00 AM,666
10/25/2022,9:24:00 AM,621
10/25/2022,9:39:00 AM,676
10/25/2022,9:54:00 AM,621
10/25/2022,10:09:00 AM,646
10/25/2022,10:24:00 AM,661
10/25/2022,10:39:00 AM,656
10/25/2022,10:54:00 AM,656
10/25/2022,11:09:00 AM,651
10/25/2022,11:24:00 AM,636
10/25/2022,11:39:00 AM,641
10/25/2022,11:54:00 AM,631
10/25/2022,12:09:00 PM,631
10/25/2022,12:24:00 PM,621
10/25/2022,12:39:00 PM,636
10/25/2022,12:54:00 PM,636
10/25/2022,1:09:00 PM,631
10/25/2022,1:24:00 PM,636
10/25/2022,1:39:00 PM,646
10/25/2022,1:54:00 PM,631
10/25/2022,2:09:00 PM,641
10/25/2022,2:24:00 PM,631
10/25/2022,2:39:00 PM,631
10/25/2022,2:54:00 PM,641
10/25/2022,3:09:00 PM,631
10/25/2022,3:24:00 PM,646
10/25/2022,3:39:00 PM,636
10/25/2022,3:54:00 PM,631
10/25/2022,4:09:00 PM,646
10/25/2022,4:24:00 PM,646
10/25/2022,4:39:00 PM,666
10/25/2022,4:54:00 PM,651
10/25/2022,5:09:00 PM,621
10/25/2022,5:24:00 PM,636
10/25/2022,5:39:00 PM,636
10/25/2022,5:54:00 PM,646
10/25/2022,6:09:00 PM,636
10/25/2022,6:24:00 PM,631
10/25/2022,6:39:00 PM,641
10/25/2022,6:54:00 PM,636
10/25/2022,7:09:00 PM,646
10/25/2022,7:24:00 PM,636
10/25/2022,7:39:00 PM,646
10/25/2022,7:54:00 PM,641
10/25/2022,8:09:00 PM,621
10/25/2022,8:24:00 PM,651
10/25/2022,8:39:00 PM,651
10/25/2022,8:54:00 PM,661
10/25/2022,9:09:00 PM,656
10/25/2022,9:24:00 PM,666
10/25/2022,9:39:00 PM,646
10/25/2022,9:54:00 PM,666
10/25/2022,10:09:00 PM,646
10/25/2022,10:24:00 PM,641
10/25/2022,10:39:00 PM,631
10/25/2022,10:54:00 PM,656
10/25/2022,11:09:00 PM,646
10/25/2022,11:24:00 PM,651
10/25/2022,11:39:00 PM,666
10/25/2022,11:54:00 PM,646
10/26/2022,12:09:00 AM,666
10/26/2022,12:24:00 AM,656
10/26/2022,12:39:00 AM,666
10/26/2022,12:54:00 AM,666
10/26/2022,1:09:00 AM,661
10/26/2022,1:24:00 AM,671
10/26/2022,1:39:00 AM,686
10/26/2022,1:54:00 AM,676
10/26/2022,2:09:00 AM,671
10/26/2022,2:24:00 AM,686
10/26/2022,2:39:00 AM,686
10/26/2022,2:54:00 AM,661
10/26/2022,3:09:00 AM,711
10/26/2022,3:24:00 AM,686
10/26/2022,3:39:00 AM,671
10/26/2022,3:54:00 AM,671
10/26/2022,4:09:00 AM,671
10/26/2022,4:24:00 AM,671
10/26/2022,4:39:00 AM,661
10/26/2022,4:54:00 AM,671
10/26/2022,5:09:00 AM,681
10/26/2022,5:24:00 AM,671
10/26/2022,5:39:00 AM,686
10/26/2022,5:54:00 AM,696
10/26/2022,6:09:00 AM,681
10/26/2022,6:24:00 AM,686
10/26/2022,6:39:00 AM,696
10/26/2022,6:54:00 AM,681
10/26/2022,7:09:00 AM,681
10/26/2022,7:24:00 AM,686
10/26/2022,7:39:00 AM,671
10/26/2022,7:54:00 AM,696
10/26/2022,8:09:00 AM,706
10/26/2022,8:24:00 AM,681
10/26/2022,8:39:00 AM,676
10/26/2022,8:54:00 AM,686
10/26/2022,9:09:00 AM,681
10/26/2022,9:24:00 AM,696
10/26/2022,9:39:00 AM,676
10/26/2022,9:54:00 AM,696
10/26/2022,10:09:00 AM,686
10/26/2022,10:24:00 AM,666
10/26/2022,10:39:00 AM,656
10/26/2022,10:54:00 AM,686
10/26/2022,11:09:00 AM,691
10/26/2022,11:24:00 AM,686
10/26/2022,11:39:00 AM,661
10/26/2022,11:54:00 AM,656
10/26/2022,12:09:00 PM,686
10/26/2022,12:24:00 PM,696
10/26/2022,12:39:00 PM,691
10/26/2022,12:54:00 PM,691
10/26/2022,1:09:00 PM,676
10/26/2022,1:24:00 PM,671
10/26/2022,1:39:00 PM,666
10/26/2022,1:54:00 PM,686
10/26/2022,2:09:00 PM,656
10/26/2022,2:24:00 PM,656
10/26/2022,2:39:00 PM,691
10/26/2022,2:54:00 PM,696
10/26/2022,3:09:00 PM,681
10/26/2022,3:24:00 PM,671
10/26/2022,3:39:00 PM,686
10/26/2022,3:54:00 PM,666
10/26/2022,4:09:00 PM,656
10/26/2022,4:24:00 PM,671
10/26/2022,4:39:00 PM,671
10/26/2022,4:54:00 PM,696
10/26/2022,5:09:00 PM,666
10/26/2022,5:24:00 PM,681
10/26/2022,5:39:00 PM,686
10/26/2022,5:54:00 PM,671
10/26/2022,6:09:00 PM,681
10/26/2022,6:24:00 PM,676
10/26/2022,6:39:00 PM,701
10/26/2022,6:54:00 PM,686
10/26/2022,7:09:00 PM,696
10/26/2022,7:24:00 PM,676
10/26/2022,7:39:00 PM,696
10/26/2022,7:54:00 PM,686
10/26/2022,8:09:00 PM,696
10/26/2022,8:24:00 PM,721
10/26/2022,8:39:00 PM,696
10/26/2022,8:54:00 PM,716
10/26/2022,9:09:00 PM,716
10/26/2022,9:24:00 PM,686
10/26/2022,9:39:00 PM,696
10/26/2022,9:54:00 PM,666
10/26/2022,10:09:00 PM,721
10/26/2022,10:24:00 PM,731
10/26/2022,10:39:00 PM,691
10/26/2022,10:54:00 PM,701
10/26/2022,11:09:00 PM,701
10/26/2022,11:24:00 PM,716
10/26/2022,11:39:00 PM,686
10/26/2022,11:54:00 PM,691
10/27/2022,12:09:00 AM,711
10/27/2022,12:24:00 AM,726
10/27/2022,12:39:00 AM,711
10/27/2022,12:54:00 AM,716
10/27/2022,1:09:00 AM,726
10/27/2022,1:24:00 AM,706
10/27/2022,1:39:00 AM,711
10/27/2022,1:54:00 AM,701
10/27/2022,2:09:00 AM,711
10/27/2022,2:24:00 AM,706
10/27/2022,2:39:00 AM,701
10/27/2022,2:54:00 AM,721
10/27/2022,3:09:00 AM,716
10/27/2022,3:24:00 AM,706
10/27/2022,3:39:00 AM,726
10/27/2022,3:54:00 AM,706
10/27/2022,4:09:00 AM,701
10/27/2022,4:24:00 AM,711
10/27/2022,4:39:00 AM,721
10/27/2022,4:54:00 AM,711
10/27/2022,5:09:00 AM,706
10/27/2022,5:24:00 AM,726
10/27/2022,5:39:00 AM,706
10/27/2022,5:54:00 AM,741
10/27/2022,6:09:00 AM,721
10/27/2022,6:24:00 AM,701
10/27/2022,6:39:00 AM,721
10/27/2022,6:54:00 AM,731
10/27/2022,7:09:00 AM,736
10/27/2022,7:24:00 AM,731
10/27/2022,7:39:00 AM,716
10/27/2022,7:54:00 AM,711
10/27/2022,8:09:00 AM,706
10/27/2022,8:24:00 AM,751
10/27/2022,8:39:00 AM,716
10/27/2022,8:54:00 AM,731
10/27/2022,9:09:00 AM,726
10/27/2022,9:24:00 AM,721
10/27/2022,9:39:00 AM,736
10/27/2022,9:54:00 AM,741
10/27/2022,10:09:00 AM,701
10/27/2022,10:24:00 AM,716
10/27/2022,10:39:00 AM,716
10/27/2022,10:54:00 AM,711
10/27/2022,11:09:00 AM,736
10/27/2022,11:24:00 AM,716
10/27/2022,11:39:00 AM,696
10/27/2022,11:54:00 AM,706
10/27/2022,12:09:00 PM,711
10/27/2022,12:24:00 PM,691
10/27/2022,12:39:00 PM,666
10/27/2022,12:54:00 PM,691
10/27/2022,1:09:00 PM,681
10/27/2022,1:24:00 PM,696
10/27/2022,1:39:00 PM,681
10/27/2022,1:54:00 PM,671
10/27/2022,2:09:00 PM,671
10/27/2022,2:24:00 PM,696
10/27/2022,2:39:00 PM,696
10/27/2022,2:54:00 PM,676
10/27/2022,3:09:00 PM,641
10/27/2022,3:24:00 PM,611
10/27/2022,3:39:00 PM,521
10/27/2022,3:54:00 PM,476
10/27/2022,4:09:00 PM,466
10/27/2022,4:24:00 PM,466
10/27/2022,4:39:00 PM,456
10/27/2022,4:54:00 PM,451
10/27/2022,5:09:00 PM,446
10/27/2022,5:24:00 PM,461
10/27/2022,5:39:00 PM,461
10/27/2022,5:54:00 PM,481
10/27/2022,6:09:00 PM,506
10/27/2022,6:24:00 PM,486
10/27/2022,6:39:00 PM,491
10/27/2022,6:54:00 PM,486
10/27/2022,7:09:00 PM,511
10/27/2022,7:24:00 PM,486
10/27/2022,7:39:00 PM,511
10/27/2022,7:54:00 PM,536
10/27/2022,8:09:00 PM,511
10/27/2022,8:24:00 PM,536
10/27/2022,8:39:00 PM,536
10/27/2022,8:54:00 PM,536
10/27/2022,9:09:00 PM,541
10/27/2022,9:24:00 PM,516
10/27/2022,9:39:00 PM,526
10/27/2022,9:54:00 PM,541
10/27/2022,10:09:00 PM,526
10/27/2022,10:24:00 PM,541
10/27/2022,10:39:00 PM,551
10/27/2022,10:54:00 PM,526
10/27/2022,11:09:00 PM,551
10/27/2022,11:24:00 PM,561
10/27/2022,11:39:00 PM,546
10/27/2022,11:54:00 PM,566
10/28/2022,12:09:00 AM,551
10/28/2022,12:24:00 AM,566
10/28/2022,12:39:00 AM,556
10/28/2022,12:54:00 AM,536
10/28/2022,1:09:00 AM,571
10/28/2022,1:24:00 AM,581
10/28/2022,1:39:00 AM,546
10/28/2022,1:54:00 AM,556
10/28/2022,2:09:00 AM,566
10/28/2022,2:24:00 AM,566
10/28/2022,2:39:00 AM,536
10/28/2022,2:54:00 AM,541
10/28/2022,3:09:00 AM,556
10/28/2022,3:24:00 AM,551
10/28/2022,3:39:00 AM,561
10/28/2022,3:54:00 AM,571
10/28/2022,4:09:00 AM,561
10/28/2022,4:24:00 AM,561
10/28/2022,4:39:00 AM,546
10/28/2022,4:54:00 AM,536
10/28/2022,5:09:00 AM,571
10/28/2022,5:24:00 AM,551
10/28/2022,5:39:00 AM,551
10/28/2022,5:54:00 AM,571
10/28/2022,6:09:00 AM,571
10/28/2022,6:24:00 AM,561
10/28/2022,6:39:00 AM,571
10/28/2022,6:54:00 AM,561
10/28/2022,7:09:00 AM,561
10/28/2022,7:24:00 AM,566
10/28/2022,7:39:00 AM,571
10/28/2022,7:54:00 AM,561
10/28/2022,8:09:00 AM,551
10/28/2022,8:24:00 AM,556
10/28/2022,8:39:00 AM,541
10/28/2022,8:54:00 AM,581
10/28/2022,9:09:00 AM,551
10/28/2022,9:24:00 AM,546
10/28/2022,9:39:00 AM,571
10/28/2022,9:54:00 AM,576
10/28/2022,10:09:00 AM,576
10/28/2022,10:24:00 AM,561
10/28/2022,10:39:00 AM,546
10/28/2022,10:54:00 AM,556
10/28/2022,11:09:00 AM,566
10/28/2022,11:24:00 AM,566
10/28/2022,11:39:00 AM,541
10/28/2022,11:54:00 AM,541
10/28/2022,12:09:00 PM,561
10/28/2022,12:24:00 PM,556
10/28/2022,12:39:00 PM,561
10/28/2022,12:54:00 PM,561
10/28/2022,1:09:00 PM,571
10/28/2022,1:24:00 PM,541
10/28/2022,1:39:00 PM,546
10/28/2022,1:54:00 PM,571
10/28/2022,2:09:00 PM,581
10/28/2022,2:24:00 PM,566
10/28/2022,2:39:00 PM,561
10/28/2022,2:54:00 PM,581
10/28/2022,3:09:00 PM,576
10/28/2022,3:24:00 PM,566
10/28/2022,3:39:00 PM,556
10/28/2022,3:54:00 PM,576
10/28/2022,4:09:00 PM,581
10/28/2022,4:24:00 PM,576
10/28/2022,4:39:00 PM,586
10/28/2022,4:54:00 PM,581
10/28/2022,5:09:00 PM,596
10/28/2022,5:24:00 PM,571
10/28/2022,5:39:00 PM,601
10/28/2022,5:54:00 PM,596
10/28/2022,6:09:00 PM,596
10/28/2022,6:24:00 PM,596
10/28/2022,6:39:00 PM,596
10/28/2022,6:54:00 PM,611
10/28/2022,7:09:00 PM,596
10/28/2022,7:24:00 PM,596
10/28/2022,7:39:00 PM,631
10/28/2022,7:54:00 PM,611
10/28/2022,8:09:00 PM,621
10/28/2022,8:24:00 PM,606
10/28/2022,8:39:00 PM,626
10/28/2022,8:54:00 PM,626
10/28/2022,9:09:00 PM,646
10/28/2022,9:24:00 PM,631
10/28/2022,9:39:00 PM,621
10/28/2022,9:54:00 PM,631
10/28/2022,10:09:00 PM,641
10/28/2022,10:24:00 PM,626
10/28/2022,10:39:00 PM,621
10/28/2022,10:54:00 PM,631
10/28/2022,11:09:00 PM,636
10/28/2022,11:24:00 PM,616
10/28/2022,11:39:00 PM,641
10/28/2022,11:54:00 PM,626
10/29/2022,12:09:00 AM,626
10/29/2022,12:24:00 AM,631
10/29/2022,12:39:00 AM,641
10/29/2022,12:54:00 AM,626
10/29/2022,1:09:00 AM,636
10/29/2022,1:24:00 AM,646
10/29/2022,1:39:00 AM,676
10/29/2022,1:54:00 AM,636
10/29/2022,2:09:00 AM,671
10/29/2022,2:24:00 AM,646
10/29/2022,2:39:00 AM,631
10/29/2022,2:54:00 AM,651
10/29/2022,3:09:00 AM,651
10/29/2022,3:24:00 AM,656
10/29/2022,3:39:00 AM,651
10/29/2022,3:54:00 AM,656
10/29/2022,4:09:00 AM,641
10/29/2022,4:24:00 AM,661
10/29/2022,4:39:00 AM,651
10/29/2022,4:54:00 AM,661
10/29/2022,5:09:00 AM,651
10/29/2022,5:24:00 AM,646
10/29/2022,5:39:00 AM,621
10/29/2022,5:54:00 AM,611
10/29/2022,6:09:00 AM,616
10/29/2022,6:24:00 AM,626
10/29/2022,6:39:00 AM,611
10/29/2022,6:54:00 AM,636
10/29/2022,7:09:00 AM,626
10/29/2022,7:24:00 AM,646
10/29/2022,7:39:00 AM,596
10/29/2022,7:54:00 AM,631
10/29/2022,8:09:00 AM,606
10/29/2022,8:24:00 AM,656
10/29/2022,8:39:00 AM,641
10/29/2022,8:54:00 AM,636
10/29/2022,9:09:00 AM,651
10/29/2022,9:24:00 AM,636
10/29/2022,9:39:00 AM,641
10/29/2022,9:54:00 AM,651
10/29/2022,10:09:00 AM,656
10/29/2022,10:24:00 AM,631
10/29/2022,10:39:00 AM,671
10/29/2022,10:54:00 AM,651
10/29/2022,11:09:00 AM,641
10/29/2022,11:24:00 AM,671
10/29/2022,11:39:00 AM,656
10/29/2022,11:54:00 AM,656
10/29/2022,12:09:00 PM,641
10/29/2022,12:24:00 PM,646
10/29/2022,12:39:00 PM,656
10/29/2022,12:54:00 PM,631
10/29/2022,1:09:00 PM,651
10/29/2022,1:24:00 PM,621
10/29/2022,1:39:00 PM,641
10/29/2022,1:54:00 PM,611
10/29/2022,2:09:00 PM,616
10/29/2022,2:24:00 PM,596
10/29/2022,2:39:00 PM,606
10/29/2022,2:54:00 PM,606
10/29/2022,3:09:00 PM,591
10/29/2022,3:24:00 PM,581
10/29/2022,3:39:00 PM,586
10/29/2022,3:54:00 PM,581
10/29/2022,4:09:00 PM,601
10/29/2022,4:24:00 PM,571
10/29/2022,4:39:00 PM,616
10/29/2022,4:54:00 PM,591
10/29/2022,5:09:00 PM,596
10/29/2022,5:24:00 PM,596
10/29/2022,5:39:00 PM,616
10/29/2022,5:54:00 PM,616
10/29/2022,6:09:00 PM,606
10/29/2022,6:24:00 PM,591
10/29/2022,6:39:00 PM,596
10/29/2022,6:54:00 PM,611
10/29/2022,7:09:00 PM,631
10/29/2022,7:24:00 PM,621
10/29/2022,7:39:00 PM,596
10/29/2022,7:54:00 PM,626
10/29/2022,8:09:00 PM,621
10/29/2022,8:24:00 PM,636
10/29/2022,8:39:00 PM,636
10/29/2022,8:54:00 PM,646
10/29/2022,9:09:00 PM,626
10/29/2022,9:24:00 PM,631
10/29/2022,9:39:00 PM,646
10/29/2022,9:54:00 PM,646
10/29/2022,10:09:00 PM,636
10/29/2022,10:24:00 PM,646
10/29/2022,10:39:00 PM,631
10/29/2022,10:54:00 PM,651
10/29/2022,11:09:00 PM,636
10/29/2022,11:24:00 PM,651
10/29/2022,11:39:00 PM,651
10/29/2022,11:54:00 PM,661
10/30/2022,12:09:00 AM,646
10/30/2022,12:24:00 AM,651
10/30/2022,12:39:00 AM,646
10/30/2022,12:54:00 AM,646
10/30/2022,1:09:00 AM,636
10/30/2022,1:24:00 AM,646
10/30/2022,1:39:00 AM,671
10/30/2022,1:54:00 AM,646
10/30/2022,2:09:00 AM,681
10/30/2022,2:24:00 AM,661
10/30/2022,2:39:00 AM,671
10/30/2022,2:54:00 AM,671
10/30/2022,3:09:00 AM,681
10/30/2022,3:24:00 AM,671
10/30/2022,3:39:00 AM,681
10/30/2022,3:54:00 AM,676
10/30/2022,4:09:00 AM,676
10/30/2022,4:24:00 AM,686
10/30/2022,4:39:00 AM,681
10/30/2022,4:54:00 AM,686
10/30/2022,5:09:00 AM,696
10/30/2022,5:24:00 AM,686
10/30/2022,5:39:00 AM,666
10/30/2022,5:54:00 AM,676
10/30/2022,6:09:00 AM,706
10/30/2022,6:24:00 AM,696
10/30/2022,6:39:00 AM,676
10/30/2022,6:54:00 AM,696
10/30/2022,7:09:00 AM,701
10/30/2022,7:24:00 AM,686
10/30/2022,7:39:00 AM,681
10/30/2022,7:54:00 AM,701
10/30/2022,8:09:00 AM,696
10/30/2022,8:24:00 AM,706
10/30/2022,8:39:00 AM,706
10/30/2022,8:54:00 AM,691
10/30/2022,9:09:00 AM,731
10/30/2022,9:24:00 AM,711
10/30/2022,9:39:00 AM,721
10/30/2022,9:54:00 AM,706
10/30/2022,10:09:00 AM,701
10/30/2022,10:24:00 AM,741
10/30/2022,10:39:00 AM,736
10/30/2022,10:54:00 AM,751
10/30/2022,11:09:00 AM,721
10/30/2022,11:24:00 AM,751
10/30/2022,11:39:00 AM,726
10/30/2022,11:54:00 AM,751
10/30/2022,12:09:00 PM,741
10/30/2022,12:24:00 PM,736
10/30/2022,12:39:00 PM,721
10/30/2022,12:54:00 PM,726
10/30/2022,1:09:00 PM,736
10/30/2022,1:24:00 PM,721
10/30/2022,1:39:00 PM,711
10/30/2022,1:54:00 PM,721
10/30/2022,2:09:00 PM,691
10/30/2022,2:24:00 PM,696
10/30/2022,2:39:00 PM,666
10/30/2022,2:54:00 PM,671
10/30/2022,3:09:00 PM,666
10/30/2022,3:24:00 PM,641
10/30/2022,3:39:00 PM,631
10/30/2022,3:54:00 PM,646
10/30/2022,4:09:00 PM,641
10/30/2022,4:24:00 PM,636
10/30/2022,4:39:00 PM,641
10/30/2022,4:54:00 PM,646
10/30/2022,5:09:00 PM,621
10/30/2022,5:24:00 PM,641
10/30/2022,5:39:00 PM,641
10/30/2022,5:54:00 PM,651
10/30/2022,6:09:00 PM,646
10/30/2022,6:24:00 PM,646
10/30/2022,6:39:00 PM,666
10/30/2022,6:54:00 PM,656
10/30/2022,7:09:00 PM,651
10/30/2022,7:24:00 PM,646
10/30/2022,7:39:00 PM,671
10/30/2022,7:54:00 PM,666
10/30/2022,8:09:00 PM,646
10/30/2022,8:24:00 PM,661
10/30/2022,8:39:00 PM,656
10/30/2022,8:54:00 PM,666
10/30/2022,9:09:00 PM,666
10/30/2022,9:24:00 PM,681
10/30/2022,9:39:00 PM,681
10/30/2022,9:54:00 PM,671
10/30/2022,10:09:00 PM,686
10/30/2022,10:24:00 PM,661
10/30/2022,10:39:00 PM,671
10/30/2022,10:54:00 PM,671
10/30/2022,11:09:00 PM,676
10/30/2022,11:24:00 PM,686
10/30/2022,11:39:00 PM,676
10/30/2022,11:54:00 PM,661
10/31/2022,12:09:00 AM,691
10/31/2022,12:24:00 AM,696
10/31/2022,12:39:00 AM,671
10/31/2022,12:54:00 AM,661
10/31/2022,1:09:00 AM,696
10/31/2022,1:24:00 AM,686
10/31/2022,1:39:00 AM,681
10/31/2022,1:54:00 AM,706
10/31/2022,2:09:00 AM,696
10/31/2022,2:24:00 AM,676
10/31/2022,2:39:00 AM,696
10/31/2022,2:54:00 AM,696
10/31/2022,3:09:00 AM,681
10/31/2022,3:24:00 AM,681
10/31/2022,3:39:00 AM,691
10/31/2022,3:54:00 AM,696
10/31/2022,4:09:00 AM,696
10/31/2022,4:24:00 AM,681
10/31/2022,4:39:00 AM,686
10/31/2022,4:54:00 AM,696
10/31/2022,5:09:00 AM,666
10/31/2022,5:24:00 AM,681
10/31/2022,5:39:00 AM,686
10/31/2022,5:54:00 AM,706
10/31/2022,6:09:00 AM,676
10/31/2022,6:24:00 AM,701
10/31/2022,6:39:00 AM,701
10/31/2022,6:54:00 AM,701
10/31/2022,7:09:00 AM,686
10/31/2022,7:24:00 AM,721
10/31/2022,7:39:00 AM,731
10/31/2022,7:54:00 AM,711
10/31/2022,8:09:00 AM,711
10/31/2022,8:24:00 AM,711
10/31/2022,8:39:00 AM,711
10/31/2022,8:54:00 AM,746
10/31/2022,9:09:00 AM,726
10/31/2022,9:24:00 AM,741
10/31/2022,9:39:00 AM,716
10/31/2022,9:54:00 AM,731
10/31/2022,10:09:00 AM,731
10/31/2022,10:24:00 AM,731
10/31/2022,10:39:00 AM,751
10/31/2022,10:54:00 AM,731
10/31/2022,11:09:00 AM,761
10/31/2022,11:24:00 AM,782
10/31/2022,11:39:00 AM,756
10/31/2022,11:54:00 AM,761
10/31/2022,12:09:00 PM,731
10/31/2022,12:24:00 PM,706
10/31/2022,12:39:00 PM,706
10/31/2022,12:54:00 PM,696
10/31/2022,1:09:00 PM,726
10/31/2022,1:24:00 PM,696
10/31/2022,1:39:00 PM,686
10/31/2022,1:54:00 PM,711
10/31/2022,2:09:00 PM,711
10/31/2022,2:24:00 PM,681
10/31/2022,2:39:00 PM,676
10/31/2022,2:54:00 PM,681
10/31/2022,3:09:00 PM,686
10/31/2022,3:24:00 PM,676
10/31/2022,3:39:00 PM,671
10/31/2022,3:54:00 PM,696
10/31/2022,4:09:00 PM,666
10/31/2022,4:24:00 PM,706
10/31/2022,4:39:00 PM,696
10/31/2022,4:54:00 PM,696
10/31/2022,5:09:00 PM,676
10/31/2022,5:24:00 PM,686
10/31/2022,5:39:00 PM,686
10/31/2022,5:54:00 PM,676
10/31/2022,6:09:00 PM,686
10/31/2022,6:24:00 PM,701
10/31/2022,6:39:00 PM,711
10/31/2022,6:54:00 PM,706
10/31/2022,7:09:00 PM,681
10/31/2022,7:24:00 PM,721
10/31/2022,7:39:00 PM,696
10/31/2022,7:54:00 PM,701
10/31/2022,8:09:00 PM,691
10/31/2022,8:24:00 PM,696
10/31/2022,8:39:00 PM,711
10/31/2022,8:54:00 PM,696
10/31/2022,9:09:00 PM,686
10/31/2022,9:24:00 PM,696
10/31/2022,9:39:00 PM,696
10/31/2022,9:54:00 PM,721
10/31/2022,10:09:00 PM,716
10/31/2022,10:24:00 PM,711
10/31/2022,10:39:00 PM,701
10/31/2022,10:54:00 PM,701
10/31/2022,11:09:00 PM,726
10/31/2022,11:24:00 PM,701
10/31/2022,11:39:00 PM,691
10/31/2022,11:54:00 PM,741
11/1/2022,12:09:00 AM,721
11/1/2022,12:24:00 AM,711
11/1/2022,12:39:00 AM,706
11/1/2022,12:54:00 AM,701
11/1/2022,1:09:00 AM,706
11/1/2022,1:24:00 AM,701
11/1/2022,1:39:00 AM,706
11/1/2022,1:54:00 AM,691
11/1/2022,2:09:00 AM,716
11/1/2022,2:24:00 AM,736
11/1/2022,2:39:00 AM,711
11/1/2022,2:54:00 AM,726
11/1/2022,3:09:00 AM,741
11/1/2022,3:24:00 AM,706
11/1/2022,3:39:00 AM,711
11/1/2022,3:54:00 AM,696
11/1/2022,4:09:00 AM,711
11/1/2022,4:24:00 AM,751
11/1/2022,4:39:00 AM,741
11/1/2022,4:54:00 AM,746
11/1/2022,5:09:00 AM,761
11/1/2022,5:24:00 AM,756
11/1/2022,5:39:00 AM,761
11/1/2022,5:54:00 AM,792
11/1/2022,6:09:00 AM,782
11/1/2022,6:24:00 AM,761
11/1/2022,6:39:00 AM,766
11/1/2022,6:54:00 AM,751
11/1/2022,7:09:00 AM,756
11/1/2022,7:24:00 AM,771
11/1/2022,7:39:00 AM,766
11/1/2022,7:54:00 AM,751
11/1/2022,8:09:00 AM,751
11/1/2022,8:24:00 AM,746
11/1/2022,8:39:00 AM,766
11/1/2022,8:54:00 AM,741
11/1/2022,9:09:00 AM,776
11/1/2022,9:24:00 AM,746
11/1/2022,9:39:00 AM,756
11/1/2022,9:54:00 AM,761
11/1/2022,10:09:00 AM,766
11/1/2022,10:24:00 AM,782
11/1/2022,10:39:00 AM,782
11/1/2022,10:54:00 AM,756
11/1/2022,11:09:00 AM,756
11/1/2022,11:24:00 AM,782
11/1/2022,11:39:00 AM,746
11/1/2022,11:54:00 AM,751
11/1/2022,12:09:00 PM,782
11/1/2022,12:24:00 PM,787
11/1/2022,12:39:00 PM,797
11/1/2022,12:54:00 PM,766
11/1/2022,1:09:00 PM,776
11/1/2022,1:24:00 PM,771
11/1/2022,1:39:00 PM,776
11/1/2022,1:54:00 PM,761
11/1/2022,2:09:00 PM,756
11/1/2022,2:24:00 PM,761
11/1/2022,2:39:00 PM,731
11/1/2022,2:54:00 PM,731
11/1/2022,3:09:00 PM,756
11/1/2022,3:24:00 PM,746
11/1/2022,3:39:00 PM,751
11/1/2022,3:54:00 PM,751
11/1/2022,4:09:00 PM,746
11/1/2022,4:24:00 PM,736
11/1/2022,4:39:00 PM,736
11/1/2022,4:54:00 PM,721
11/1/2022,5:09:00 PM,716
11/1/2022,5:24:00 PM,726
11/1/2022,5:39:00 PM,736
11/1/2022,5:54:00 PM,716
11/1/2022,6:09:00 PM,726
11/1/2022,6:24:00 PM,741
11/1/2022,6:39:00 PM,731
11/1/2022,6:54:00 PM,761
11/1/2022,7:09:00 PM,756
11/1/2022,7:24:00 PM,756
11/1/2022,7:39:00 PM,736
11/1/2022,7:54:00 PM,741
11/1/2022,8:09:00 PM,746
11/1/2022,8:24:00 PM,771
11/1/2022,8:39:00 PM,787
11/1/2022,8:54:00 PM,756
11/1/2022,9:09:00 PM,761
11/1/2022,9:24:00 PM,751
11/1/2022,9:39:00 PM,746
11/1/2022,9:54:00 PM,751
11/1/2022,10:09:00 PM,782
11/1/2022,10:24:00 PM,771
11/1/2022,10:39:00 PM,761
11/1/2022,10:54:00 PM,746
11/1/2022,11:09:00 PM,771
11/1/2022,11:24:00 PM,756
11/1/2022,11:39:00 PM,756
11/1/2022,11:54:00 PM,776
11/2/2022,12:09:00 AM,787
11/2/2022,12:24:00 AM,771
11/2/2022,12:39:00 AM,782
11/2/2022,12:54:00 AM,751
11/2/2022,1:09:00 AM,771
11/2/2022,1:24:00 AM,771
11/2/2022,1:39:00 AM,756
11/2/2022,1:54:00 AM,776
11/2/2022,2:09:00 AM,751
11/2/2022,2:24:00 AM,766
11/2/2022,2:39:00 AM,776
11/2/2022,2:54:00 AM,787
11/2/2022,3:09:00 AM,787
11/2/2022,3:24:00 AM,766
11/2/2022,3:39:00 AM,797
11/2/2022,3:54:00 AM,792
11/2/2022,4:09:00 AM,782
11/2/2022,4:24:00 AM,782
11/2/2022,4:39:00 AM,807
11/2/2022,4:54:00 AM,771
11/2/2022,5:09:00 AM,782
11/2/2022,5:24:00 AM,782
11/2/2022,5:39:00 AM,776
11/2/2022,5:54:00 AM,792
11/2/2022,6:09:00 AM,776
11/2/2022,6:24:00 AM,776
11/2/2022,6:39:00 AM,756
11/2/2022,6:54:00 AM,771
11/2/2022,7:09:00 AM,787
11/2/2022,7:24:00 AM,792
11/2/2022,7:39:00 AM,787
11/2/2022,7:54:00 AM,776
11/2/2022,8:09:00 AM,787
11/2/2022,8:24:00 AM,756
11/2/2022,8:39:00 AM,761
11/2/2022,8:54:00 AM,782
11/2/2022,9:09:00 AM,736
11/2/2022,9:24:00 AM,736
11/2/2022,9:39:00 AM,756
11/2/2022,9:54:00 AM,771
11/2/2022,10:09:00 AM,761
11/2/2022,10:24:00 AM,736
11/2/2022,10:39:00 AM,756
11/2/2022,10:54:00 AM,766
11/2/2022,11:09:00 AM,761
11/2/2022,11:24:00 AM,766
11/2/2022,11:39:00 AM,746
11/2/2022,11:54:00 AM,741
11/2/2022,12:09:00 PM,731
11/2/2022,12:24:00 PM,756
11/2/2022,12:39:00 PM,756
11/2/2022,12:54:00 PM,746
11/2/2022,1:09:00 PM,736
11/2/2022,1:24:00 PM,756
11/2/2022,1:39:00 PM,736
11/2/2022,1:54:00 PM,736
11/2/2022,2:09:00 PM,746
11/2/2022,2:24:00 PM,736
11/2/2022,2:39:00 PM,741
11/2/2022,2:54:00 PM,736
11/2/2022,3:09:00 PM,731
11/2/2022,3:24:00 PM,726
11/2/2022,3:39:00 PM,741
11/2/2022,3:54:00 PM,756
11/2/2022,4:09:00 PM,726
11/2/2022,4:24:00 PM,741
11/2/2022,4:39:00 PM,756
11/2/2022,4:54:00 PM,746
11/2/2022,5:09:00 PM,771
11/2/2022,5:24:00 PM,756
11/2/2022,5:39:00 PM,771
11/2/2022,5:54:00 PM,766
11/2/2022,6:09:00 PM,766
11/2/2022,6:24:00 PM,746
11/2/2022,6:39:00 PM,771
11/2/2022,6:54:00 PM,761
11/2/2022,7:09:00 PM,776
11/2/2022,7:24:00 PM,766
11/2/2022,7:39:00 PM,787
11/2/2022,7:54:00 PM,771
11/2/2022,8:09:00 PM,761
11/2/2022,8:24:00 PM,776
11/2/2022,8:39:00 PM,766
11/2/2022,8:54:00 PM,751
11/2/2022,9:09:00 PM,731
11/2/2022,9:24:00 PM,716
11/2/2022,9:39:00 PM,711
11/2/2022,9:54:00 PM,706
11/2/2022,10:09:00 PM,721
11/2/2022,10:24:00 PM,691
11/2/2022,10:39:00 PM,701
11/2/2022,10:54:00 PM,736
11/2/2022,11:09:00 PM,726
11/2/2022,11:24:00 PM,706
11/2/2022,11:39:00 PM,716
11/2/2022,11:54:00 PM,706
11/3/2022,12:09:00 AM,736
11/3/2022,12:24:00 AM,731
11/3/2022,12:39:00 AM,711
11/3/2022,12:54:00 AM,721
11/3/2022,1:09:00 AM,731
11/3/2022,1:24:00 AM,721
11/3/2022,1:39:00 AM,711
11/3/2022,1:54:00 AM,716
11/3/2022,2:09:00 AM,731
11/3/2022,2:24:00 AM,706
11/3/2022,2:39:00 AM,711
11/3/2022,2:54:00 AM,736
11/3/2022,3:09:00 AM,731
11/3/2022,3:24:00 AM,706
11/3/2022,3:39:00 AM,746
11/3/2022,3:54:00 AM,731
11/3/2022,4:09:00 AM,726
11/3/2022,4:24:00 AM,751
11/3/2022,4:39:00 AM,726
11/3/2022,4:54:00 AM,726
11/3/2022,5:09:00 AM,726
11/3/2022,5:24:00 AM,736
11/3/2022,5:39:00 AM,726
11/3/2022,5:54:00 AM,751
11/3/2022,6:09:00 AM,746
11/3/2022,6:24:00 AM,746
11/3/2022,6:39:00 AM,716
11/3/2022,6:54:00 AM,736
11/3/2022,7:09:00 AM,731
11/3/2022,7:24:00 AM,736
11/3/2022,7:39:00 AM,711
11/3/2022,7:54:00 AM,726
11/3/2022,8:09:00 AM,721
11/3/2022,8:24:00 AM,721
11/3/2022,8:39:00 AM,731
11/3/2022,8:54:00 AM,721
11/3/2022,9:09:00 AM,726
11/3/2022,9:24:00 AM,726
11/3/2022,9:39:00 AM,696
11/3/2022,9:54:00 AM,721
11/3/2022,10:09:00 AM,721
11/3/2022,10:24:00 AM,691
11/3/2022,10:39:00 AM,721
11/3/2022,10:54:00 AM,711
11/3/2022,11:09:00 AM,716
11/3/2022,11:24:00 AM,711
11/3/2022,11:39:00 AM,731
11/3/2022,11:54:00 AM,706
11/3/2022,12:09:00 PM,716
11/3/2022,12:24:00 PM,741
11/3/2022,12:39:00 PM,716
11/3/2022,12:54:00 PM,716
11/3/2022,1:09:00 PM,706
11/3/2022,1:24:00 PM,736
11/3/2022,1:39:00 PM,746
11/3/2022,1:54:00 PM,741
11/3/2022,2:09:00 PM,726
11/3/2022,2:24:00 PM,736
11/3/2022,2:39:00 PM,716
11/3/2022,2:54:00 PM,731
11/3/2022,3:09:00 PM,701
11/3/2022,3:24:00 PM,676
11/3/2022,3:39:00 PM,696
11/3/2022,3:54:00 PM,706
11/3/2022,4:09:00 PM,661
11/3/2022,4:24:00 PM,696
11/3/2022,4:39:00 PM,681
11/3/2022,4:54:00 PM,681
11/3/2022,5:09:00 PM,691
11/3/2022,5:24:00 PM,686
11/3/2022,5:39:00 PM,686
11/3/2022,5:54:00 PM,691
11/3/2022,6:09:00 PM,706
11/3/2022,6:24:00 PM,686
11/3/2022,6:39:00 PM,686
11/3/2022,6:54:00 PM,701
11/3/2022,7:09:00 PM,701
11/3/2022,7:24:00 PM,716
11/3/2022,7:39:00 PM,686
11/3/2022,7:54:00 PM,716
11/3/2022,8:09:00 PM,716
11/3/2022,8:24:00 PM,696
11/3/2022,8:39:00 PM,686
11/3/2022,8:54:00 PM,696
11/3/2022,9:09:00 PM,701
11/3/2022,9:24:00 PM,691
11/3/2022,9:39:00 PM,691
11/3/2022,9:54:00 PM,706
11/3/2022,10:09:00 PM,736
11/3/2022,10:24:00 PM,721
11/3/2022,10:39:00 PM,721
11/3/2022,10:54:00 PM,716
11/3/2022,11:09:00 PM,706
11/3/2022,11:24:00 PM,721
11/3/2022,11:39:00 PM,706
11/3/2022,11:54:00 PM,751
11/4/2022,12:09:00 AM,726
11/4/2022,12:24:00 AM,721
11/4/2022,12:39:00 AM,721
11/4/2022,12:54:00 AM,721
11/4/2022,1:09:00 AM,731
11/4/2022,1:24:00 AM,726
11/4/2022,1:39:00 AM,746
11/4/2022,1:54:00 AM,716
11/4/2022,2:09:00 AM,731
11/4/2022,2:24:00 AM,736
11/4/2022,2:39:00 AM,736
11/4/2022,2:54:00 AM,736
11/4/2022,3:09:00 AM,711
11/4/2022,3:24:00 AM,726
11/4/2022,3:39:00 AM,741
11/4/2022,3:54:00 AM,721
11/4/2022,4:09:00 AM,711
11/4/2022,4:24:00 AM,736
11/4/2022,4:39:00 AM,721
11/4/2022,4:54:00 AM,726
11/4/2022,5:09:00 AM,726
11/4/2022,5:24:00 AM,726
11/4/2022,5:39:00 AM,711
11/4/2022,5:54:00 AM,726
11/4/2022,6:09:00 AM,721
11/4/2022,6:24:00 AM,721
11/4/2022,6:39:00 AM,686
11/4/2022,6:54:00 AM,711
11/4/2022,7:09:00 AM,716
11/4/2022,7:24:00 AM,706
11/4/2022,7:39:00 AM,721
11/4/2022,7:54:00 AM,721
11/4/2022,8:09:00 AM,736
11/4/2022,8:24:00 AM,746
11/4/2022,8:39:00 AM,721
11/4/2022,8:54:00 AM,721
11/4/2022,9:09:00 AM,726
11/4/2022,9:24:00 AM,736
11/4/2022,9:39:00 AM,716
11/4/2022,9:54:00 AM,731
11/4/2022,10:09:00 AM,721
11/4/2022,10:24:00 AM,716
11/4/2022,10:39:00 AM,721
11/4/2022,10:54:00 AM,716
11/4/2022,11:09:00 AM,736
11/4/2022,11:24:00 AM,751
11/4/2022,11:39:00 AM,746
11/4/2022,11:54:00 AM,706
11/4/2022,12:09:00 PM,721
11/4/2022,12:24:00 PM,721
11/4/2022,12:39:00 PM,716
11/4/2022,12:54:00 PM,711
11/4/2022,1:09:00 PM,701
11/4/2022,1:24:00 PM,701
11/4/2022,1:39:00 PM,676
11/4/2022,1:54:00 PM,661
11/4/2022,2:09:00 PM,656
11/4/2022,2:24:00 PM,686
11/4/2022,2:39:00 PM,671
11/4/2022,2:54:00 PM,671
11/4/2022,3:09:00 PM,666
11/4/2022,3:24:00 PM,666
11/4/2022,3:39:00 PM,661
11/4/2022,3:54:00 PM,646
11/4/2022,4:09:00 PM,671
11/4/2022,4:24:00 PM,671
11/4/2022,4:39:00 PM,651
11/4/2022,4:54:00 PM,666
11/4/2022,5:09:00 PM,686
11/4/2022,5:24:00 PM,681
11/4/2022,5:39:00 PM,671
11/4/2022,5:54:00 PM,681
11/4/2022,6:09:00 PM,681
11/4/2022,6:24:00 PM,671
11/4/2022,6:39:00 PM,666
11/4/2022,6:54:00 PM,676
11/4/2022,7:09:00 PM,696
11/4/2022,7:24:00 PM,686
11/4/2022,7:39:00 PM,681
11/4/2022,7:54:00 PM,696
11/4/2022,8:09:00 PM,701
11/4/2022,8:24:00 PM,676
11/4/2022,8:39:00 PM,701
11/4/2022,8:54:00 PM,686
11/4/2022,9:09:00 PM,661
11/4/2022,9:24:00 PM,671
11/4/2022,9:39:00 PM,681
11/4/2022,9:54:00 PM,686
11/4/2022,10:09:00 PM,656
11/4/2022,10:24:00 PM,701
11/4/2022,10:39:00 PM,686
11/4/2022,10:54:00 PM,661
11/4/2022,11:09:00 PM,686
11/4/2022,11:24:00 PM,681
11/4/2022,11:39:00 PM,701
11/4/2022,11:54:00 PM,676
11/5/2022,12:09:00 AM,671
11/5/2022,12:24:00 AM,676
11/5/2022,12:39:00 AM,661
11/5/2022,12:54:00 AM,691
11/5/2022,1:09:00 AM,656
11/5/2022,1:24:00 AM,661
11/5/2022,1:39:00 AM,676
11/5/2022,1:54:00 AM,676
11/5/2022,2:09:00 AM,656
11/5/2022,2:24:00 AM,671
11/5/2022,2:39:00 AM,676
11/5/2022,2:54:00 AM,671
11/5/2022,3:09:00 AM,686
11/5/2022,3:24:00 AM,676
11/5/2022,3:39:00 AM,686
11/5/2022,3:54:00 AM,696
11/5/2022,4:09:00 AM,696
11/5/2022,4:24:00 AM,681
11/5/2022,4:39:00 AM,671
11/5/2022,4:54:00 AM,696
11/5/2022,5:09:00 AM,706
11/5/2022,5:24:00 AM,706
11/5/2022,5:39:00 AM,691
11/5/2022,5:54:00 AM,691
11/5/2022,6:09:00 AM,706
11/5/2022,6:24:00 AM,701
11/5/2022,6:39:00 AM,686
11/5/2022,6:54:00 AM,691
11/5/2022,7:09:00 AM,671
11/5/2022,7:24:00 AM,706
11/5/2022,7:39:00 AM,676
11/5/2022,7:54:00 AM,676
11/5/2022,8:09:00 AM,656
11/5/2022,8:24:00 AM,666
11/5/2022,8:39:00 AM,656
11/5/2022,8:54:00 AM,646
11/5/2022,9:09:00 AM,656
11/5/2022,9:24:00 AM,641
11/5/2022,9:39:00 AM,656
11/5/2022,9:54:00 AM,666
11/5/2022,10:09:00 AM,646
11/5/2022,10:24:00 AM,631
11/5/2022,10:39:00 AM,636
11/5/2022,10:54:00 AM,641
11/5/2022,11:09:00 AM,646
11/5/2022,11:24:00 AM,651
11/5/2022,11:39:00 AM,626
11/5/2022,11:54:00 AM,651
11/5/2022,12:09:00 PM,656
11/5/2022,12:24:00 PM,651
11/5/2022,12:39:00 PM,631
11/5/2022,12:54:00 PM,631
11/5/2022,1:09:00 PM,626
11/5/2022,1:24:00 PM,621
11/5/2022,1:39:00 PM,616
11/5/2022,1:54:00 PM,616
11/5/2022,2:09:00 PM,621
11/5/2022,2:24:00 PM,596
11/5/2022,2:39:00 PM,611
11/5/2022,2:54:00 PM,621
11/5/2022,3:09:00 PM,606
11/5/2022,3:24:00 PM,591
11/5/2022,3:39:00 PM,601
11/5/2022,3:54:00 PM,626
11/5/2022,4:09:00 PM,611
11/5/2022,4:24:00 PM,591
11/5/2022,4:39:00 PM,601
11/5/2022,4:54:00 PM,601
11/5/2022,5:09:00 PM,621
11/5/2022,5:24:00 PM,631
11/5/2022,5:39:00 PM,621
11/5/2022,5:54:00 PM,611
11/5/2022,6:09:00 PM,621
11/5/2022,6:24:00 PM,641
11/5/2022,6:39:00 PM,621
11/5/2022,6:54:00 PM,646
11/5/2022,7:09:00 PM,611
11/5/2022,7:24:00 PM,611
11/5/2022,7:39:00 PM,621
11/5/2022,7:54:00 PM,626
11/5/2022,8:09:00 PM,611
11/5/2022,8:24:00 PM,611
11/5/2022,8:39:00 PM,621
11/5/2022,8:54:00 PM,611
11/5/2022,9:09:00 PM,641
11/5/2022,9:24:00 PM,631
11/5/2022,9:39:00 PM,616
11/5/2022,9:54:00 PM,636
11/5/2022,10:09:00 PM,631
11/5/2022,10:24:00 PM,631
11/5/2022,10:39:00 PM,621
11/5/2022,10:54:00 PM,626
11/5/2022,11:09:00 PM,646
11/5/2022,11:24:00 PM,631
11/5/2022,11:39:00 PM,636
11/5/2022,11:54:00 PM,656
11/6/2022,12:09:00 AM,636
11/6/2022,12:24:00 AM,651
11/6/2022,12:39:00 AM,626
11/6/2022,12:54:00 AM,646
11/6/2022,1:09:00 AM,651
11/6/2022,1:24:00 AM,656
11/6/2022,1:39:00 AM,626
11/6/2022,1:54:00 AM,646
11/6/2022,2:09:00 AM,641
11/6/2022,2:24:00 AM,656
11/6/2022,2:39:00 AM,656
11/6/2022,2:54:00 AM,636
11/6/2022,3:09:00 AM,666
11/6/2022,3:24:00 AM,646
11/6/2022,3:39:00 AM,621
11/6/2022,3:54:00 AM,641
11/6/2022,4:09:00 AM,661
11/6/2022,4:24:00 AM,621
11/6/2022,4:39:00 AM,621
11/6/2022,4:54:00 AM,621
11/6/2022,5:09:00 AM,636
11/6/2022,5:24:00 AM,636
11/6/2022,5:39:00 AM,621
11/6/2022,5:54:00 AM,636
11/6/2022,6:09:00 AM,646
11/6/2022,6:24:00 AM,626
11/6/2022,6:39:00 AM,631
11/6/2022,6:54:00 AM,646
11/6/2022,7:09:00 AM,606
11/6/2022,7:24:00 AM,641
11/6/2022,7:39:00 AM,621
11/6/2022,7:54:00 AM,636
11/6/2022,8:09:00 AM,641
11/6/2022,8:24:00 AM,641
11/6/2022,8:39:00 AM,641
11/6/2022,8:54:00 AM,626
11/6/2022,9:09:00 AM,636
11/6/2022,9:24:00 AM,621
11/6/2022,9:39:00 AM,636
11/6/2022,9:54:00 AM,631
11/6/2022,10:09:00 AM,631
11/6/2022,10:24:00 AM,631
11/6/2022,10:39:00 AM,621
11/6/2022,10:54:00 AM,641
11/6/2022,11:09:00 AM,646
11/6/2022,11:24:00 AM,641
11/6/2022,11:39:00 AM,641
11/6/2022,11:54:00 AM,666
11/6/2022,12:09:00 PM,651
11/6/2022,12:24:00 PM,691
11/6/2022,12:39:00 PM,676
11/6/2022,12:54:00 PM,671
11/6/2022,1:09:00 PM,646
11/6/2022,1:24:00 PM,646
11/6/2022,1:39:00 PM,656
11/6/2022,1:54:00 PM,636
11/6/2022,2:09:00 PM,606
11/6/2022,2:24:00 PM,641
11/6/2022,2:39:00 PM,601
11/6/2022,2:54:00 PM,606
11/6/2022,3:09:00 PM,586
11/6/2022,3:24:00 PM,566
11/6/2022,3:39:00 PM,591
11/6/2022,3:54:00 PM,581
11/6/2022,4:09:00 PM,586
11/6/2022,4:24:00 PM,591
11/6/2022,4:39:00 PM,571
11/6/2022,4:54:00 PM,566
11/6/2022,5:09:00 PM,571
11/6/2022,5:24:00 PM,566
11/6/2022,5:39:00 PM,566
11/6/2022,5:54:00 PM,556
11/6/2022,6:09:00 PM,571
11/6/2022,6:24:00 PM,596
11/6/2022,6:39:00 PM,581
11/6/2022,6:54:00 PM,581
11/6/2022,7:09:00 PM,561
11/6/2022,7:24:00 PM,576
11/6/2022,7:39:00 PM,591
11/6/2022,7:54:00 PM,601
11/6/2022,8:09:00 PM,571
11/6/2022,8:24:00 PM,571
11/6/2022,8:39:00 PM,581
11/6/2022,8:54:00 PM,586
11/6/2022,9:09:00 PM,616
11/6/2022,9:24:00 PM,611
11/6/2022,9:39:00 PM,581
11/6/2022,9:54:00 PM,621
11/6/2022,10:09:00 PM,596
11/6/2022,10:24:00 PM,586
11/6/2022,10:39:00 PM,606
11/6/2022,10:54:00 PM,596
11/6/2022,11:09:00 PM,601
11/6/2022,11:24:00 PM,601
11/6/2022,11:39:00 PM,596
11/6/2022,11:54:00 PM,616
11/7/2022,12:09:00 AM,596
11/7/2022,12:24:00 AM,626
11/7/2022,12:39:00 AM,621
11/7/2022,12:54:00 AM,621
11/7/2022,1:09:00 AM,606
11/7/2022,1:24:00 AM,616
11/7/2022,1:39:00 AM,616
11/7/2022,1:54:00 AM,606
11/7/2022,2:09:00 AM,611
11/7/2022,2:24:00 AM,616
11/7/2022,2:39:00 AM,621
11/7/2022,2:54:00 AM,616
11/7/2022,3:09:00 AM,606
11/7/2022,3:24:00 AM,611
11/7/2022,3:39:00 AM,611
11/7/2022,3:54:00 AM,626
11/7/2022,4:09:00 AM,631
11/7/2022,4:24:00 AM,626
11/7/2022,4:39:00 AM,616
11/7/2022,4:54:00 AM,631
11/7/2022,5:09:00 AM,621
11/7/2022,5:24:00 AM,616
11/7/2022,5:39:00 AM,646
11/7/2022,5:54:00 AM,626
11/7/2022,6:09:00 AM,636
11/7/2022,6:24:00 AM,636
11/7/2022,6:39:00 AM,636
11/7/2022,6:54:00 AM,616
11/7/2022,7:09:00 AM,631
11/7/2022,7:24:00 AM,636
11/7/2022,7:39:00 AM,651
11/7/2022,7:54:00 AM,636
11/7/2022,8:09:00 AM,661
11/7/2022,8:24:00 AM,636
11/7/2022,8:39:00 AM,641
11/7/2022,8:54:00 AM,636
11/7/2022,9:09:00 AM,651
11/7/2022,9:24:00 AM,641
11/7/2022,9:39:00 AM,656
11/7/2022,9:54:00 AM,646
11/7/2022,10:09:00 AM,651
11/7/2022,10:24:00 AM,651
11/7/2022,10:39:00 AM,671
11/7/2022,10:54:00 AM,666
11/7/2022,11:09:00 AM,666
11/7/2022,11:24:00 AM,641
11/7/2022,11:39:00 AM,641
11/7/2022,11:54:00 AM,651
11/7/2022,12:09:00 PM,651
11/7/2022,12:24:00 PM,671
11/7/2022,12:39:00 PM,631
11/7/2022,12:54:00 PM,631
11/7/2022,1:09:00 PM,611
11/7/2022,1:24:00 PM,636
11/7/2022,1:39:00 PM,621
11/7/2022,1:54:00 PM,641
11/7/2022,2:09:00 PM,636
11/7/2022,2:24:00 PM,611
11/7/2022,2:39:00 PM,616
11/7/2022,2:54:00 PM,616
11/7/2022,3:09:00 PM,606
11/7/2022,3:24:00 PM,606
11/7/2022,3:39:00 PM,611
11/7/2022,3:54:00 PM,616
11/7/2022,4:09:00 PM,616
11/7/2022,4:24:00 PM,606
11/7/2022,4:39:00 PM,606
11/7/2022,4:54:00 PM,606
11/7/2022,5:09:00 PM,616
11/7/2022,5:24:00 PM,621
11/7/2022,5:39:00 PM,611
11/7/2022,5:54:00 PM,611
11/7/2022,6:09:00 PM,616
11/7/2022,6:24:00 PM,611
11/7/2022,6:39:00 PM,611
11/7/2022,6:54:00 PM,601
11/7/2022,7:09:00 PM,621
11/7/2022,7:24:00 PM,611
11/7/2022,7:39:00 PM,611
11/7/2022,7:54:00 PM,611
11/7/2022,8:09:00 PM,626
11/7/2022,8:24:00 PM,626
11/7/2022,8:39:00 PM,621
11/7/2022,8:54:00 PM,611
11/7/2022,9:09:00 PM,626
11/7/2022,9:24:00 PM,621
11/7/2022,9:39:00 PM,626
11/7/2022,9:54:00 PM,626
11/7/2022,10:09:00 PM,606
11/7/2022,10:24:00 PM,646
11/7/2022,10:39:00 PM,626
11/7/2022,10:54:00 PM,636
11/7/2022,11:09:00 PM,621
11/7/2022,11:24:00 PM,621
11/7/2022,11:39:00 PM,626
11/7/2022,11:54:00 PM,621
11/8/2022,12:09:00 AM,631
11/8/2022,12:24:00 AM,636
11/8/2022,12:39:00 AM,641
11/8/2022,12:54:00 AM,631
11/8/2022,1:09:00 AM,636
11/8/2022,1:24:00 AM,626
11/8/2022,1:39:00 AM,651
11/8/2022,1:54:00 AM,636
11/8/2022,2:09:00 AM,646
11/8/2022,2:24:00 AM,636
11/8/2022,2:39:00 AM,661
11/8/2022,2:54:00 AM,651
11/8/2022,3:09:00 AM,616
11/8/2022,3:24:00 AM,646
11/8/2022,3:39:00 AM,651
11/8/2022,3:54:00 AM,626
11/8/2022,4:09:00 AM,661
11/8/2022,4:24:00 AM,646
11/8/2022,4:39:00 AM,646
11/8/2022,4:54:00 AM,626
11/8/2022,5:09:00 AM,656
11/8/2022,5:24:00 AM,646
11/8/2022,5:39:00 AM,646
11/8/2022,5:54:00 AM,631
11/8/2022,6:09:00 AM,666
11/8/2022,6:24:00 AM,636
11/8/2022,6:39:00 AM,646
11/8/2022,6:54:00 AM,626
11/8/2022,7:09:00 AM,626
11/8/2022,7:24:00 AM,636
11/8/2022,7:39:00 AM,646
11/8/2022,7:54:00 AM,651
11/8/2022,8:09:00 AM,651
11/8/2022,8:24:00 AM,661
11/8/2022,8:39:00 AM,656
11/8/2022,8:54:00 AM,666
11/8/2022,9:09:00 AM,646
11/8/2022,9:24:00 AM,656
11/8/2022,9:39:00 AM,666
11/8/2022,9:54:00 AM,666
11/8/2022,10:09:00 AM,656
11/8/2022,10:24:00 AM,651
11/8/2022,10:39:00 AM,661
11/8/2022,10:54:00 AM,641
11/8/2022,11:09:00 AM,671
11/8/2022,11:24:00 AM,661
11/8/2022,11:39:00 AM,641
11/8/2022,11:54:00 AM,636
11/8/2022,12:09:00 PM,656
11/8/2022,12:24:00 PM,631
11/8/2022,12:39:00 PM,631
11/8/2022,12:54:00 PM,626
11/8/2022,1:09:00 PM,631
11/8/2022,1:24:00 PM,626
11/8/2022,1:39:00 PM,651
11/8/2022,1:54:00 PM,656
11/8/2022,2:09:00 PM,656
11/8/2022,2:24:00 PM,636
11/8/2022,2:39:00 PM,606
11/8/2022,2:54:00 PM,616
11/8/2022,3:09:00 PM,641
11/8/2022,3:24:00 PM,631
11/8/2022,3:39:00 PM,631
11/8/2022,3:54:00 PM,611
11/8/2022,4:09:00 PM,616
11/8/2022,4:24:00 PM,641
11/8/2022,4:39:00 PM,646
11/8/2022,4:54:00 PM,626
11/8/2022,5:09:00 PM,636
11/8/2022,5:24:00 PM,621
11/8/2022,5:39:00 PM,611
11/8/2022,5:54:00 PM,636
11/8/2022,6:09:00 PM,631
11/8/2022,6:24:00 PM,616
11/8/2022,6:39:00 PM,646
11/8/2022,6:54:00 PM,631
11/8/2022,7:09:00 PM,641
11/8/2022,7:24:00 PM,631
11/8/2022,7:39:00 PM,631
11/8/2022,7:54:00 PM,656
11/8/2022,8:09:00 PM,636
11/8/2022,8:24:00 PM,626
11/8/2022,8:39:00 PM,656
11/8/2022,8:54:00 PM,641
11/8/2022,9:09:00 PM,641
11/8/2022,9:24:00 PM,636
11/8/2022,9:39:00 PM,641
11/8/2022,9:54:00 PM,646
11/8/2022,10:09:00 PM,631
11/8/2022,10:24:00 PM,646
11/8/2022,10:39:00 PM,656
11/8/2022,10:54:00 PM,651
11/8/2022,11:09:00 PM,631
11/8/2022,11:24:00 PM,646
11/8/2022,11:39:00 PM,651
11/8/2022,11:54:00 PM,626
11/9/2022,12:09:00 AM,626
11/9/2022,12:24:00 AM,636
11/9/2022,12:39:00 AM,621
11/9/2022,12:54:00 AM,621
11/9/2022,1:09:00 AM,626
11/9/2022,1:24:00 AM,631
11/9/2022,1:39:00 AM,621
11/9/2022,1:54:00 AM,626
11/9/2022,2:09:00 AM,621
11/9/2022,2:24:00 AM,611
11/9/2022,2:39:00 AM,601
11/9/2022,2:54:00 AM,626
11/9/2022,3:09:00 AM,616
11/9/2022,3:24:00 AM,636
11/9/2022,3:39:00 AM,636
11/9/2022,3:54:00 AM,631
11/9/2022,4:09:00 AM,636
11/9/2022,4:24:00 AM,636
11/9/2022,4:39:00 AM,646
11/9/2022,4:54:00 AM,646
11/9/2022,5:09:00 AM,631
11/9/2022,5:24:00 AM,636
11/9/2022,5:39:00 AM,626
11/9/2022,5:54:00 AM,646
11/9/2022,6:09:00 AM,641
11/9/2022,6:24:00 AM,636
11/9/2022,6:39:00 AM,631
11/9/2022,6:54:00 AM,621
11/9/2022,7:09:00 AM,611
11/9/2022,7:24:00 AM,621
11/9/2022,7:39:00 AM,636
11/9/2022,7:54:00 AM,626
11/9/2022,8:09:00 AM,626
11/9/2022,8:24:00 AM,646
11/9/2022,8:39:00 AM,626
11/9/2022,8:54:00 AM,626
11/9/2022,9:09:00 AM,641
11/9/2022,9:24:00 AM,641
11/9/2022,9:39:00 AM,641
11/9/2022,9:54:00 AM,616
11/9/2022,10:09:00 AM,641
11/9/2022,10:24:00 AM,641
11/9/2022,10:39:00 AM,646
11/9/2022,10:54:00 AM,621
11/9/2022,11:09:00 AM,636
11/9/2022,11:24:00 AM,626
11/9/2022,11:39:00 AM,616
11/9/2022,11:54:00 AM,631
11/9/2022,12:09:00 PM,636
11/9/2022,12:24:00 PM,621
11/9/2022,12:39:00 PM,631
11/9/2022,12:54:00 PM,616
11/9/2022,1:09:00 PM,631
11/9/2022,1:24:00 PM,616
11/9/2022,1:39:00 PM,611
11/9/2022,1:54:00 PM,626
11/9/2022,2:09:00 PM,621
11/9/2022,2:24:00 PM,626
11/9/2022,2:39:00 PM,616
11/9/2022,2:54:00 PM,621
11/9/2022,3:09:00 PM,606
11/9/2022,3:24:00 PM,611
11/9/2022,3:39:00 PM,616
11/9/2022,3:54:00 PM,626
11/9/2022,4:09:00 PM,621
11/9/2022,4:24:00 PM,621
11/9/2022,4:39:00 PM,601
11/9/2022,4:54:00 PM,616
11/9/2022,5:09:00 PM,611
11/9/2022,5:24:00 PM,611
11/9/2022,5:39:00 PM,606
11/9/2022,5:54:00 PM,621
11/9/2022,6:09:00 PM,596
11/9/2022,6:24:00 PM,616
11/9/2022,6:39:00 PM,606
11/9/2022,6:54:00 PM,611
11/9/2022,7:09:00 PM,611
11/9/2022,7:24:00 PM,646
11/9/2022,7:39:00 PM,621
11/9/2022,7:54:00 PM,611
11/9/2022,8:09:00 PM,596
11/9/2022,8:24:00 PM,621
11/9/2022,8:39:00 PM,631
11/9/2022,8:54:00 PM,626
11/9/2022,9:09:00 PM,636
11/9/2022,9:24:00 PM,636
11/9/2022,9:39:00 PM,646
11/9/2022,9:54:00 PM,646
11/9/2022,10:09:00 PM,661
11/9/2022,10:24:00 PM,656
11/9/2022,10:39:00 PM,661
11/9/2022,10:54:00 PM,671
11/9/2022,11:09:00 PM,656
11/9/2022,11:24:00 PM,671
11/9/2022,11:39:00 PM,671
11/9/2022,11:54:00 PM,661
11/10/2022,12:09:00 AM,676
11/10/2022,12:24:00 AM,661
11/10/2022,12:39:00 AM,661
11/10/2022,12:54:00 AM,666
11/10/2022,1:09:00 AM,656
11/10/2022,1:24:00 AM,666
11/10/2022,1:39:00 AM,651
11/10/2022,1:54:00 AM,666
11/10/2022,2:09:00 AM,676
11/10/2022,2:24:00 AM,666
11/10/2022,2:39:00 AM,671
11/10/2022,2:54:00 AM,671
11/10/2022,3:09:00 AM,686
11/10/2022,3:24:00 AM,696
11/10/2022,3:39:00 AM,676
11/10/2022,3:54:00 AM,691
11/10/2022,4:09:00 AM,696
11/10/2022,4:24:00 AM,681
11/10/2022,4:39:00 AM,671
11/10/2022,4:54:00 AM,676
11/10/2022,5:09:00 AM,691
11/10/2022,5:24:00 AM,706
11/10/2022,5:39:00 AM,671
11/10/2022,5:54:00 AM,676
11/10/2022,6:09:00 AM,666
11/10/2022,6:24:00 AM,686
11/10/2022,6:39:00 AM,691
11/10/2022,6:54:00 AM,706
11/10/2022,7:09:00 AM,696
11/10/2022,7:24:00 AM,686
11/10/2022,7:39:00 AM,701
11/10/2022,7:54:00 AM,696
11/10/2022,8:09:00 AM,671
11/10/2022,8:24:00 AM,701
11/10/2022,8:39:00 AM,706
11/10/2022,8:54:00 AM,676
11/10/2022,9:09:00 AM,676
11/10/2022,9:24:00 AM,691
11/10/2022,9:39:00 AM,691
11/10/2022,9:54:00 AM,666
11/10/2022,10:09:00 AM,676
11/10/2022,10:24:00 AM,686
11/10/2022,10:39:00 AM,676
11/10/2022,10:54:00 AM,681
11/10/2022,11:09:00 AM,696
11/10/2022,11:24:00 AM,681
11/10/2022,11:39:00 AM,671
11/10/2022,11:54:00 AM,666
11/10/2022,12:09:00 PM,656
11/10/2022,12:24:00 PM,671
11/10/2022,12:39:00 PM,666
11/10/2022,12:54:00 PM,661
11/10/2022,1:09:00 PM,671
11/10/2022,1:24:00 PM,641
11/10/2022,1:39:00 PM,651
11/10/2022,1:54:00 PM,646
11/10/2022,2:09:00 PM,656
11/10/2022,2:24:00 PM,636
11/10/2022,2:39:00 PM,651
11/10/2022,2:54:00 PM,641
11/10/2022,3:09:00 PM,626
11/10/2022,3:24:00 PM,631
11/10/2022,3:39:00 PM,626
11/10/2022,3:54:00 PM,666
11/10/2022,4:09:00 PM,641
11/10/2022,4:24:00 PM,641
11/10/2022,4:39:00 PM,641
11/10/2022,4:54:00 PM,641
11/10/2022,5:09:00 PM,641
11/10/2022,5:24:00 PM,626
11/10/2022,5:39:00 PM,641
11/10/2022,5:54:00 PM,646
11/10/2022,6:09:00 PM,621
11/10/2022,6:24:00 PM,621
11/10/2022,6:39:00 PM,626
11/10/2022,6:54:00 PM,646
11/10/2022,7:09:00 PM,631
11/10/2022,7:24:00 PM,661
11/10/2022,7:39:00 PM,636
11/10/2022,7:54:00 PM,636
11/10/2022,8:09:00 PM,641
11/10/2022,8:24:00 PM,646
11/10/2022,8:39:00 PM,651
11/10/2022,8:54:00 PM,641
11/10/2022,9:09:00 PM,656
11/10/2022,9:24:00 PM,646
11/10/2022,9:39:00 PM,626
11/10/2022,9:54:00 PM,646
11/10/2022,10:09:00 PM,681
11/10/2022,10:24:00 PM,641
11/10/2022,10:39:00 PM,661
11/10/2022,10:54:00 PM,676
11/10/2022,11:09:00 PM,661
11/10/2022,11:24:00 PM,671
11/10/2022,11:39:00 PM,656
11/10/2022,11:54:00 PM,656
11/11/2022,12:09:00 AM,671
11/11/2022,12:24:00 AM,671
11/11/2022,12:39:00 AM,656
11/11/2022,12:54:00 AM,676
11/11/2022,1:09:00 AM,671
11/11/2022,1:24:00 AM,686
11/11/2022,1:39:00 AM,686
11/11/2022,1:54:00 AM,656
11/11/2022,2:09:00 AM,666
11/11/2022,2:24:00 AM,666
11/11/2022,2:39:00 AM,661
11/11/2022,2:54:00 AM,651
11/11/2022,3:09:00 AM,666
11/11/2022,3:24:00 AM,671
11/11/2022,3:39:00 AM,671
11/11/2022,3:54:00 AM,646
11/11/2022,4:09:00 AM,676
11/11/2022,4:24:00 AM,676
11/11/2022,4:39:00 AM,666
11/11/2022,4:54:00 AM,671
11/11/2022,5:09:00 AM,696
11/11/2022,5:24:00 AM,671
11/11/2022,5:39:00 AM,666
11/11/2022,5:54:00 AM,671
11/11/2022,6:09:00 AM,676
11/11/2022,6:24:00 AM,656
11/11/2022,6:39:00 AM,656
11/11/2022,6:54:00 AM,661
11/11/2022,7:09:00 AM,651
11/11/2022,7:24:00 AM,671
11/11/2022,7:39:00 AM,681
11/11/2022,7:54:00 AM,646
11/11/2022,8:09:00 AM,631
11/11/2022,8:24:00 AM,656
11/11/2022,8:39:00 AM,651
11/11/2022,8:54:00 AM,636
11/11/2022,9:09:00 AM,656
11/11/2022,9:24:00 AM,661
11/11/2022,9:39:00 AM,641
11/11/2022,9:54:00 AM,646
11/11/2022,10:09:00 AM,651
11/11/2022,10:24:00 AM,656
11/11/2022,10:39:00 AM,646
11/11/2022,10:54:00 AM,641
11/11/2022,11:09:00 AM,631
11/11/2022,11:24:00 AM,641
11/11/2022,11:39:00 AM,661
11/11/2022,11:54:00 AM,636
11/11/2022,12:09:00 PM,656
11/11/2022,12:24:00 PM,646
11/11/2022,12:39:00 PM,631
11/11/2022,12:54:00 PM,646
11/11/2022,1:09:00 PM,646
11/11/2022,1:24:00 PM,631
11/11/2022,1:39:00 PM,621
11/11/2022,1:54:00 PM,631
11/11/2022,2:09:00 PM,621
11/11/2022,2:24:00 PM,631
11/11/2022,2:39:00 PM,631
11/11/2022,2:54:00 PM,606
11/11/2022,3:09:00 PM,621
11/11/2022,3:24:00 PM,626
11/11/2022,3:39:00 PM,621
11/11/2022,3:54:00 PM,601
11/11/2022,4:09:00 PM,606
11/11/2022,4:24:00 PM,616
11/11/2022,4:39:00 PM,606
11/11/2022,4:54:00 PM,606
11/11/2022,5:09:00 PM,601
11/11/2022,5:24:00 PM,621
11/11/2022,5:39:00 PM,621
11/11/2022,5:54:00 PM,636
11/11/2022,6:09:00 PM,591
11/11/2022,6:24:00 PM,626
11/11/2022,6:39:00 PM,621
11/11/2022,6:54:00 PM,621
11/11/2022,7:09:00 PM,616
11/11/2022,7:24:00 PM,621
11/11/2022,7:39:00 PM,621
11/11/2022,7:54:00 PM,616
11/11/2022,8:09:00 PM,621
11/11/2022,8:24:00 PM,621
11/11/2022,8:39:00 PM,656
11/11/2022,8:54:00 PM,631
11/11/2022,9:09:00 PM,636
11/11/2022,9:24:00 PM,661
11/11/2022,9:39:00 PM,646
11/11/2022,9:54:00 PM,661
11/11/2022,10:09:00 PM,631
11/11/2022,10:24:00 PM,631
11/11/2022,10:39:00 PM,666
11/11/2022,10:54:00 PM,641
11/11/2022,11:09:00 PM,651
11/11/2022,11:24:00 PM,641
11/11/2022,11:39:00 PM,671
11/11/2022,11:54:00 PM,656
11/12/2022,12:09:00 AM,676
11/12/2022,12:24:00 AM,671
11/12/2022,12:39:00 AM,671
11/12/2022,12:54:00 AM,671
11/12/2022,1:09:00 AM,681
11/12/2022,1:24:00 AM,671
11/12/2022,1:39:00 AM,676
11/12/2022,1:54:00 AM,701
11/12/2022,2:09:00 AM,666
11/12/2022,2:24:00 AM,681
11/12/2022,2:39:00 AM,666
11/12/2022,2:54:00 AM,691
11/12/2022,3:09:00 AM,686
11/12/2022,3:24:00 AM,686
11/12/2022,3:39:00 AM,666
11/12/2022,3:54:00 AM,671
11/12/2022,4:09:00 AM,646
11/12/2022,4:24:00 AM,651
11/12/2022,4:39:00 AM,661
11/12/2022,4:54:00 AM,646
11/12/2022,5:09:00 AM,656
11/12/2022,5:24:00 AM,621
11/12/2022,5:39:00 AM,651
11/12/2022,5:54:00 AM,666
11/12/2022,6:09:00 AM,666
11/12/2022,6:24:00 AM,656
11/12/2022,6:39:00 AM,656
11/12/2022,6:54:00 AM,646
11/12/2022,7:09:00 AM,646
11/12/2022,7:24:00 AM,661
11/12/2022,7:39:00 AM,656
11/12/2022,7:54:00 AM,656
11/12/2022,8:09:00 AM,646
11/12/2022,8:24:00 AM,661
11/12/2022,8:39:00 AM,651
11/12/2022,8:54:00 AM,646
11/12/2022,9:09:00 AM,646
11/12/2022,9:24:00 AM,616
11/12/2022,9:39:00 AM,621
11/12/2022,9:54:00 AM,646
11/12/2022,10:09:00 AM,636
11/12/2022,10:24:00 AM,641
11/12/2022,10:39:00 AM,616
11/12/2022,10:54:00 AM,641
11/12/2022,11:09:00 AM,651
11/12/2022,11:24:00 AM,641
11/12/2022,11:39:00 AM,631
11/12/2022,11:54:00 AM,601
11/12/2022,12:09:00 PM,621
11/12/2022,12:24:00 PM,651
11/12/2022,12:39:00 PM,631
11/12/2022,12:54:00 PM,626
11/12/2022,1:09:00 PM,611
11/12/2022,1:24:00 PM,616
11/12/2022,1:39:00 PM,621
11/12/2022,1:54:00 PM,611
11/12/2022,2:09:00 PM,621
11/12/2022,2:24:00 PM,616
11/12/2022,2:39:00 PM,626
11/12/2022,2:54:00 PM,616
11/12/2022,3:09:00 PM,601
11/12/2022,3:24:00 PM,601
11/12/2022,3:39:00 PM,561
11/12/2022,3:54:00 PM,581
11/12/2022,4:09:00 PM,566
11/12/2022,4:24:00 PM,561
11/12/2022,4:39:00 PM,551
11/12/2022,4:54:00 PM,571
11/12/2022,5:09:00 PM,541
11/12/2022,5:24:00 PM,561
11/12/2022,5:39:00 PM,541
11/12/2022,5:54:00 PM,551
11/12/2022,6:09:00 PM,566
11/12/2022,6:24:00 PM,561
11/12/2022,6:39:00 PM,531
11/12/2022,6:54:00 PM,561
11/12/2022,7:09:00 PM,561
11/12/2022,7:24:00 PM,556
11/12/2022,7:39:00 PM,561
11/12/2022,7:54:00 PM,556
11/12/2022,8:09:00 PM,561
11/12/2022,8:24:00 PM,561
11/12/2022,8:39:00 PM,556
11/12/2022,8:54:00 PM,556
11/12/2022,9:09:00 PM,576
11/12/2022,9:24:00 PM,571
11/12/2022,9:39:00 PM,546
11/12/2022,9:54:00 PM,546
11/12/2022,10:09:00 PM,556
11/12/2022,10:24:00 PM,556
11/12/2022,10:39:00 PM,561
11/12/2022,10:54:00 PM,531
11/12/2022,11:09:00 PM,551
11/12/2022,11:24:00 PM,536
11/12/2022,11:39:00 PM,571
11/12/2022,11:54:00 PM,561
11/13/2022,12:09:00 AM,556
11/13/2022,12:24:00 AM,561
11/13/2022,12:39:00 AM,556
11/13/2022,12:54:00 AM,561
11/13/2022,1:09:00 AM,551
11/13/2022,1:24:00 AM,541
11/13/2022,1:39:00 AM,576
11/13/2022,1:54:00 AM,561
11/13/2022,2:09:00 AM,561
11/13/2022,2:24:00 AM,546
11/13/2022,2:39:00 AM,536
11/13/2022,2:54:00 AM,551
11/13/2022,3:09:00 AM,546
11/13/2022,3:24:00 AM,561
11/13/2022,3:39:00 AM,571
11/13/2022,3:54:00 AM,566
11/13/2022,4:09:00 AM,526
11/13/2022,4:24:00 AM,541
11/13/2022,4:39:00 AM,586
11/13/2022,4:54:00 AM,556
11/13/2022,5:09:00 AM,581
11/13/2022,5:24:00 AM,571
11/13/2022,5:39:00 AM,566
11/13/2022,5:54:00 AM,581
11/13/2022,6:09:00 AM,546
11/13/2022,6:24:00 AM,551
11/13/2022,6:39:00 AM,551
11/13/2022,6:54:00 AM,546
11/13/2022,7:09:00 AM,556
11/13/2022,7:24:00 AM,556
11/13/2022,7:39:00 AM,571
11/13/2022,7:54:00 AM,596
11/13/2022,8:09:00 AM,581
11/13/2022,8:24:00 AM,581
11/13/2022,8:39:00 AM,571
11/13/2022,8:54:00 AM,566
11/13/2022,9:09:00 AM,571
11/13/2022,9:24:00 AM,581
11/13/2022,9:39:00 AM,566
11/13/2022,9:54:00 AM,576
11/13/2022,10:09:00 AM,566
11/13/2022,10:24:00 AM,566
11/13/2022,10:39:00 AM,581
11/13/2022,10:54:00 AM,586
11/13/2022,11:09:00 AM,561
11/13/2022,11:24:00 AM,576
11/13/2022,11:39:00 AM,566
11/13/2022,11:54:00 AM,571
11/13/2022,12:09:00 PM,566
11/13/2022,12:24:00 PM,576
11/13/2022,12:39:00 PM,581
11/13/2022,12:54:00 PM,556
11/13/2022,1:09:00 PM,566
11/13/2022,1:24:00 PM,546
11/13/2022,1:39:00 PM,541
11/13/2022,1:54:00 PM,516
11/13/2022,2:09:00 PM,546
11/13/2022,2:24:00 PM,566
11/13/2022,2:39:00 PM,531
11/13/2022,2:54:00 PM,526
11/13/2022,3:09:00 PM,556
11/13/2022,3:24:00 PM,546
11/13/2022,3:39:00 PM,541
11/13/2022,3:54:00 PM,531
11/13/2022,4:09:00 PM,561
11/13/2022,4:24:00 PM,556
11/13/2022,4:39:00 PM,551
11/13/2022,4:54:00 PM,546
11/13/2022,5:09:00 PM,536
11/13/2022,5:24:00 PM,531
11/13/2022,5:39:00 PM,546
11/13/2022,5:54:00 PM,551
11/13/2022,6:09:00 PM,546
11/13/2022,6:24:00 PM,536
11/13/2022,6:39:00 PM,536
11/13/2022,6:54:00 PM,551
11/13/2022,7:09:00 PM,536
11/13/2022,7:24:00 PM,556
11/13/2022,7:39:00 PM,551
11/13/2022,7:54:00 PM,556
11/13/2022,8:09:00 PM,556
11/13/2022,8:24:00 PM,566
11/13/2022,8:39:00 PM,536
11/13/2022,8:54:00 PM,536
11/13/2022,9:09:00 PM,546
11/13/2022,9:24:00 PM,546
11/13/2022,9:39:00 PM,556
11/13/2022,9:54:00 PM,561
11/13/2022,10:09:00 PM,561
11/13/2022,10:24:00 PM,556
11/13/2022,10:39:00 PM,546
11/13/2022,10:54:00 PM,561
11/13/2022,11:09:00 PM,541
11/13/2022,11:24:00 PM,571
11/13/2022,11:39:00 PM,546
11/13/2022,11:54:00 PM,556
11/14/2022,12:09:00 AM,546
11/14/2022,12:24:00 AM,581
11/14/2022,12:39:00 AM,536
11/14/2022,12:54:00 AM,576
11/14/2022,1:09:00 AM,581
11/14/2022,1:24:00 AM,571
11/14/2022,1:39:00 AM,541
11/14/2022,1:54:00 AM,571
11/14/2022,2:09:00 AM,551
11/14/2022,2:24:00 AM,571
11/14/2022,2:39:00 AM,566
11/14/2022,2:54:00 AM,551
11/14/2022,3:09:00 AM,551
11/14/2022,3:24:00 AM,561
11/14/2022,3:39:00 AM,561
11/14/2022,3:54:00 AM,556
11/14/2022,4:09:00 AM,561
11/14/2022,4:24:00 AM,576
11/14/2022,4:39:00 AM,566
11/14/2022,4:54:00 AM,541
11/14/2022,5:09:00 AM,546
11/14/2022,5:24:00 AM,556
11/14/2022,5:39:00 AM,546
11/14/2022,5:54:00 AM,551
11/14/2022,6:09:00 AM,566
11/14/2022,6:24:00 AM,556
11/14/2022,6:39:00 AM,551
11/14/2022,6:54:00 AM,561
11/14/2022,7:09:00 AM,541
11/14/2022,7:24:00 AM,556
11/14/2022,7:39:00 AM,531
11/14/2022,7:54:00 AM,556
11/14/2022,8:09:00 AM,541
11/14/2022,8:24:00 AM,546
11/14/2022,8:39:00 AM,536
11/14/2022,8:54:00 AM,551
11/14/2022,9:09:00 AM,541
11/14/2022,9:24:00 AM,526
11/14/2022,9:39:00 AM,556
11/14/2022,9:54:00 AM,531
11/14/2022,10:09:00 AM,556
11/14/2022,10:24:00 AM,561
11/14/2022,10:39:00 AM,546
11/14/2022,10:54:00 AM,551
11/14/2022,11:09:00 AM,546
11/14/2022,11:24:00 AM,521
11/14/2022,11:39:00 AM,516
11/14/2022,11:54:00 AM,521
11/14/2022,12:09:00 PM,531
11/14/2022,12:24:00 PM,536
11/14/2022,12:39:00 PM,541
11/14/2022,12:54:00 PM,531
11/14/2022,1:09:00 PM,551
11/14/2022,1:24:00 PM,521
11/14/2022,1:39:00 PM,541
11/14/2022,1:54:00 PM,526
11/14/2022,2:09:00 PM,521
11/14/2022,2:24:00 PM,501
11/14/2022,2:39:00 PM,506
11/14/2022,2:54:00 PM,516
11/14/2022,3:09:00 PM,531
11/14/2022,3:24:00 PM,526
11/14/2022,3:39:00 PM,506
11/14/2022,3:54:00 PM,496
11/14/2022,4:09:00 PM,526
11/14/2022,4:24:00 PM,516
11/14/2022,4:39:00 PM,501
11/14/2022,4:54:00 PM,506
11/14/2022,5:09:00 PM,521
11/14/2022,5:24:00 PM,486
11/14/2022,5:39:00 PM,501
11/14/2022,5:54:00 PM,516
11/14/2022,6:09:00 PM,521
11/14/2022,6:24:00 PM,516
11/14/2022,6:39:00 PM,496
11/14/2022,6:54:00 PM,516
11/14/2022,7:09:00 PM,511
11/14/2022,7:24:00 PM,511
11/14/2022,7:39:00 PM,516
11/14/2022,7:54:00 PM,531
11/14/2022,8:09:00 PM,526
11/14/2022,8:24:00 PM,506
11/14/2022,8:39:00 PM,511
11/14/2022,8:54:00 PM,516
11/14/2022,9:09:00 PM,516
11/14/2022,9:24:00 PM,526
11/14/2022,9:39:00 PM,531
11/14/2022,9:54:00 PM,521
11/14/2022,10:09:00 PM,521
11/14/2022,10:24:00 PM,501
11/14/2022,10:39:00 PM,516
11/14/2022,10:54:00 PM,516
11/14/2022,11:09:00 PM,536
11/14/2022,11:24:00 PM,521
11/14/2022,11:39:00 PM,516
11/14/2022,11:54:00 PM,516
11/15/2022,12:09:00 AM,501
11/15/2022,12:24:00 AM,531
11/15/2022,12:39:00 AM,496
11/15/2022,12:54:00 AM,526
11/15/2022,1:09:00 AM,506
11/15/2022,1:24:00 AM,506
11/15/2022,1:39:00 AM,516
11/15/2022,1:54:00 AM,511
11/15/2022,2:09:00 AM,521
11/15/2022,2:24:00 AM,521
11/15/2022,2:39:00 AM,521
11/15/2022,2:54:00 AM,511
11/15/2022,3:09:00 AM,541
11/15/2022,3:24:00 AM,516
11/15/2022,3:39:00 AM,531
11/15/2022,3:54:00 AM,531
11/15/2022,4:09:00 AM,511
11/15/2022,4:24:00 AM,516
11/15/2022,4:39:00 AM,521
11/15/2022,4:54:00 AM,516
11/15/2022,5:09:00 AM,516
11/15/2022,5:24:00 AM,546
11/15/2022,5:39:00 AM,556
11/15/2022,5:54:00 AM,556
11/15/2022,6:09:00 AM,551
11/15/2022,6:24:00 AM,531
11/15/2022,6:39:00 AM,586
11/15/2022,6:54:00 AM,576
11/15/2022,7:09:00 AM,571
11/15/2022,7:24:00 AM,576
11/15/2022,7:39:00 AM,581
11/15/2022,7:54:00 AM,596
11/15/2022,8:09:00 AM,596
11/15/2022,8:24:00 AM,591
11/15/2022,8:39:00 AM,611
11/15/2022,8:54:00 AM,606
11/15/2022,9:09:00 AM,611
11/15/2022,9:24:00 AM,596
11/15/2022,9:39:00 AM,606
11/15/2022,9:54:00 AM,611
11/15/2022,10:09:00 AM,616
11/15/2022,10:24:00 AM,606
11/15/2022,10:39:00 AM,601
11/15/2022,10:54:00 AM,601
11/15/2022,11:09:00 AM,596
11/15/2022,11:24:00 AM,591
11/15/2022,11:39:00 AM,611
11/15/2022,11:54:00 AM,646
11/15/2022,12:09:00 PM,636
11/15/2022,12:24:00 PM,621
11/15/2022,12:39:00 PM,611
11/15/2022,12:54:00 PM,641
11/15/2022,1:09:00 PM,621
11/15/2022,1:24:00 PM,616
11/15/2022,1:39:00 PM,631
11/15/2022,1:54:00 PM,611
11/15/2022,2:09:00 PM,621
11/15/2022,2:24:00 PM,621
11/15/2022,2:39:00 PM,641
11/15/2022,2:54:00 PM,616
11/15/2022,3:09:00 PM,601
11/15/2022,3:24:00 PM,621
11/15/2022,3:39:00 PM,586
11/15/2022,3:54:00 PM,606
11/15/2022,4:09:00 PM,611
11/15/2022,4:24:00 PM,611
11/15/2022,4:39:00 PM,601
11/15/2022,4:54:00 PM,586
11/15/2022,5:09:00 PM,601
11/15/2022,5:24:00 PM,591
11/15/2022,5:39:00 PM,606
11/15/2022,5:54:00 PM,616
11/15/2022,6:09:00 PM,611
11/15/2022,6:24:00 PM,616
11/15/2022,6:39:00 PM,626
11/15/2022,6:54:00 PM,606
11/15/2022,7:09:00 PM,601
11/15/2022,7:24:00 PM,591
11/15/2022,7:39:00 PM,616
11/15/2022,7:54:00 PM,611
11/15/2022,8:09:00 PM,611
11/15/2022,8:24:00 PM,626
11/15/2022,8:39:00 PM,631
11/15/2022,8:54:00 PM,636
11/15/2022,9:09:00 PM,631
11/15/2022,9:24:00 PM,626
11/15/2022,9:39:00 PM,636
11/15/2022,9:54:00 PM,661
11/15/2022,10:09:00 PM,651
11/15/2022,10:24:00 PM,631
11/15/2022,10:39:00 PM,646
11/15/2022,10:54:00 PM,646
11/15/2022,11:09:00 PM,651
11/15/2022,11:24:00 PM,666
11/15/2022,11:39:00 PM,661
11/15/2022,11:54:00 PM,636
11/16/2022,12:09:00 AM,631
11/16/2022,12:24:00 AM,586
11/16/2022,12:39:00 AM,596
11/16/2022,12:54:00 AM,566
11/16/2022,1:09:00 AM,571
11/16/2022,1:24:00 AM,571
11/16/2022,1:39:00 AM,571
11/16/2022,1:54:00 AM,546
11/16/2022,2:09:00 AM,546
11/16/2022,2:24:00 AM,551
11/16/2022,2:39:00 AM,546
11/16/2022,2:54:00 AM,571
11/16/2022,3:09:00 AM,571
11/16/2022,3:24:00 AM,586
11/16/2022,3:39:00 AM,586
11/16/2022,3:54:00 AM,571
11/16/2022,4:09:00 AM,601
11/16/2022,4:24:00 AM,581
11/16/2022,4:39:00 AM,601
11/16/2022,4:54:00 AM,611
11/16/2022,5:09:00 AM,611
11/16/2022,5:24:00 AM,601
11/16/2022,5:39:00 AM,601
11/16/2022,5:54:00 AM,601
11/16/2022,6:09:00 AM,611
11/16/2022,6:24:00 AM,591
11/16/2022,6:39:00 AM,596
11/16/2022,6:54:00 AM,566
11/16/2022,7:09:00 AM,551
11/16/2022,7:24:00 AM,576
11/16/2022,7:39:00 AM,556
11/16/2022,7:54:00 AM,536
11/16/2022,8:09:00 AM,526
11/16/2022,8:24:00 AM,546
11/16/2022,8:39:00 AM,526
11/16/2022,8:54:00 AM,516
11/16/2022,9:09:00 AM,526
11/16/2022,9:24:00 AM,531
11/16/2022,9:39:00 AM,516
11/16/2022,9:54:00 AM,516
11/16/2022,10:09:00 AM,526
11/16/2022,10:24:00 AM,526
11/16/2022,10:39:00 AM,526
11/16/2022,10:54:00 AM,511
11/16/2022,11:09:00 AM,526
11/16/2022,11:24:00 AM,526
11/16/2022,11:39:00 AM,506
11/16/2022,11:54:00 AM,516
11/16/2022,12:09:00 PM,506
11/16/2022,12:24:00 PM,516
11/16/2022,12:39:00 PM,511
11/16/2022,12:54:00 PM,521
11/16/2022,1:09:00 PM,536
11/16/2022,1:24:00 PM,496
11/16/2022,1:39:00 PM,506
11/16/2022,1:54:00 PM,506
11/16/2022,2:09:00 PM,506
11/16/2022,2:24:00 PM,476
11/16/2022,2:39:00 PM,506
11/16/2022,2:54:00 PM,491
11/16/2022,3:09:00 PM,506
11/16/2022,3:24:00 PM,506
11/16/2022,3:39:00 PM,491
11/16/2022,3:54:00 PM,491
11/16/2022,4:09:00 PM,481
11/16/2022,4:24:00 PM,476
11/16/2022,4:39:00 PM,486
11/16/2022,4:54:00 PM,481
11/16/2022,5:09:00 PM,506
11/16/2022,5:24:00 PM,496
11/16/2022,5:39:00 PM,511
11/16/2022,5:54:00 PM,506
11/16/2022,6:09:00 PM,501
11/16/2022,6:24:00 PM,506
11/16/2022,6:39:00 PM,526
11/16/2022,6:54:00 PM,531
11/16/2022,7:09:00 PM,516
11/16/2022,7:24:00 PM,531
11/16/2022,7:39:00 PM,541
11/16/2022,7:54:00 PM,521
11/16/2022,8:09:00 PM,531
11/16/2022,8:24:00 PM,556
11/16/2022,8:39:00 PM,551
11/16/2022,8:54:00 PM,546
11/16/2022,9:09:00 PM,536
11/16/2022,9:24:00 PM,526
11/16/2022,9:39:00 PM,561
11/16/2022,9:54:00 PM,556
11/16/2022,10:09:00 PM,556
11/16/2022,10:24:00 PM,536
11/16/2022,10:39:00 PM,556
11/16/2022,10:54:00 PM,541
11/16/2022,11:09:00 PM,531
11/16/2022,11:24:00 PM,521
11/16/2022,11:39:00 PM,531
11/16/2022,11:54:00 PM,526
11/17/2022,12:09:00 AM,541
11/17/2022,12:24:00 AM,536
11/17/2022,12:39:00 AM,531
11/17/2022,12:54:00 AM,536
11/17/2022,1:09:00 AM,536
11/17/2022,1:24:00 AM,546
11/17/2022,1:39:00 AM,536
11/17/2022,1:54:00 AM,541
11/17/2022,2:09:00 AM,561
11/17/2022,2:24:00 AM,546
11/17/2022,2:39:00 AM,541
11/17/2022,2:54:00 AM,561
11/17/2022,3:09:00 AM,571
11/17/2022,3:24:00 AM,566
11/17/2022,3:39:00 AM,556
11/17/2022,3:54:00 AM,551
11/17/2022,4:09:00 AM,576
11/17/2022,4:24:00 AM,571
11/17/2022,4:39:00 AM,556
11/17/2022,4:54:00 AM,561
11/17/2022,5:09:00 AM,561
11/17/2022,5:24:00 AM,571
11/17/2022,5:39:00 AM,581
11/17/2022,5:54:00 AM,561
11/17/2022,6:09:00 AM,566
11/17/2022,6:24:00 AM,556
11/17/2022,6:39:00 AM,571
11/17/2022,6:54:00 AM,586
11/17/2022,7:09:00 AM,571
11/17/2022,7:24:00 AM,546
11/17/2022,7:39:00 AM,571
11/17/2022,7:54:00 AM,566
11/17/2022,8:09:00 AM,556
11/17/2022,8:24:00 AM,566
11/17/2022,8:39:00 AM,566
11/17/2022,8:54:00 AM,556
11/17/2022,9:09:00 AM,576
11/17/2022,9:24:00 AM,586
11/17/2022,9:39:00 AM,556
11/17/2022,9:54:00 AM,571
11/17/2022,10:09:00 AM,571
11/17/2022,10:24:00 AM,561
11/17/2022,10:39:00 AM,571
11/17/2022,10:54:00 AM,571
11/17/2022,11:09:00 AM,576
11/17/2022,11:24:00 AM,576
11/17/2022,11:39:00 AM,566
11/17/2022,11:54:00 AM,571
11/17/2022,12:09:00 PM,581
11/17/2022,12:24:00 PM,566
11/17/2022,12:39:00 PM,581
11/17/2022,12:54:00 PM,566
11/17/2022,1:09:00 PM,561
11/17/2022,1:24:00 PM,566
11/17/2022,1:39:00 PM,591
11/17/2022,1:54:00 PM,586
11/17/2022,2:09:00 PM,576
11/17/2022,2:24:00 PM,586
11/17/2022,2:39:00 PM,581
11/17/2022,2:54:00 PM,586
11/17/2022,3:09:00 PM,601
11/17/2022,3:24:00 PM,601
11/17/2022,3:39:00 PM,596
11/17/2022,3:54:00 PM,611
11/17/2022,4:09:00 PM,601
11/17/2022,4:24:00 PM,601
11/17/2022,4:39:00 PM,611
11/17/2022,4:54:00 PM,611
11/17/2022,5:09:00 PM,601
11/17/2022,5:24:00 PM,596
11/17/2022,5:39:00 PM,591
11/17/2022,5:54:00 PM,636
11/17/2022,6:09:00 PM,631
11/17/2022,6:24:00 PM,636
11/17/2022,6:39:00 PM,626
11/17/2022,6:54:00 PM,611
11/17/2022,7:09:00 PM,616
11/17/2022,7:24:00 PM,636
11/17/2022,7:39:00 PM,636
11/17/2022,7:54:00 PM,646
11/17/2022,8:09:00 PM,626
11/17/2022,8:24:00 PM,636
11/17/2022,8:39:00 PM,636
11/17/2022,8:54:00 PM,636
11/17/2022,9:09:00 PM,661
11/17/2022,9:24:00 PM,611
11/17/2022,9:39:00 PM,631
11/17/2022,9:54:00 PM,626
11/17/2022,10:09:00 PM,641
11/17/2022,10:24:00 PM,626
11/17/2022,10:39:00 PM,641
11/17/2022,10:54:00 PM,636
11/17/2022,11:09:00 PM,661
11/17/2022,11:24:00 PM,651
11/17/2022,11:39:00 PM,656
11/17/2022,11:54:00 PM,641
11/18/2022,12:09:00 AM,651
11/18/2022,12:24:00 AM,661
11/18/2022,12:39:00 AM,671
11/18/2022,12:54:00 AM,671
11/18/2022,1:09:00 AM,661
11/18/2022,1:24:00 AM,661
11/18/2022,1:39:00 AM,656
11/18/2022,1:54:00 AM,656
11/18/2022,2:09:00 AM,636
11/18/2022,2:24:00 AM,676
11/18/2022,2:39:00 AM,661
11/18/2022,2:54:00 AM,666
11/18/2022,3:09:00 AM,656
11/18/2022,3:24:00 AM,656
11/18/2022,3:39:00 AM,661
11/18/2022,3:54:00 AM,661
11/18/2022,4:09:00 AM,666
11/18/2022,4:24:00 AM,661
11/18/2022,4:39:00 AM,661
11/18/2022,4:54:00 AM,651
11/18/2022,5:09:00 AM,696
11/18/2022,5:24:00 AM,666
11/18/2022,5:39:00 AM,666
11/18/2022,5:54:00 AM,671
11/18/2022,6:09:00 AM,666
11/18/2022,6:24:00 AM,681
11/18/2022,6:39:00 AM,656
11/18/2022,6:54:00 AM,671
11/18/2022,7:09:00 AM,686
11/18/2022,7:24:00 AM,681
11/18/2022,7:39:00 AM,666
11/18/2022,7:54:00 AM,651
11/18/2022,8:09:00 AM,656
11/18/2022,8:24:00 AM,691
11/18/2022,8:39:00 AM,671
11/18/2022,8:54:00 AM,656
11/18/2022,9:09:00 AM,656
11/18/2022,9:24:00 AM,661
11/18/2022,9:39:00 AM,676
11/18/2022,9:54:00 AM,696
11/18/2022,10:09:00 AM,681
11/18/2022,10:24:00 AM,691
11/18/2022,10:39:00 AM,696
11/18/2022,10:54:00 AM,691
11/18/2022,11:09:00 AM,651
11/18/2022,11:24:00 AM,691
11/18/2022,11:39:00 AM,676
11/18/2022,11:54:00 AM,681
11/18/2022,12:09:00 PM,651
11/18/2022,12:24:00 PM,661
11/18/2022,12:39:00 PM,666
11/18/2022,12:54:00 PM,686
11/18/2022,1:09:00 PM,666
11/18/2022,1:24:00 PM,696
11/18/2022,1:39:00 PM,681
11/18/2022,1:54:00 PM,666
11/18/2022,2:09:00 PM,656
11/18/2022,2:24:00 PM,661
11/18/2022,2:39:00 PM,656
11/18/2022,2:54:00 PM,646
11/18/2022,3:09:00 PM,656
11/18/2022,3:24:00 PM,661
11/18/2022,3:39:00 PM,656
11/18/2022,3:54:00 PM,681
11/18/2022,4:09:00 PM,661
11/18/2022,4:24:00 PM,646
11/18/2022,4:39:00 PM,651
11/18/2022,4:54:00 PM,681
11/18/2022,5:09:00 PM,666
11/18/2022,5:24:00 PM,651
11/18/2022,5:39:00 PM,656
11/18/2022,5:54:00 PM,691
11/18/2022,6:09:00 PM,681
11/18/2022,6:24:00 PM,671
11/18/2022,6:39:00 PM,661
11/18/2022,6:54:00 PM,671
11/18/2022,7:09:00 PM,646
11/18/2022,7:24:00 PM,676
11/18/2022,7:39:00 PM,686
11/18/2022,7:54:00 PM,671
11/18/2022,8:09:00 PM,686
11/18/2022,8:24:00 PM,706
11/18/2022,8:39:00 PM,686
11/18/2022,8:54:00 PM,686
11/18/2022,9:09:00 PM,686
11/18/2022,9:24:00 PM,676
11/18/2022,9:39:00 PM,686
11/18/2022,9:54:00 PM,691
11/18/2022,10:09:00 PM,676
11/18/2022,10:24:00 PM,686
11/18/2022,10:39:00 PM,706
11/18/2022,10:54:00 PM,696
11/18/2022,11:09:00 PM,661
11/18/2022,11:24:00 PM,696
11/18/2022,11:39:00 PM,681
11/18/2022,11:54:00 PM,686
11/19/2022,12:09:00 AM,701
11/19/2022,12:24:00 AM,701
11/19/2022,12:39:00 AM,711
11/19/2022,12:54:00 AM,666
11/19/2022,1:09:00 AM,691
11/19/2022,1:24:00 AM,666
11/19/2022,1:39:00 AM,686
11/19/2022,1:54:00 AM,686
11/19/2022,2:09:00 AM,676
11/19/2022,2:24:00 AM,696
11/19/2022,2:39:00 AM,686
11/19/2022,2:54:00 AM,691
11/19/2022,3:09:00 AM,676
11/19/2022,3:24:00 AM,676
11/19/2022,3:39:00 AM,686
11/19/2022,3:54:00 AM,696
11/19/2022,4:09:00 AM,691
11/19/2022,4:24:00 AM,691
11/19/2022,4:39:00 AM,696
11/19/2022,4:54:00 AM,681
11/19/2022,5:09:00 AM,686
11/19/2022,5:24:00 AM,696
11/19/2022,5:39:00 AM,706
11/19/2022,5:54:00 AM,706
11/19/2022,6:09:00 AM,676
11/19/2022,6:24:00 AM,696
11/19/2022,6:39:00 AM,696
11/19/2022,6:54:00 AM,691
11/19/2022,7:09:00 AM,676
11/19/2022,7:24:00 AM,676
11/19/2022,7:39:00 AM,706
11/19/2022,7:54:00 AM,686
11/19/2022,8:09:00 AM,691
11/19/2022,8:24:00 AM,701
11/19/2022,8:39:00 AM,691
11/19/2022,8:54:00 AM,716
11/19/2022,9:09:00 AM,681
11/19/2022,9:24:00 AM,676
11/19/2022,9:39:00 AM,686
11/19/2022,9:54:00 AM,721
11/19/2022,10:09:00 AM,676
11/19/2022,10:24:00 AM,20
11/19/2022,10:39:00 AM,696